:020000040800F2
:1000000000000120950100089D9E00089D9E0008AB
:100010009D9E00089D9E00089D9E00080000000017
:100020000000000000000000000000009D9E00088D
:100030009D9E0008000000009D9E0008C3E8000887
:100040009D9E00089D9E00089D9E00089D9E0008A4
:100050009D9E00089D9E000851E9000857E9000890
:100060005DE9000863E9000869E900089D9E000851
:100070009D9E00089D9E00089D9E00089D9E000874
:100080009D9E00089D9E00089D9E000800000000A7
:100090000000000000000000000000006FE9000800
:1000A00051960008C995000865960008ED9500086E
:1000B0000196000815960008299600089D9E0008E4
:1000C0009D9E00089D9E00089D9E00089D9E000824
:1000D0009D9E0008C1F40008D9F40008000000004B
:1000E00085E900089D9E0008F9B0000800000000A6
:1000F0000000000000000000000000009D9E0008BD
:10010000000000009D9E00083D9600089D9E00088E
:1001100000000000000000000000000000000000DF
:100120009D9E00089D9E00089D9E00089D9E0008C3
:100130009D9E00080000000000000000000000007C
:10014000000000000000000000000000EDB000080A
:100150009D9E00089D9E00089D9E0008F1F40008E9
:100160009D9E00089D9E0008000000000000000009
:10017000000000000000000000000000000000007F
:10018000000000009D9E000800000000000000002C
:040190009D9E000828
:1001940017481849026800608A421BD0DFF858D01B
:1001A400002103E0154B5B58435004311448154BB0
:1001B40042189A42F6D3144A02E0002342F8043B60
:1001C400124B9A42F9D30EF09DFD29F023FF09F05A
:1001D40032FE70470E484FF4804101600D484FF0E5
:1001E400010101600C48D0F800D0406800470000CD
:1001F400F0FF0020EFBEADDE00000120540B030829
:10020400000000209C040020A004002010670020AF
:0C02140044380240003801400000FF1F89
:1080000081F0004102E000BF83F0004330B54FEA49
:1080100041044FEA430594EA050F08BF90EA020FB6
:108020001FBF54EA000C55EA020C7FEA645C7FEA49
:10803000655C00F0E2804FEA5454D4EB5555B8BF6C
:108040006D420CDD2C4480EA020281EA030382EADD
:10805000000083EA010180EA020281EA0303362D6F
:1080600088BF30BD11F0004F4FEA01314FF4801C42
:108070004CEA113102D0404261EB410113F0004F54
:108080004FEA03334CEA133302D0524263EB43030B
:1080900094EA050F00F0A780A4F10104D5F1200EA9
:1080A0000DDB02FA0EFC22FA05F2801841F1000104
:1080B00003FA0EF2801843FA05F359410EE0A5F1D8
:1080C00020050EF1200E012A03FA0EFC28BF4CF009
:1080D000020C43FA05F3C01851EBE37101F00045BF
:1080E00007D54FF0000EDCF1000C7EEB00006EEBCC
:1080F0000101B1F5801F1BD3B1F5001F0CD3490856
:108100005FEA30004FEA3C0C04F101044FEA4452AC
:1081100012F5800F80F09A80BCF1004F08BF5FEA33
:10812000500C50F1000041EB045141EA050130BD13
:108130005FEA4C0C404141EB0101013C28BFB1F525
:10814000801FE9D291F0000F04BF01460020B1FA70
:1081500081F308BF2033A3F10B03B3F120020CDA43
:108160000C3208DD02F1140CC2F10C0201FA0CF021
:1081700021FA02F10CE002F11402D8BFC2F1200C86
:1081800001FA02F120FA0CFCDCBF41EA0C0190403C
:10819000E41AA2BF01EB0451294330BD6FEA040485
:1081A0001F3C1CDA0C340EDC04F11404C4F1200270
:1081B00020FA04F001FA02F340EA030021FA04F382
:1081C00045EA030130BDC4F10C04C4F1200220FAD9
:1081D00002F001FA04F340EA0300294630BD21FA17
:1081E00004F0294630BD94F0000F83F4801306BFDD
:1081F00081F480110134013D4EE77FEA645C18BFD1
:108200007FEA655C29D094EA050F08BF90EA020F67
:1082100005D054EA000C04BF1946104630BD91EA5F
:10822000030F1EBF0021002030BD5FEA545C05D162
:108230004000494128BF41F0004130BD14F58004A1
:108240003CBF01F5801130BD01F0004545F0FE4115
:1082500041F470014FF0000030BD7FEA645C1ABF4A
:10826000194610467FEA655C1CBF0B46024650EA81
:10827000013406BF52EA033591EA030F41F40021AD
:1082800030BD00BF90F0000F04BF0021704730B533
:108290004FF4806404F132044FF000054FF0000108
:1082A00050E700BF90F0000F04BF0021704730B5C9
:1082B0004FF4806404F1320410F0004548BF40429E
:1082C0004FF000013EE700BF42004FEAE2014FEAF3
:1082D00031014FEA02701FBF12F07F4393F07F4FCE
:1082E00081F06051704732F07F4208BF704793F0D1
:1082F0007F4F04BF41F40021704730B54FF46074E4
:1083000001F0004521F000411CE700BF50EA0102E6
:1083100008BF704730B54FF000050AE050EA01028F
:1083200008BF704730B511F0004502D5404261EBFF
:1083300041014FF4806404F132045FEA915C3FF440
:10834000D8AE4FF003025FEADC0C18BF03325FEADD
:10835000DC0C18BF033202EBDC02C2F1200300FA8E
:1083600003FC20FA02F001FA03FE40EA0E0021FAB3
:1083700002F11444BDE600BF70B54FF0FF0C4CF4A1
:10838000E06C1CEA11541DBF1CEA135594EA0C0F53
:1083900095EA0C0F00F0DEF82C4481EA030621EA8E
:1083A0004C5123EA4C5350EA013518BF52EA0335C9
:1083B00041F4801143F4801338D0A0FB02CE4FF07B
:1083C0000005E1FB02E506F00042E0FB03E54FF0AB
:1083D0000006E1FB03569CF0000F18BF4EF0010EA3
:1083E000A4F1FF04B6F5007F64F5407404D25FEA9F
:1083F0004E0E6D4146EB060642EAC62141EA555152
:108400004FEAC52040EA5E504FEACE2EB4F1FD0C93
:1084100088BFBCF5E06F1ED8BEF1004F08BF5FEA11
:10842000500E50F1000041EB045170BD06F00046C3
:1084300046EA010140EA020081EA0301B4EB5C0470
:10844000C2BFD4EB0C0541EA045170BD41F4801168
:108450004FF0000E013C00F3AB8014F1360FDEBF8D
:10846000002001F0004170BDC4F10004203C35DA69
:108470000C341BDC04F11404C4F1200500FA05F3EC
:1084800020FA04F001FA05F240EA020001F000428D
:1084900021F0004110EBD37021FA04F642EB060103
:1084A0005EEA430E08BF20EAD37070BDC4F10C042D
:1084B000C4F1200500FA04F320FA05F001FA04F2F1
:1084C00040EA020001F0004110EBD37041F10001DD
:1084D0005EEA430E08BF20EAD37070BDC4F12005E8
:1084E00000FA05F24EEA020E20FA04F301FA05F250
:1084F00043EA020321FA04F001F0004121FA04F2F8
:1085000020EA020000EBD3705EEA430E08BF20EAC7
:10851000D37070BD94F0000F0FD101F00046400001
:1085200041EB010111F4801F08BF013CF7D041EA83
:10853000060195F0000F18BF704703F00046520087
:1085400043EB030313F4801F08BF013DF7D043EA58
:108550000603704794EA0C0F0CEA135518BF95EA0E
:108560000C0F0CD050EA410618BF52EA4306D1D195
:1085700081EA030101F000414FF0000070BD50EAB4
:10858000410606BF1046194652EA430619D094EA3E
:108590000C0F02D150EA013613D195EA0C0F05D128
:1085A00052EA03361CBF104619460AD181EA03017C
:1085B00001F0004141F0FE4141F470014FF0000034
:1085C00070BD41F0FE4141F4780170BD70B54FF0CF
:1085D000FF0C4CF4E06C1CEA11541DBF1CEA13554F
:1085E00094EA0C0F95EA0C0F00F0A7F8A4EB050431
:1085F00081EA030E52EA03354FEA013100F0888028
:108600004FEA03334FF0805545EA131343EA1263F0
:108610004FEA022245EA111545EA10654FEA0026A5
:108620000EF000419D4208BF964244F1FD0404F55E
:10863000407402D25B084FEA3202B61A65EB0305BA
:108640005B084FEA32024FF480104FF4002CB6EB77
:10865000020E75EB030E22BFB61A754640EA0C00F7
:108660005B084FEA3202B6EB020E75EB030E22BF37
:10867000B61A754640EA5C005B084FEA3202B6EB78
:10868000020E75EB030E22BFB61A754640EA9C0037
:108690005B084FEA3202B6EB020E75EB030E22BF07
:1086A000B61A754640EADC0055EA060E18D04FEAC5
:1086B000051545EA16754FEA06164FEAC30343EA65
:1086C00052734FEAC2025FEA1C1CC0D111F4801F32
:1086D0000BD141EA00014FF000004FF0004CB6E72B
:1086E00011F4801F04BF01430020B4F1FD0C88BFCA
:1086F000BCF5E06F3FF6AFAEB5EB030C04BFB6EBD5
:10870000020C5FEA500C50F1000041EB045170BDC7
:108710000EF0004E4EEA113114EB5C04C2BFD4EBF4
:108720000C0541EA045170BD41F480114FF0000E78
:10873000013C90E645EA060E8DE60CEA135594EAF4
:108740000C0F08BF95EA0C0F3FF43BAF94EA0C0FF7
:108750000AD150EA01347FF434AF95EA0C0F7FF46C
:1087600025AF104619462CE795EA0C0F06D152EAC0
:1087700003353FF4FDAE1046194622E750EA4106A4
:1087800018BF52EA43067FF4C5AE50EA41047FF4B5
:108790000DAF52EA43057FF4EBAE12E74FF0FF3C1A
:1087A00006E000BF4FF0010C02E000BF4FF0010CEB
:1087B0004DF804CD4FEA410C7FEA6C5C4FEA430C64
:1087C00018BF7FEA6C5C1BD001B050EA410C0CBFB3
:1087D00052EA430C91EA030F02BF90EA020F002015
:1087E000704710F1000F91EA030F58BF994208BF7C
:1087F00090422CBFD8176FEAE37040F00100704739
:108800004FEA410C7FEA6C5C02D150EA013C07D18F
:108810004FEA430C7FEA6C5CD6D152EA033CD3D0DA
:108820005DF8040B704700BF8446104662468C46D4
:108830001946634600E000BF01B5FFF7B7FF002807
:1088400048BF10F1000F01BD4DF808EDFFF7F4FF30
:108850000CBF012000205DF808FB00BF4DF808EDBB
:10886000FFF7EAFF34BF012000205DF808FB00BFDE
:108870004DF808EDFFF7E0FF94BF012000205DF800
:1088800008FB00BF4DF808EDFFF7CEFF94BF0120B5
:1088900000205DF808FB00BF4DF808EDFFF7C4FFAE
:1088A00034BF012000205DF808FB00BF4FEA410CF7
:1088B0007FEA6C5C02D150EA013C0AD14FEA430CDA
:1088C0007FEA6C5C02D152EA033C02D14FF0000017
:1088D00070474FF0010070474FEA410212F5001255
:1088E00015D211D56FF47873B3EB625212D94FEAF7
:1088F000C12343F0004343EA505311F0004F23FAE1
:1089000002F018BF404270474FF00000704750EA35
:10891000013005D111F0004008BF6FF000407047F2
:108920004FF00000704700BF4A0011D212F500124C
:1089300011D20DD56FF47873B3EB62520ED44FEAB7
:10894000C12343F0004343EA505323FA02F0704737
:108950004FF00000704750EA013002D14FF0FF3075
:1089600070474FF0000070474FEA4102B2F1E04318
:1089700024BFB3F5001CDCF1FE5C0DD901F0004C06
:108980004FEAC0024CEA5070B2F1004F40EB830056
:1089900008BF20F00100704711F0804F21D113F182
:1089A0003872BCBF01F00040704741F480114FEABB
:1089B0005252C2F11802C2F1200C10FA0CF320FA44
:1089C00002F018BF40F001004FEAC1234FEAD32361
:1089D00003FA0CFC40EA0C0023FA02F34FEA4303CB
:1089E000CCE77FEA625307D150EA01331EBF4FF054
:1089F000FE4040F44000704701F0004040F0FE406F
:108A000040F40000704700BF53B94AB9002908BFBD
:108A100000281CBF4FF0FF314FF0FF3000F00CB8C2
:108A2000ADF1080C6DE904CE20F088F8DDF804E023
:108A3000DDE9022304B07047704700BF034613F816
:108A4000012B002AFBD1181A0138704700000000E2
:108A500001F0FF01102A2BDB10F0070F08D010F8EF
:108A6000013B013A8B422DD010F0070F42B3F6D1F3
:108A7000F0B441EA012141EA014122F007047FF00C
:108A800000070023F0E80256083C85EA010586EA63
:108A9000010685FA47F5A3FA87F586FA47F6A5FA9F
:108AA00087F68EB9EED1F0BC01F0FF0102F00702AB
:108AB00032B110F8013B013A83EA010313B1F8D156
:108AC0000020704701387047002D06BF3546033837
:108AD000073815F0010F07D1013015F4807F02BF70
:108AE000013015F4C03F0130F0BC0138704700BFC1
:108AF00010B5054C237833B9044B13B10448AFF3D8
:108B000000800123237010BDA0040020000000009D
:108B100034CB020808B5034B1BB103490348AFF33C
:108B2000008008BD00000000A404002034CB02082F
:108B300010B594B0204B002101911A6C42F0805284
:108B40001A641B6C1D4A03F080530193019B029130
:108B5000136823F4404343F400431360136803F4A1
:108B600040430293029B01224FF48033CDE9082356
:108B700002244FF48003CDE90E4308214FF4A8737B
:108B80000420CDE910130723CDE9120308A803F050
:108B9000DFFE00B1FEE70F23CDE903344FF480532D
:108BA000CDE906300590214603A804F0A7F800B1EE
:108BB000FEE714B010BD00BF003802400070004056
:108BC000074B084A1A60BFF34F8F0749074BCA6823
:108BD00002F4E0621343CB60BFF34F8F00BFFDE7A9
:108BE000F0FF0020EFBEADDE00ED00E00400FA056E
:108BF000B0F86230013303F03F03A0F86230B0F800
:108C00006230B0F85E009BB298424FF0FF3018BF60
:108C100000207047B0F8F430B0F8F000181A00F0F7
:108C20003F007047B0F8F430B0F8F0209BB29342A8
:108C30001ABFD0F8E830985C4FF0FF30704713B59A
:108C40000DF10701044606F061FB90B9B4F86030FD
:108C5000B4F85C20013303F03F03934209D0B4F829
:108C60006020616D9DF8070092B29BB28854A4F811
:108C7000603002B010BD0000012370B50374B0F97C
:108C8000E230013304460E4600F1940508D190F815
:108C9000F8302BB1002380F8F830284606F09CFB12
:108CA000B4F8F2104B1C03F03F03B4F8F62092B274
:108CB0009342FAD0D4F8EC2028465654A4F8F23067
:108CC00006F012FB18B90349284606F061FB0120A3
:108CD00070BD00BFF18B0008037C33B1B0F8F22007
:108CE000B0F8F6309BB29A42FAD1704700F1110306
:108CF000914208BF4FF0FF31A0F8E020C0F8E83003
:108D000000F151020023A0F8F430C0E93B23A0F8A1
:108D1000E210A0F8F630704770B54FF47A7316463B
:108D20000022C0E90123164B03604FF6FF73A0F841
:108D3000E230144B984204460D4614D1124B9A8AE5
:108D4000A0F8E2205B8AA0F8E030012E04BF4FF6C5
:108D5000FF73A4F8E2302046B4F9E020B4F9E21041
:108D6000FFF7C4FF70BD0949284605F069FF0849AF
:108D7000A4F8E200284605F063FFA4F8E000E4E769
:108D800068D10208BC04002078D00208A0CF0208F5
:108D9000E8CF020838B50546044655F8943B5B69B0
:108DA0009847284606F046FAB4F8F030A4F8F430B4
:108DB00038BDB0F9E230013310B504460ED1036876
:108DC0005B69984794F8F83043B9012384F8F83088
:108DD00004F19400BDE8104006F00EBB10BD000089
:108DE00002F00703023BDBB2042B2DE9F7430E46EA
:108DF000C0F8FC1098BF1F4980F8F92098BFCC5CE0
:108E000002F0300388BF0024302B054626D1013400
:108E10004FF4C06712F0080F14BF4FF400594FF021
:108E20000009082C21D0092C21D013484FF4C1711E
:108E300005F026FF05F1940831463B4622464046A0
:108E4000CDF8009006F0F2F92846FFF7B2FF0B4983
:108E5000404603B0BDE8F04306F074BA12F02007B4
:108E60001CBF01344FF48067D4E70024E2E74FF4DD
:108E70008054DFE759D10208FCD002083F8C00087B
:108E800010B50446FFF795FFB4F8F420B4F8F030BD
:108E900092B29A421FBFD4F8E820D05C013303F0AD
:108EA0003F0314BFA4F8F0304FF0FF3010BD0000B6
:108EB000024903480022FFF72FBF00BF0010014006
:108EC000BC040020836810B504462BB10322014680
:108ED00098470023C4E90233204610BD836810B5CB
:108EE000044613B1032201469847204610BD4B1E8D
:108EF000032B9ABF880004384FF0FF307047000002
:108F00000139435C2BB1022907D8054B33F8110016
:108F10007047032901D8034BF8E74FF0FF30704743
:108F2000E4D10208EAD102082DE9F04104460F46D7
:108F3000FFF7DDFF431C054604D13F4840F24D11C9
:108F400005F09EFE7E1E032E28D83C4B13F80680AB
:108F500039462046FFF7D4FF013004D1364840F2AD
:108F6000571105F08DFE04EB07175837BB683BB16E
:108F700023696FEA08021A61DA6842EA0802DA60D5
:108F800004EB46039B88013B0B2B4BD8DFE803F037
:108F90001B1B1B1B0E0E1B1B4C4C4C2826484FF456
:108FA000A9714FF0FF3805F06BFED1E7A35D04F126
:108FB000100029461BB1BDE8F04104F055BBBDE8E7
:108FC000F04104F019BBA35D04F1100029461BB168
:108FD000BDE8F04104F032BBBDE8F04104F0F0BA66
:108FE000294604F1100004F009FB032E98BF144B2E
:108FF000256994BF9A574FF0FF3211462046FFF77C
:109000007FFF2B6A1843BB6828625BB1013A032AD1
:109010009ABF0A4B9A5C4FF0FF32D3432B61EB6847
:109020001343EB60BDE8F081294604F11000BDE870
:10903000F04104F0E3BA00BF88D10208F2D102087F
:10904000F6D10208036E10B5044653B150F8103F34
:109050006FF001021A61DA6842F00102DA6003F08F
:10906000FDFF20460121FFF75FFF20460221FFF7A9
:109070005BFF20460321FFF757FF20460421BDE890
:109080001040FFF751BF0369013999627047000032
:109090002DE9F0418CB00E46044690461F46FFF77E
:1090A00026FF411C054604D14B4840F24D2105F0F6
:1090B000E7FD013E04EB4603A3F804804FF6FF737F
:1090C00005932369D5B95B6B069300204FF6FF72B9
:1090D0000123CDE90900CDE90123CDE90300079083
:1090E00008900B90B8F10C0F1ED8DFE808F01010B4
:1090F00016323537404244464E515300042D01D1BB
:109100009B6BE1E7082D0CBFDB6B1B6CDCE705906C
:109110002A4605A904F1100004E0102305932A460D
:1091200005A9E01804F0F6F87B1C0FD0384605F0CE
:1091300055FAA8424AD12949384605F04FFD27493A
:10914000384605F08FFDC0F30050A0550CB0BDE8C7
:10915000F08120230593DBE73023FBE760232A46D9
:1091600005A904F11000059304F000F9DCE7702371
:10917000F5E75023EEE74023ECE701902A4601A9EA
:1091800004F1100004F084F9CEE702230193F5E71F
:109190000A23FBE704F1100801A901902A46404682
:1091A00004F076F9032E9ABF0D4B99574FF0FF311B
:1091B00004EB41030C225A8020460223CDE90133FF
:1091C000FFF795FE01A902464046DBE7024840F260
:1091D000B72105F055FDB2E788D1020864CC02083A
:1091E000F6D10208013903299ABF00EB41008088BB
:1091F0000020704703691A6819B142F080021A60B2
:10920000704722F08002FAE7F8B504460E4615468C
:10921000006905F087FE2A46314602F051FC2069BC
:1092200005F0BEFE0746206905F07CFE874206D0A9
:10923000206905F0B5FE2A46314602F041FCC4E93A
:109240001465F8BD0269D36823F00103D360583078
:10925000FFF738BE006E003818BF012070470121AB
:10926000103003F00DBF0000164A904203461BD099
:10927000B0F1804F1AD0A2F57C42904218D002F58E
:109280008062904216D002F58062904214D04FF670
:10929000FF700D4A934211D00C4A934210D00C4AF1
:1092A000934208BF072070470020F2E70120F0E753
:1092B0000220F1E70320F2E7042070470520704701
:1092C000062070470000014000400140004401407A
:1092D00000480140014670B5044651F8100FFFF7F1
:1092E000C3FF0546084605F0C7FD094A002342F8BA
:1092F000253004F15806E36004F1A805B54204D016
:10930000103D2846FFF7EAFDF8E7204670BD00BF94
:10931000BC050020F8B5002303660367C0F8803061
:10932000C0F89030C0F8A030044608460D46FFF75C
:109330009BFF4FF6FF739842064603D11E482F212C
:1093400005F09EFC1D4A256104F10C0342F826300D
:1093500000230D2204F11006C4E90C33C4E90E33D6
:10936000C4E91033C4E9142384F82C30A36484F8CE
:109370004C3084F84D30E460304605F0EDFC04F1EB
:10938000580504F1A80728461035FFF79BFDBD429C
:10939000F9D100234FF6FF72C4E90033C4E9063265
:1093A000C4E90833A36063618023A362304603F0FD
:1093B0006BFF2046F8BD00BF88D10208BC05002025
:1093C00030B58DB014220446002102A820F08EFE94
:1093D000002501A902A8019503F052FD206905F0BE
:1093E00047FE012808D0022821D01B4840F2FF4147
:1093F00005F046FC2C4603E0059D03F021FD0446E4
:109400001422002107A820F071FE07A803F056FDE2
:109410009DF82C30012B10D125F48065B5F5C05F87
:1094200009D003F007FD044620460DB030BD069D6F
:1094300003F016FDE3E7A400F6E7B5F5C05F05D03D
:1094400006D825F48065B5F5805FEDD16400EBE7C3
:10945000B5F5E05FF9E700BF88D10208012A38B509
:1094600005460C4607D0022A12D004B1013C2B69F4
:10947000DC62EC6138BDFFF7A3FF0849B0FBF1F0F7
:1094800044432B69210C99620131B4FBF1F4ECE700
:10949000FFF796FFB0FBF4F4F3E700BF40420F0084
:1094A000036970B55C6A9D6A012905F1010503D065
:1094B00002291CD0204670BDFFF782FF064604FB40
:1094C00005F0FEF7DFFE0EA3D3E90023FEF754FFFD
:1094D000044630460D46FEF7D5FE02460B462046B2
:1094E0002946FFF773F8FFF71FFA0446E2E7FFF794
:1094F00067FF6C43B0FBF4F4DCE700BFAFF3008020
:109500000000000080842E412DE9F04180461D4678
:109510001446FFF7ECFCD8F810309E6A431C07464F
:1095200006F1010604D1264840F2F62105F0A8FB19
:10953000822D34D01ED8102D0BD865B1D8F810303C
:10954000DA6A02FB04420124AC40013CB2FBF4F4B1
:1095500001E0812D19D0D8F81030DA6A4FF6FF718A
:109560008A4203D1B4F5803F08BF1446F7B95C6363
:10957000BDE8F081832DEED1D8F81030DA6A02FB15
:1095800004446422B4FBF2F4E5E74046FFF718FF19
:109590000C4AB0FBF2F04443B4FBF6F4DBE7404680
:1095A000FFF70EFF7443B0FBF4F4D4E7042F01D1AE
:1095B0009C63DDE7082F0CBFDC631C64D8E700BFA9
:1095C00088D1020840420F0010B5074C206810B146
:1095D000043003F069FDA06920B1BDE810400430FB
:1095E00003F062BD10BD00BFBC050020034B18682E
:1095F00010B1043003F058BD704700BFBC05002017
:10960000034B586810B1043003F04EBD704700BFE3
:10961000BC050020034B986810B1043003F044BD32
:10962000704700BFBC050020034BD86810B1043060
:1096300003F03ABD704700BFBC050020034B18691A
:1096400010B1043003F030BD704700BFBC050020EE
:10965000034B586910B1043003F026BD704700BFBA
:10966000BC050020034BD86910B1043003F01CBDC9
:10967000704700BFBC05002038B5002383608B68AD
:1096800004460D462BB102229847EB68E360AB68B5
:10969000A360204638BD30B587B002AD04462846E9
:1096A000FFF7EAFF95E803006B4683E8030094E8C0
:1096B000030085E8030093E80300049BA268A3600D
:1096C000059B049284E80300E268E3602846059263
:1096D000FFF704FC204607B030BD38B504460D4600
:1096E000236E583013B1FFF7D6FF38BDFFF7D3FF15
:1096F000AB68002BF9D023696FF001021A61DA68B8
:1097000042F00102DA60F0E7826810B50AB91FF092
:1097100077FBBDE81040C3681847000010B5044649
:1097200020B9074840F2264105F0AAFA204605F084
:1097300011FB0068036E13B15830FFF7E5FF10BD51
:1097400088D10208FFF7EABF38B5054620B91148AD
:1097500040F2394105F094FA2B7F013B072B11D8D9
:10976000DFE803F01504101110101013022428462E
:1097700005F0F0FA240100685834204483680BB1E6
:10978000FFF7C2FF38BD0324F1E70424EFE701240B
:10979000EDE700BF88D10208FFF7D6BFFFF7D4BFBF
:1097A000F8B505460E4617460024BC4207D02B6884
:1097B000315D1B682846984708B10134F5E720461B
:1097C000F8BD13B50446084659B10191FFF736F9C3
:1097D000236801995B680246204602B0BDE810404C
:1097E000184702B010BD08B5FFF7EBFF08BD0368CE
:1097F0001B68184708B50249FFF7E3FF08BD00BF23
:10980000FAD1020838B50546FFF7DBFF04462846C3
:10981000FFF7F0FF204438BD30B58BB000238DF842
:109820002430012A98BF0A2209AC0D46B1FBF2F19F
:1098300001FB125303F0FF03092B94BF303337337E
:10984000DBB2AA4204F8013DEFD92146FFF7B9FF88
:109850000BB030BD2DE9F04107460E4614462AB93B
:109860000368BDE8F0411B68C9B218470A2A0DD148
:1098700000290CDA2D21FFF7BAFF22460546714276
:109880003846FFF7C9FF2844BDE8F081D2B2BDE8F1
:10989000F041FFF7C1BFFFF7DDBF38B50546FFF761
:1098A000D9FF04462846FFF7A5FF204438BD38B548
:1098B0000546FFF7CFFF04462846FFF79BFF2044ED
:1098C00038BD10B42AB902685DF8044B1268C9B2F9
:1098D00010475DF8044BD2B2FFF79EBF38B505467E
:1098E000FFF7EFFF04462846FFF784FF204438BD0A
:1098F0002DE9F84F55EC104B06460F4610EE102A96
:1099000010EE100A2B462946FEF7D0FF38B14B491E
:109910003046FFF756FF82465046BDE8F88F25F0E7
:109920000049474B4FF0FF3220464946FEF7BEFF45
:1099300048B9434B4FF0FF3220464946FEF798FFA7
:1099400008B94049E4E7404B4FF0604220462946C1
:10995000FEF7A2FF08B13D49DAE73D4B4FF0604208
:1099600020462946FEF77AFF0028F4D10022002382
:1099700020462946FEF772FFD0B12D213046FFF771
:1099800036FF05F1004382461D463249DFF8CC9090
:109990004FF0000B00204FF000085FFA8BF39F425E
:1099A00008D942464B46FEF711FE0BF1010BF4E7D6
:1099B0008246EAE722462B46FEF728FB0D46044680
:1099C000FEF7B2FF8046FEF75DFC02460B462046DE
:1099D0002946FEF719FB0A2204460D463046414649
:1099E000FFF71AFF824427B11B493046FFF7E9FE13
:1099F0008244DFF868904FF00008013FFFB2FF2F6C
:109A00008AD04B46424620462946FEF7B5FC0D4615
:109A10000446FEF761FF0A22014683463046FFF7FF
:109A200019FF82445846FEF73DFC02460B4620468D
:109A30002946FEF7E9FA04460D46DEE7FDD10208A5
:109A4000FFFFEF7F01D20208FFFFEF4105D20208BE
:109A5000FFFFEFC10000E03F8EF402080000244049
:109A6000C9B2FFF745BF38B5C9B20546FFF740FF99
:109A700004462846FFF7BEFE204438BD10B5044614
:109A800001F074FDE06023682046DB6898470028F9
:109A900008DA01F06BFDE368C01AA3689842F2D3BC
:109AA0004FF0FF3010BDF8B506460D4617460024AE
:109AB000BC4207D03046FFF7E1FF031E02DB2B5507
:109AC0000134F5E72046F8BD2DE9F0410746884608
:109AD00016461D4673B100243846FFF7CFFF031E1C
:109AE00005DB434503D033550134A542F4D120466C
:109AF000BDE8F0811C46FAE703681847012A03D045
:109B0000022A03D0002070470160FBE70B68036066
:109B1000F8E707B503688DF807105B6801220DF1BF
:109B20000701984703B05DF804FB0000014800F00E
:109B3000BCB900BFC45D00202DE9F041DFF83C80D6
:109B40000E4614461746AFB100F0BEFD90B1404638
:109B500000F0ABF9B84228BF384605460028F2D0DD
:109B600002463146404600F0C1F97F1B2E4400F00A
:109B7000C7FDE8E7E01BBDE8F08100BFC45D002041
:109B8000014800F058BA00BF4A5E002010B50448F2
:109B900000F079FA044600F0E9FD204610BD00BF50
:109BA0004A5E00202DE9F84306460F46154694B25A
:109BB00001F0DCFCDFF83490F0602246394648467C
:109BC00000F0BEFA8046A4EB0804A4B200F0CEFD7B
:109BD00047443CB101F0CAFCF368C01AB36898422C
:109BE000EBD32D1B2846BDE8F88300BF4A5E00205A
:109BF0002DE9F04F85B00646884617461C469DB2B3
:109C000001F0B4FCDFF84CA0F0600DF10E093A460B
:109C10002B464146CDF80090504600F0D9FA8346D5
:109C200000F0A4FDBDF80E20AD1AADB21744BBF193
:109C3000000F04D0641B204605B0BDE8F08F002D56
:109C4000F9D001F093FCF368C01AB3689842DED3F0
:109C5000F0E700BF4A5E0020014800F04BBA00BFA9
:109C60004A5E002010B5034C204600F02EF9002873
:109C7000FADC10BDC45D002000F0F0BC00F012BDA5
:109C8000044B10B51C680A2001F072FC631E584298
:109C9000584110BDF0050020044B4FF47A720021AA
:109CA000C3E90112024A1A60704700BFDC050020B8
:109CB00014D2020810B5029C401AE41A4443511A07
:109CC00094FBF1F4E01810BD08B5044B2BB1044827
:109CD000FEF7A0FF08B1AFF3008008BD0000000050
:109CE000BC0400202DE9F04F57EC106BA5B00446E2
:109CF0008846154610EE100A002200233946FEF76A
:109D0000ADFD00286DD007F100431F464FF0010A5A
:109D10003F494FF000090020C84564DC02460B466D
:109D200030463946FEF772F90F460646FEF7FCFD4F
:109D30008146FEF7A7FA02460B4630463946FEF743
:109D400063F90F46334906464FF0000B0020D84513
:109D500050DC32463B46FEF70FFBFEF7BDFD4346A7
:109D600000904A46BAF1000F4BD02B4900262846F6
:109D700020F0C2FA31467D2204A8039620F0B6F9FD
:109D8000B4422846BCBF64420126FEF757FEA042FB
:109D900023D28022202103A820F0A8F92846FEF72C
:109DA0004DFE24AB241A1C44002304F8843C56BB0B
:109DB0002846FEF743FE013020F052F929460446BA
:109DC00020F0F2FA03A9284620F0EEFA21462846B0
:109DD00020F0CEFA204620F04BF9284625B0BDE809
:109DE000F08F824694E70D4B0022FEF7EFFB09F15E
:109DF000010991E7094B0022FEF7BEFA0BF1010BB6
:109E0000A5E70749B2E703A9284620F0B1FAE4E73D
:109E10000000E03F0000F03F38D20208000024407C
:109E200039D2020804F072BD704708B5032001F072
:109E300035FEBDE80840FFF7F5BF08B5AFF3008079
:109E400006F090F906F054F9FFF73EFFFAE720F02C
:109E500007B920F00DB900000F2803D9412808D810
:109E6000034601E000F132030B4A32F913305A1C69
:109E700009D1452809D046280AD0432840F20113C9
:109E800018BF4FF0FF33184670474FF48173FAE75D
:109E900040F20313F7E700BF78D00208FEE7002383
:109EA000A0F88230A0F880307047B0F88230B0F867
:109EB00080009BB280B2181A7F30434203F07F03C8
:109EC00000F07F0058BF58427047B0F88030B0F8BB
:109ED00082009BB282B203F18000801A434203F0F9
:109EE0007F0300F07F0058BF58427047F8B5B0F8C4
:109EF0008050ADB2C5F18005954204460F46B0F8DA
:109F0000800016460CD914FA80F020F0C7F8B4F897
:109F1000803016FA83F202F07F02A4F88020F8BDA8
:109F20002A4614FA80F020F0B9F8721B79192046FD
:109F3000EBE7B0F88020B0F8823092B29BB29A4240
:109F40002BBFB0F88030B0F88230B0F88220C3F177
:109F5000800328BF9B1A9BB20B80A0F88430B0F816
:109F6000823010FA83F07047B0F88220B0F8843065
:109F7000134403F07F03A0F8823070470023A0F859
:109F8000C230A0F8C030C023A0F8C4307047B0F889
:109F9000C23082B09BB2ADF80630B0F8C020BDF838
:109FA000063092B29BB29A42B0F8C0309BB21FD337
:109FB0007F2B08D9B0F8C0309BB2802B09D1BDF8F7
:109FC00006309BB22BB1B0F8C03010FA83F002B06B
:109FD0007047BDF806309BB2402B4FF000030DD9FF
:109FE000B0F8C02092B2A0F8C420A0F8C030EAE7D0
:109FF000BDF80620403392B29342E4D30020E6E756
:10A00000B0F8C03011FA83F189B2A0F8C010B0F8EE
:10A01000C020B0F8C43092B29BB29A4224BFC02391
:10A02000A0F8C430B0F8C0309BB2BF2B84BF00236F
:10A03000A0F8C0307047B0F8C03082B09BB2ADF825
:10A040000430B0F8C4309BB2ADF80630B0F8C2208E
:10A05000BDF8043092B29BB29A4208D8BDF80430E1
:10A06000B0F8C2009BB280B2181A02B07047BDF8B7
:10A070000630BDF80410B0F8C22089B292B211FACD
:10A0800083F0801AF1E7B0F8C03082B09BB2ADF82F
:10A090000430B0F8C4309BB2ADF80630B0F8C2203E
:10A0A000BDF8063092B29BB29A4204BF0023A0F8DA
:10A0B000C230B0F8C220BDF8043092B29BB29A42CE
:10A0C00015D0B0F8C2309BB25A1C92B2A0F8C22090
:10A0D000B0F8C210BDF80620C35C92B289B29142BA
:10A0E00024BF0022A0F8C220184602B070474FF0EB
:10A0F000FF30FAE7B0F8C03082B09BB2ADF8043060
:10A10000B0F8C4309BB2ADF80630B0F8C220BDF84C
:10A11000063092B29BB29A4224BF0023A0F8C2300C
:10A12000B0F8C220BDF8043092B29BB29A421BBF75
:10A13000B0F8C2309BB24FF0FF30C05C02B0704745
:10A1400037B504460846B4F8C0309BB2ADF80430C9
:10A15000B4F8C4309BB2ADF80630B4F8C210BDF804
:10A16000063089B29BB2994224BF0023A4F8C230C2
:10A17000B4F8C210BDF8043089B29BB2994294BFC2
:10A18000BDF80430BDF80630B4F8C250B4F8C210BF
:10A190005B1B9DB2954228BF15462A4614FA81F1F1
:10A1A0001FF07CFFB4F8C23015FA83F39BB2A4F819
:10A1B000C230B4F8C220BDF8063092B29BB29A42C7
:10A1C00028BF0023284628BFA4F8C23003B030BD02
:10A1D000F7B5B0F8C040089DA4B2ADF80440B0F89F
:10A1E000C440A4B2ADF80640B0F8C260BDF8064065
:10A1F000B6B2A4B2A64224BF0024A0F8C240B0F870
:10A20000C260BDF80440B6B2A4B2A64294BFBDF885
:10A210000440BDF80640B0F8C260B0F8C270A41B9C
:10A22000A4B2A34228BF234610FA87F70024A6B29F
:10A23000B34215D82B80B0F8C22013FA82F39BB238
:10A24000A0F8C230B0F8C220BDF8063092B29BB27E
:10A250009A424FF0000328BFA0F8C230184618E019
:10A2600017F804C08C4516D1B0F8C2309BB2013348
:10A2700033449BB2A0F8C230B0F8C220BDF806301B
:10A2800092B29BB29A4224BF0023A0F8C2302E8023
:10A29000012003B0F0BD02F804C00134C7E7D0F8D4
:10A2A000BC3210B56BB1D0F8B84294F80002FF2868
:10A2B00007D09B6894F8012221469847FF2384F831
:10A2C0000032002010BD0000432303800048704787
:10A2D0003800002043230380004870477C000020A2
:10A2E0004323038000487047CC0000200A230380EA
:10A2F00000487047C000002038B50446D0F8B85276
:10A3000000F0B2FFD4F8B832C5F80C024BB1D4F863
:10A31000BC32D5F80402DB6805F5037198470020CC
:10A3200038BD0220FCE7D0F8B822F8B505460AB3DC
:10A33000142707FB0107FB6993B1D0F8C0424FF027
:10A340001C0C0CFB0146766CB3FBF6F406FB1434D4
:10A3500034B9FC612346224600F078FF2046F8BD60
:10A36000D5F8BC3218690024C2F814420028F6D08F
:10A370008047F3E70220F2E72DE9F7430A78D0F8A7
:10A38000B8724FF0000812F0600405460E468DF8D2
:10A390000580ADF8068028D0202C42D1CC884B789F
:10A3A000E4B1120611D5D0F8BC223946D2F8089093
:10A3B00018462246C847F2883946284600F091FDE3
:10A3C0004446204603B0BDE8F08387F8003287F8A2
:10A3D00001422246394600F099FDF1E7D0F8BC224F
:10A3E000184695682246A847EBE74B780A2B0CD015
:10A3F0000B2B12D0ABB990F89C32032B11D1022257
:10A400000DF1060100F06DFDDBE790F89C32032BA7
:10A4100007D101220DF10501F4E790F89C32032BDE
:10A42000CFD03146284600F035FD0224C9E738B5C3
:10A4300004460025822100F0DAFE01212564204631
:10A4400000F0D5FEC4F86C518321204600F0CFFE09
:10A45000D4F8B83265654BB1D4F8BC325B68984724
:10A46000D4F8B8021FF004FEC4F8B852002038BD7A
:10A470002DE9F041037C0446BBBB4FF4007302227C
:10A480008221012500F0A9FE25644FF400732946BE
:10A490000222204600F0A1FE0127C4F86C510823D7
:10A4A00003228321204600F098FE67654FF4077071
:10A4B0001FF0D6FD0546C4F8B80240B3D4F8BC324C
:10A4C0001B689847267C4FF00008C5F81482C5F831
:10A4D00018829EB9D5F804224FF4007339462046FD
:10A4E00000F0BBFE3046BDE8F0814023022282210D
:10A4F000012500F072FE25644023C8E7D5F8042248
:10A5000040233946204600F0A8FE4646EAE73E468C
:10A51000E8E719B1C0F8BC1200207047022070476C
:10A52000D0F8B8320020C3F80812C3F810227047E0
:10A53000D0F8B8320020C3F804127047D0F8B8221F
:10A5400010B582B1D2F81442012374B9C2F81432A2
:10A55000D2F810324364D2F808229BB2822100F074
:10A5600075FE204610BD0220FCE71846FAE7D0F839
:10A57000B82210B582B1047CD2F8042234B94FF469
:10A580000073012100F069FE204610BD4023012127
:10A5900000F063FE0024F7E70224F5E708B5D0F8E1
:10A5A000B83233B100231A46012100F056FE0020D4
:10A5B00008BD0220FCE700207047000008B50948EC
:10A5C000FFF76DFC0848FFF7D9FC084B064801224D
:10A5D0001A70FFF7DCFC01460548FFF7A9FF0020D1
:10A5E00008BD00BFC45D00204A5E00202C01002091
:10A5F000105F002021280ED022281DD0202808D14D
:10A60000134B0A681A600A791A714A795A718A7961
:10A610009A71002070470E4B1A680A701A68120A65
:10A620004A705A888A70DA78CA701A790A715A7927
:10A630004A719B798B71ECE74B88064A03F0010362
:10A6400013601368002BE4D0034B00221A60E0E78C
:10A6500024010020F0050020F405002010B50C4C6A
:10A6600022789AB90B490C4800F0B2F870B90B493E
:10A67000094800F0D4F848B909490748FFF749FFED
:10A6800020B9054800F0D2F80123237010BD00BFA7
:10A69000EC05002044010020105F00200000002095
:10A6A0001001002010B5064C23783BB1054800F09E
:10A6B000C2F8044800F0A1F80023237010BD00BFC9
:10A6C000EC050020105F00200A4B10B51C6814B187
:10A6D00000F0A8FF041B084B93F89C32032B07D112
:10A6E000022C05D8054B1868003818BF012010BD92
:10A6F0000020FCE7F4050020105F0020F00500209A
:10A700001FB50F4CD4F8B832D3F81432ABB90D489A
:10A710000DF10E01FFF70DFCBDF80E306BB101908D
:10A7200000F080FF084BBDF80E201860019920460C
:10A73000FFF7F6FE2046FFF701FF04B010BD00BF93
:10A74000105F0020C45D0020F405002010B5054B0B
:10A75000054800241C60FFF707FCFFF7D1FF2046E7
:10A7600010BD00BFF4050020C45D002038B50A4DBF
:10A770002B780BB1002038BD0848FFF708FC0146D4
:10A780000028F7D0012406482C70FFF7D1FE0448BA
:10A79000FFF7EDFE2046EEE72C0100204A5E002088
:10A7A000105F002008B509880648FFF729FC064B12
:10A7B00000221A70FFF7DAFF10B90448FFF7EEFE27
:10A7C000002008BD4A5E00202C010020105F002000
:10A7D00008B580B1D0F8B43213B10023C0F8B43258
:10A7E00009B1C0F8B012012380F89C32027000F069
:10A7F000A1FC002008BD0220FCE7012310B580F871
:10A800009C32D0F8B43201795B6804469847204600
:10A8100000F0DCFC204600F0CBFC002010BD19B19C
:10A82000C0F8B412002070470220704708B500F04D
:10A83000C6FC002008BD10B5D0F8B43201795B68C1
:10A8400004469847204600F0C1FC002010BD08B522
:10A85000D0F8B4320BB9022008BD1B689847002815
:10A86000FAD0F8E708B5D0F8B4325B689847002012
:10A8700008BD38B5044600F52A75284600F0F6FAFA
:10A88000012394F8A812C4F89432B4F8AE32C4F894
:10A89000983201F01F03012B08D0022B0BD07BB99B
:10A8A0002946204600F00CF9002038BD29462046F4
:10A8B00000F030FAF8E72946204600F04FFAF3E7B7
:10A8C00001F08001204600F099FCEDE770B50446E8
:10A8D00016460D4639BBD0F89432032B1CD1D0E973
:10A8E000581291420BD9891A8A42C0F860118CBF64
:10A8F0008AB292B2314600F016FB284670BDD0F8FD
:10A90000B4321B6923B190F89C22032A00D19847E6
:10A91000204600F010FBF0E7052BEED1C4F89412AE
:10A9200000F06CFCE9E7D0F8B4329B6933B190F8E1
:10A930009C22032A02D198470025DEE70225DCE7A6
:10A94000F8B5044617460D46002947D1D0F8943291
:10A95000022B3CD1D0E908639E4214D9F31A03625A
:10A960009AB2394600F0CAFA2B462A4629462046B2
:10A9700000F073FC94F8A032012B02D1002384F87C
:10A98000A0322846F8BDC269B2FBF3F603FB1626D7
:10A990005EB9934209D8D0F898329A4205D20A4655
:10A9A00000F0ACFAC4F89852DEE794F89C32032B1E
:10A9B00009D1D4F8B432DB680BB120469847802126
:10A9C000204600F01BFC204600F0C0FAD2E733F02E
:10A9D0000403CFD1802100F011FCCBE7D0F8B432D2
:10A9E0005B6933B190F89C22032A02D19847002575
:10A9F000C7E70225C5E770B50022044611460125C8
:10AA00004026402300F0E9FB33468021C4F858512A
:10AA1000C4F864610022204600F0DFFBD4F8B832AD
:10AA2000A5610021666284F89C52C4F894126160AA
:10AA3000C4F8A41223B1D4F8B43220465B68984716
:10AA4000002070BD01740020704790F89C3280F89F
:10AA50009D32042380F89C320020704790F89C328D
:10AA6000042B04BF90F89D3280F89C320020704780
:10AA700008B590F89C22032A04D1D0F8B432DB69DF
:10AA800003B19847002008BD0020704700207047A0
:10AA90000020704708B5012280F89C22D0F8B4222B
:10AAA000017952689047002008BD10B58021044606
:10AAB00000F0A4FB20460021BDE8104000F09EBB42
:10AAC00037B50B7803F06003202B04460D4612D0F7
:10AAD000402B10D0002B51D14B78092B4ED8DFE8FA
:10AAE00013F0EE000A014D0003014D008700130032
:10AAF0004D00D600A300D4F8B43229469B68204606
:10AB00009847002003B030BD0023ADF806304B88D5
:10AB10001A0A013A062A31D8DFE802F00416233077
:10AB200030485200D0F8B0321B68207C0DF106018D
:10AB30009847BDF80620002A56D0EB88002B4AD152
:10AB4000204600F0F8F9DCE7027CD0F8B43232B9E4
:10AB50009B6A0DF10600984702234370E9E7DB6A20
:10AB6000F7E7DBB2052B09D8DFE803F0030C10147C
:10AB7000181CD0F8B0325B68002BD6D12046FFF706
:10AB800094FFBEE7D0F8B0329B68F5E7D0F8B0325A
:10AB9000DB68F1E7D0F8B0321B69EDE7D0F8B032EE
:10ABA0005B69E9E7D0F8B0329B69E5E7037C002BED
:10ABB000E4D1D0F8B4320DF106005B6B9847B8E7EA
:10ABC000037C002BDAD1D0F8B4320DF106001B6BF8
:10ABD00098470723C1E79A4228BF1A4601462046F4
:10ABE000ADF8062000F07DF9EB88002B89D1A7E7AE
:10ABF0008B88002BC2D1CB88002BBFD14D887F2DF5
:10AC0000BCD890F89C32032BB8D0E9B280F89E12E1
:10AC100000F015FB204600F08EF91DB1022384F8E8
:10AC20009C326EE70123FAE78978394D01292970B2
:10AC3000A4D890F89C32022B08D0032B15D0FFF734
:10AC400034FF29782046FFF70DFE5AE700293FF42C
:10AC500077AF01210323416080F89C322046FFF743
:10AC6000F6FD02287FF46CAF88E731B9022380F843
:10AC70009C324160FFF7F6FD62E7416801293FF42D
:10AC80005FAFC9B2FFF7EEFD29786160E6E7CA88D9
:10AC9000012A7FF473AF90F89C32022B0AD8002B64
:10ACA0003FF46CAF0146002341F8083F204600F016
:10ACB00018F926E7032B7FF461AF011DF6E790F842
:10ACC0009C32013B022B3FF659AFCB88022B7FF41D
:10ACD00055AF0123C360D0F8A4320BB10323C36086
:10ACE000022204F10C01E1E74B88012B7FF409AF4C
:10ACF000C4F8A43224E790F89C32013B022B3FF6C3
:10AD00003DAF4B88012B7FF4FCAE0023F0E700BF82
:10AD1000F805002038B50B7803F06002402A04469D
:10AD20000D4601D05B0615D494F89C32013B022BF2
:10AD300010D82B79022B0DD8D4F8B43229469B6851
:10AD400020469847EB881BB910B9204600F0F3F86D
:10AD5000002038BD2046FFF7A8FEF9E738B50A788D
:10AD600002F06002202A04460B4627D0402A25D054
:10AD700092BB5A788D880979012A3DD0032A25D0C3
:10AD800052BB90F89C32022B4DD0032B24D101F002
:10AD90000F03142215F0800F02FB030352D09B69AE
:10ADA000D3B101F07F05142305FB0333C51811F05F
:10ADB0007F0353D12B60022229463FE0D4F8B4220E
:10ADC0001946926820469047002038BD90F89C2292
:10ADD000022A1FD0032A03D02046FFF766FEF3E7BE
:10ADE0005A882AB94A0603D0DB880BB900F006FA64
:10ADF000204600F0A0F8E7E790F89C22022A09D04C
:10AE0000032AE9D15B88002BDED14D06F0D000F09B
:10AE1000FCF9EDE74B06DFD000F0F0F98021204689
:10AE200000F0ECF9D0E74A06D6D12B064CBF00F172
:10AE3000140100F5AA7100230B600222204600F0E5
:10AE400050F8C1E7D3F85831002BC5D001F07F0589
:10AE5000142303FB050505F5AA75A8E7204600F0B5
:10AE6000DBF908B10123A5E72860A4E70B7803709C
:10AE70004B784370CA788B7803EB022343804A797E
:10AE80000B7903EB02238380CA798B7903EB0223CE
:10AE9000C380704710B58021044600F0AFF920460A
:10AEA0000021BDE8104000F0A9B930B588B10025F7
:10AEB00001382B460135445D002CFAD1DBB2013359
:10AEC0005B0013800B7003234B70022310F8015FAB
:10AED00005B930BD5A1CD2B2CD5402338C54DBB20A
:10AEE000F4E710B502241346C0E90722C0F89442E3
:10AEF0000A46002100F0AAF9002010BD08B513464B
:10AF00000A46002100F0A2F9002008BD10B5032474
:10AF10001346C0E95722C0F894420A46002100F0C7
:10AF20009CF9002010BD08B513460A46002100F028
:10AF300094F9002008BD08B50423C0F8943200231A
:10AF40001A46194600F082F9002008BD08B505230D
:10AF5000C0F8943200231A46194600F07EF900200A
:10AF600008BD00000368B3F1A04F37B504463ED1D9
:10AF7000204D03E0A96803F099FD0C35B5F90000F8
:10AF8000431CF7D11C4B5A6B42F080025A630022DB
:10AF90000192596C41F4804159645B6C03F4804325
:10AFA000012101934320019B00F08AFD432000F022
:10AFB000B9FD216A01294FF0000218D10F4B4FF45F
:10AFC00080205861D86820F48020D860986840F4C8
:10AFD00080209860186840F4802018602A2000F0D3
:10AFE0006FFD2A2003B0BDE8304000F09BBD03B0E8
:10AFF00030BD00BF30D0020800380240003C0140A4
:10B000000368B3F1A04F01BF024A536B23F08003E2
:10B01000536370470038024000F57171D0F80404A2
:10B02000FFF727BC1C2303FB0103D0F80404D3F86B
:10B030000822FFF74BBC1C2303FB0103D0F80404D8
:10B040009A6CFFF77DBCD0F80404FFF711BD10B572
:10B050000446D0F80404FFF7CEFCD4F80404012120
:10B06000BDE81040FFF7EEBC10B50446D0F804046C
:10B07000FFF7EBFC2268D2F8003E43F00103C2F870
:10B08000003E236A23B1034A136943F006031361A8
:10B0900010BD00BF00ED00E0036A10B5044633B1F7
:10B0A000FDF746FD084A136923F006031361226881
:10B0B000D4F80404D2F8003E23F00103BDE81040A8
:10B0C000C2F8003EFFF7CABC00ED00E0D0F804046F
:10B0D000FFF7DCBCD0F80404FFF7D6BCD0F80404BA
:10B0E000FFF7D6BCD0F80404FFF7D4BC014801F048
:10B0F00015B800BFD461002010B50B4C236A6BB1AA
:10B100000A4A136923F006031361FDF711FD226853
:10B11000D2F8003E23F00103C2F8003E044B4FF486
:10B1200080225A6110BD00BFD461002000ED00E014
:10B13000003C014070B5044600F018F9194804239A
:10B1400043600023C0E90933C0E9073343614FF08E
:10B15000A04203630361C3624363C0F80444022353
:10B16000C4F8C00202608361C36000F003FF20B135
:10B170000D4840F2FD1103F083FD0C4C0948A188F5
:10B18000084E01F0E0FB0125A28954F8081F304663
:10B1900001F00F01013501F0B6FB052DF4D10020BF
:10B1A00070BD00BFD461002043D202082CD3020836
:10B1B00008B5D0F8C00200F0A0FF002008BD08B517
:10B1C000D0F8C00200F05BFF002008BD08B5D0F841
:10B1D000C00200F073FF002008BD10B51446D0F87F
:10B1E000C0021A46234601F06DFA002010BD08B5D2
:10B1F000D0F8C00201F09EFA002008BD08B5D0F8D2
:10B20000C00201F012FB002008BD08B5D0F8C00252
:10B2100001F043FB002008BD11F0800FD0F8C032D0
:10B220004FF01C021BBF01F07F0102FB013102FB4A
:10B23000013191F83E0008BF91F8FE01704708B552
:10B24000D0F8C00201F02AFA002008BD08B5D0F8F5
:10B25000C00201F0CAFA002008BD08B5D0F8C0024B
:10B2600001F097FA002008BDD0F8C00201F0B5BA8D
:10B27000122301480B80704730010020042301484D
:10B280000B80704760010020002370B54D1C1E46E6
:10B29000040FB0F1204F34BF3034373401F813407D
:10B2A00005F813600133DCB294424FEA0010EFD38B
:10B2B00070BD00001A2310B50B80094B18680833C5
:10B2C0001B68C0180AD0074B07491C680822FFF703
:10B2D000DBFF064904222046FFF7D6FF044810BDD5
:10B2E000107AFF1F147AFF1F6601002076010020EC
:10B2F0006401002010B5044C04480A462146FFF7BB
:10B30000D4FD204610BD00BFDC650020A3D202089A
:10B310000A4608B5044920B90448FFF7C6FD0248AB
:10B3200008BD0348F9E700BFDC650020B6D202087B
:10B33000D4D2020810B5044C04480A462146FFF74F
:10B34000B4FD204610BD00BFDC650020F2D202082B
:10B3500010B5044C04480A462146FFF7A6FD2046D6
:10B3600010BD00BFDC6500200CD3020808B54FF00B
:10B37000A04003F049F80A2000F0FAF8BDE80840C0
:10B380004FF0A04003F034B8FFF768B991420FD0F6
:10B3900008D9891A01238B40984208D30130C8404C
:10B3A0000138704720B10130511A8840F8E7002079
:10B3B0007047000010B5FEF74FFD431C0AD0064C45
:10B3C000216803F055F9054B21681A68BDE8104063
:10B3D000FFF7DCBF002010BD8001002088010020A5
:10B3E00041282DE9F04104460F4641D8214B33F95D
:10B3F00010506A1C3CD02049DFF88C80284603F0AE
:10B4000046FB064600B3C5F303111C4A52F821005F
:10B4100005F00F0420FA04F3DB075FBF0123A3400C
:10B42000034342F82130164BD8F800101C68384608
:10B430002246FFF7ABFF13490246E3B228460968EC
:10B44000BDE8F04103F0B8B92046012100F01EF834
:10B45000D8F8001038460822FFF798FF7F2898BFD9
:10B460003146204688BF0121BDE8F04100F05CB8BC
:10B47000BDE8F08178D0020864CC0208FC05002009
:10B48000840100208C0100209001002041282DE93A
:10B49000F0410E463DD8204B33F91040621C38D0A5
:10B4A0001E4DC4F3031704F00F0855F8273023FA94
:10B4B00008F3DB0710D51A49204603F0E8FA10B16B
:10B4C000204603F0CBF9012303FA08F255F82730A0
:10B4D00023EA020345F82730052E14D8DFE806F0EA
:10B4E000030F090B0D1100212046BDE8F04103F0C8
:10B4F000DDBA1021F8E72021F6E70321F4E7012166
:10B50000F2E70921F0E7BDE8F0410648492103F0E0
:10B51000B7BBBDE8F08100BF78D00208FC05002071
:10B5200064CC020854D3020841289ABF0C4B33F96B
:10B5300010304FF0FF33C3F30312052A98BF0948B8
:10B5400003F00F0398BF50F82220074888BF00225D
:10B5500050F8233009B1936170471B04FBE700BF2B
:10B5600078D002089C01002014D4020803F0A6B988
:10B5700038B5044648B103F0A1F90546FEF754FC7E
:10B5800003F09CF9431BA342F8D338BD7047000079
:10B5900038B50E4A0E4B054618784FF47A73B3FB54
:10B5A000F0F31068B0FBF3F000F0DEFA044658B98F
:10B5B0000F2D09D8024629464FF0FF3000F080FADF
:10B5C000044B20461D6038BD0120FCE7B801002077
:10B5D000940100209801002008B50B4B1A6842F432
:10B5E00000721A601A6842F480621A601A6842F4A3
:10B5F00080721A60032000F051FA0020FFF7C8FFA4
:10B60000FFF7C4FF002008BD003C0240034A044B82
:10B6100011681B780B441360704700BFDC66002084
:10B6200094010020014B1868704700BFDC660020C1
:10B6300038B50446FFF7F6FF631C1CBF054B1B78AB
:10B64000054618BFE418FFF7EDFF431BA342FAD3EA
:10B6500038BD00BF9401002038B50446002800F032
:10B660009B80056C25B902F0C9FF656484F83C50E5
:10B67000236CDB0600F18E80236C23F4885323F0C7
:10B68000020343F002032364444B5A6822F440321D
:10B690005A605A6861680A435A60236821695A6887
:10B6A00022F480725A605A6842EA01225A605A684B
:10B6B000A16822F040725A605A680A435A609A6838
:10B6C000E16822F400629A609A680A439A603449F9
:10B6D000A26A8A4252D0996821F070619960996893
:10B6E0000A439A609A68E16A22F040529A609A6826
:10B6F0000A439A609A6822F002029A609A68217E50
:10B7000042EA41029A6094F82020002A3ED05A680A
:10B71000616A42F400625A605A6822F460425A60D8
:10B720005A68013942EA41325A60DA6AE16922F420
:10B730007002DA62DA6A013942EA0152DA629A6820
:10B7400022F400729A609A6894F8301042EA41221A
:10B750009A609A68616922F480629A609A6800200F
:10B7600042EA81229A606064236C23F0030343F071
:10B7700001032364002384F83C3038BD9A6822F02A
:10B7800070629A609A6822F04052B2E75A6822F4D6
:10B790000062C9E70120EDE70120EEE70023014048
:10B7A0000100000F38B50446A0B1036C43F002035A
:10B7B000036403689A6822F001029A609D6815F09C
:10B7C000010503D102F03EFF65642564002084F882
:10B7D0003C0038BD0120FCE782B00023019390F8C3
:10B7E0003C30012B4ED0012380F83C3003689A682E
:10B7F000D10705D59A68D20714D4002002B070474B
:10B800009A68214942F001029A60204A1268B2FB0C
:10B81000F1F202EB42020192019A002AEAD0019A67
:10B82000013AF8E7026C22F4E06222F0010242F4ED
:10B83000807202645A68510541BF026C22F4405282
:10B8400042F480520264026C12F480521CBF426CBB
:10B8500022F006024264002280F83C206FF02202AF
:10B860001A600B4A5268D20608D1986810F040500E
:10B87000C3D19A6842F080429A60BFE7054A93427A
:10B88000BBD1F2E70220B9E740420F00B801002027
:10B89000002301400020014090F83C30012B14D0DF
:10B8A00003689A6822F001029A609B68DB0707D45C
:10B8B000036C23F4885323F0010343F00103036472
:10B8C000002380F83C301846704702207047036818
:10B8D0009A68520570B504460D460BD59B68DE0587
:10B8E00008D5036C43F020030364002380F83C3048
:10B8F000012070BDFFF796FE064623681A6891077F
:10B900000CD56FF012021A60226C42F400722264AD
:10B910009A6812F0405F13D00020EAE7681CEDD06F
:10B9200045B9236C43F004032364002384F83C30BE
:10B930000320DEE7FFF776FE801BA842DDD9F0E7A3
:10B94000207E0028E8D1DA6A12F4700F02D09B68DA
:10B950005A05E1D4236C23F480732364236CDB0445
:10B96000DAD4236C43F001032364C2E70368D86C84
:10B9700070470000F7B50023019390F83C30012B8D
:10B9800066D0012380F83C300D6803688E68092D6D
:10B99000ACB231D904EB4402DF681E3A4FF0070C19
:10B9A0000CFA02FC27EA0C07DF60DF6806FA02F2F5
:10B9B0003A43DA604968062901EB81022CD8596BB9
:10B9C000053A1F26964021EA06015963596B04FA8D
:10B9D00002F20A435A632C4A934207D1122D39D1FD
:10B9E000D2F8043343F48003C2F80433002380F810
:10B9F0003C30184603B0F0BD1F6905EB45024FF01F
:10BA0000070C0CFA02FC27EA0C071F611F6906FAF3
:10BA100002F23A431A61CDE70C294FF01F010BD80F
:10BA20001E6B233A914026EA01011963196B04FA4F
:10BA300002F20A431A63CEE7DE6A413A914026EAEF
:10BA40000101D962D96A04FA02F20A43DA62C2E752
:10BA50000220CFE7A5F11003012BC7D80B4A53688A
:10BA6000102D43F400035360C0D1094B094A1B68F1
:10BA7000B3FBF2F20A2353430193019B002BB5D091
:10BA8000019B013BF8E700BF00200140002301407B
:10BA9000B801002040420F00006C70470749CA6897
:10BAA00022F4E0620302120403F4E063120C134375
:10BAB00043F0BF6343F40033CB60704700ED00E018
:10BAC000164B30B5DC68C4F30224C4F10705231D0E
:10BAD000042D28BF0425062B4FF0FF338CBF033CF9
:10BAE000002403FA05F521EA0501A34022EA030236
:10BAF000A140002841EA0203ACBF00F16040084ABF
:10BB00004FEA0313B8BF00F00F00DBB2AABF00F585
:10BB10006140135480F8003330BD00BF00ED00E0F9
:10BB200014ED00E0002808DB4209012300F01F00AB
:10BB300003FA00F0014B43F82200704700E100E0F7
:10BB400000280DDB4309012200F01F0002FA00F07B
:10BB50002033044A42F82300BFF34F8FBFF36F8FA7
:10BB6000704700BF00E100E00138B0F1807F0AD2E9
:10BB7000064B074A5860F02182F823100020072264
:10BB800098601A6070470120704700BF10E000E025
:10BB900000ED00E0002809DB4309012200F01F004E
:10BBA00002FA00F06033024A42F82300704700BFF7
:10BBB00000E100E008B503F019FD08BD90F835304C
:10BBC000022B03D0802343650120704702680523C0
:10BBD00080F83530136823F00103136000207047AC
:10BBE000094910B50C6924F440740C610C6944F4E3
:10BBF00040740C610C6944F001040C610260BFF3F5
:10BC00006F8F436010BD00BF003C0240074B1A69B4
:10BC100022F440721A611A6942F400721A611A69B8
:10BC200042F001021A610160704700BF003C02400F
:10BC3000074B1A6922F440721A611A6942F4807241
:10BC40001A611A6942F001021A610180704700BF4F
:10BC5000003C0240204BDA68D00606D51F49CA696D
:10BC600042F01002CA611022DA60DA68910606D545
:10BC70001A49CA6942F00802CA612022DA60164BEA
:10BC8000DA68520606D51549CA6942F00402CA614B
:10BC90004022DA60DA68100606D51049CA6942F017
:10BCA0000202CA618022DA600B4BDA68D10507D53F
:10BCB0000A49CA6942F00102CA614FF48072DA602F
:10BCC000DA68920706D50549CA6942F02002CA61BE
:10BCD0000222DA60704700BF003C0240E0660020AC
:10BCE000064B1A69002ABFBF054A5A6002F1883222
:10BCF0005A60BABF1869C00F00207047003C02406C
:10BD000023016745034A136943F000431361002090
:10BD1000704700BF003C0240F8B5124B124D0022A4
:10BD20000446DA61FFF77EFC2F460646EB68DA032D
:10BD30000CD4EB68DB0744BF0123EB60F86810F418
:10BD4000F97007D0FFF786FF012003E0611CEDD0FA
:10BD50000CB90320F8BDFFF765FC801BA042E5D9B4
:10BD6000F7E700BFE0660020003C0240F7B5204E38
:10BD700001931446327E012A07460D4635D0012232
:10BD80004CF250303276FFF7C7FFB8B9019BCFB9FC
:10BD9000184B186920F4407018611A691A61186903
:10BDA000E4B240F0010018612C704CF25030FFF703
:10BDB000B3FF104A136923F00103136100233376A4
:10BDC00003B0F0BD012F04D1A1B22846FFF730FF28
:10BDD000EBE7022F04D121462846FFF717FFE4E7DF
:10BDE00022462846FFF7FCFEDFE70220E8E700BF17
:10BDF000E0660020003C0240074B196921F44071C5
:10BE00001961196941F0040119611A6942EA0020B7
:10BE100040F4803018617047003C024039B101297C
:10BE20001CD002290CBF4FF400714FF440710D4B30
:10BE30001A6922F440721A611A69114319611A6968
:10BE400022F0F8021A611A6942EAC00040F00200CA
:10BE500018611A6942F480321A6170474FF4807198
:10BE6000E5E700BF003C0240144B1A6891050FD56E
:10BE70001A6822F400721A601A6842F400621A60AA
:10BE80001A6822F400621A601A6842F400721A609A
:10BE90000A4B1A6852050FD51A6822F480621A609C
:10BEA0001A6842F480521A601A6822F480521A60AA
:10BEB0001A6842F480621A60704700BF003C02407A
:10BEC0002DE9F843234E337E012B054688463FD0AB
:10BED00001234CF250303376FFF71EFF0446A8B919
:10BEE0004FF0FF33C8F800302B68012B13D1287CAA
:10BEF000FFF782FF4CF25030FFF70EFF164A13692E
:10BF000023F0040304461361FFF7AEFF00233376EA
:10BF10002046BDE8F883AF68DFF83C90D5E90223FE
:10BF20001344BB42F0D9297C3846FFF777FF4CF227
:10BF30005030FFF7F1FED9F8103023F0FA03C9F8BA
:10BF4000103018B1C8F800700446DDE70137E5E7A6
:10BF50000224DDE7E0660020003C0240044A51690B
:10BF6000014208B502D0506102F0DCFC08BD00BF00
:10BF7000003C0140F0B504468BB060B390F8BD338F
:10BF8000056803F0FF021BB980F8BC23FEF7EAFF47
:10BF9000032384F8BD33EB6B254613F4807355F807
:10BFA000100B08BF236101F08BFE0FCD6E460FC64C
:10BFB0000FCD0FC695E8030086E803002546271D30
:10BFC00097E80E0055F8100B01F0C4FD064620B1AD
:10BFD000022384F8BD3301254EE00146206801F0BC
:10BFE00075FE3046D4F804C01C264FF0010E014601
:10BFF000C2B2944500F101001CD800231C2619464A
:10C00000D8B2844503F1010322D80FCD6E460FC686
:10C010000FCD0FC695E8030086E8030097E80E00F1
:10C02000206801F095FE01230546F0B1022284F854
:10C03000BD23D0E706FB0243C3E9111183F83DE0BD
:10C0400083F83C20A3F8422083F83F101965CFE71E
:10C0500006FB0042C2E9811182F8FD1182F8FC0161
:10C0600082F8FF11C2F81012CAE784F8380020687D
:10C0700084F8BD3302F0C8F928460BB0F0BD10B506
:10C080000446006894F8BC33012B15D0012384F8D2
:10C09000BC33A36A012B06D1A369012B1EBF836B9E
:10C0A00043F48033836302F0A3F9206801F002FEB9
:10C0B000002084F8BC0310BD0220FCE770B590F8A6
:10C0C000BC33012B044616D0012680F8BC630068FF
:10C0D00001F0F6FD206802F05BF9054628B1002367
:10C0E00084F8BC333546284670BD206802F08CF9D0
:10C0F00084F8BC53F7E70225F5E710B5044658B1BC
:10C10000032380F8BD33FFF7D9FF2046FEF778FF01
:10C11000002084F8BD0310BD0120FCE72DE9F04F9D
:10C12000066887B00446304602F0A9F9029000285C
:10C1300040F02481206802F073F9002800F01E818D
:10C14000206802F06DF9830748BF2268206842BF6B
:10C15000536903F00203536102F062F9070300F12F
:10C160001081206802F05CF945030CD5206802F0CC
:10C1700063F92546039006F510694FF00008039B0C
:10C18000002B40F0BD81206802F04AF9002815DA42
:10C19000D6F8043823F00103C6F8043894F8F433D1
:10C1A000012B40F04182002184F8F413204600F076
:10C1B000CEFB2268536903F000435361206802F00C
:10C1C0002FF900050BD5D6F80838D90702D5204637
:10C1D000FEF74AFF2268536903F400635361206845
:10C1E00002F01EF9C20437D5D6F80438206823F0CF
:10C1F00001031021C6F8043801F080FD06F5006542
:10C2000006F510634FF67F3162680298824200F2B1
:10C210000F82EB6943F00113EB61236B002B00F0FD
:10C220001982D5F8843043F00B03C5F884306B6C69
:10C2300043F00B036B64D6F80038217C206823F4AC
:10C24000FE63C6F8003804F5717202F039F922680D
:10C25000536903F480535361206802F0E1F88304CA
:10C2600016D5206802F00FF9206801F039FEE06071
:10C27000256800F0DFFD227B0146284601F0AAFC7C
:10C280002046FEF7E4FE2268536903F4005353612D
:10C29000206802F0C5F8C7062AD52268936923F002
:10C2A00010039361376AC7F34343022B07F00F056E
:10C2B00040F0DB8147F6F0731F4214D01C2303FBD0
:10C2C0000545C7F30A184246D5F80812304601F072
:10C2D000FDFFD5F80822D5F8143242444344C5F88E
:10C2E0000822C5F814322268936943F01003936161
:10C2F000206802F095F8060707D52046FEF7A3FE52
:10C300002268536903F008035361206802F088F83B
:10C31000C50208D500212046FEF7DCFE22685369DD
:10C3200003F480135361206802F07AF8800208D584
:10C3300000212046FEF7CAFE2268536903F4001369
:10C340005361206802F06CF8410007D52046FEF7E3
:10C35000C5FE2268536903F080435361206802F0F0
:10C360005FF842070AD523685D686B0702D520464F
:10C37000FEF7B8FE226853682B43536007B0BDE850
:10C38000F08F2068DFF810B302F04EF806F5306544
:10C39000804604F5017A4FF00009B8F1000F3FF430
:10C3A000E0AE18F0010F00F0A3805FFA89F1206879
:10C3B000039102F049F810F0010F039907464DD0A0
:10C3C0000123AB6023682069D3F840C003F53063D4
:10C3D00003EB491301289A6854D1100714D5DC45A2
:10C3E00004D9120444BF4FF400429A6020460393DC
:10C3F000FEF712FE04F571722068012102F060F868
:10C40000039B08229A6029E0900601D52022F9E7D3
:10C4100012F0280F22D1DC4504D9120402D54FF4C2
:10C420000042EFE71B69DAF80020C3F31203D31AC6
:10C43000CAF81030DAF804301A44CAF8042020464A
:10C44000FEF7F0FDB9F1000F08D1D4F810322BB986
:10C45000206804F57172012102F032F8380732D5F4
:10C46000236820691A6C03F5306303EB4913012834
:10C47000996814D15A4515D9090444BF4FF40041B5
:10C4800099600FE08348844505D11004C7D4920613
:10C4900044BF20229A602046FEF7C4FDDEE77D48B7
:10C4A0008242E9D020460392FEF7B6FD039A5A4530
:10C4B00007D92169012904D1206804F5717201F0BE
:10C4C000FFFF0823AB60FB0644BF1023AB60B80638
:10C4D00009D52169012904D1206804F5717201F0A0
:10C4E000EFFF2023AB60B90444BF4FF40053AB60AF
:10C4F00009F101094FEA580820350AF11C0A4CE7F6
:10C50000039BDA0740F187805FFA88FB2068594671
:10C5100001F0A3FFC307074624D5D6F8343801201D
:10C5200008F00F0200FA02F223EA0203C6F83438D8
:10C530002369C9F80800834202BFD5E911239B187B
:10C54000AB6459462046FEF776FD2169012909D1E1
:10C55000B8F1000F06D1236D23B9206804F571727C
:10C5600001F0AEFF380744BF0823C9F80830F906C8
:10C5700044BF1023C9F808307A0644BF4023C9F8E5
:10C580000830BB0744BF0223C9F808303F0642D534
:10C59000D5E914329A423ED89B1A6A6CD4F800A0AE
:10C5A000934228BF134603339B0804930AF5106394
:10C5B00003EB48130593059B04999A6992B28A424A
:10C5C000D5E9147325D39F4200D95FB9DAF834381E
:10C5D00008F00F02012101FA02F223EA0203CAF86D
:10C5E000343818E0FF1A6B6C9F4228BF1F46FB1CB3
:10C5F0009B080493237C0093A96CBBB25A46504617
:10C6000001F062FDAB6C3B44AB646B6D1F446F6526
:10C61000D1E79F42DAD9039B5B0808F10108039335
:10C620001C3509F12009AAE52046FEF735FDC0E5D5
:10C6300099601A6822F400121A60C3F80812D3F83D
:10C64000002222F40012C3F80022029A0132029260
:10C650002033D9E56B6943F4005343F02B036B613E
:10C660002B6943F00B032B61E5E5062B7FF43BAE12
:10C67000082204F57171304601F028FE1C2303FBEB
:10C680000545C7F30A17D5F814321F44C5F81472CC
:10C6900029E600BF0A31544F0A30544F10B590F8C4
:10C6A000BC23012A04460BD0012280F8BC2380F869
:10C6B0003810006801F08CFE002084F8BC0310BD27
:10C6C0000220FCE770B501F00F06C6EBC60411F0BE
:10C6D000800F05464FEA84044FF01C001FD000FB7A
:10C6E000065004F13C010124294480F83D408A6051
:10C6F0004A780E70CB7002B1CE80022B04BF0023AB
:10C700000B7195F8BC33012B12D00123286885F8F2
:10C71000BC3301F0F0FB002085F8BC0370BD00FBCA
:10C72000065004F5FE710024294480F8FD41DEE73F
:10C730000220F3E710B5044601F00F00C0EBC00380
:10C7400011F0800F4FEA83034FF01C0216D002FB5A
:10C75000004203F13C010123214482F83D3008707E
:10C7600094F8BC33012B12D00123206884F8BC3329
:10C7700001F000FC002084F8BC0310BD02FB004265
:10C7800003F5FE710023214482F8FD31E7E7022022
:10C79000F3E738B501F00F051C2404FB050104FB89
:10C7A000050401F5FE71C4F810320023C4F8082214
:10C7B000C4F8143284F8FD3184F8FC510369006830
:10C7C000012B08BFC4F80C22DAB21DB901F002FC3B
:10C7D000002038BD01F08CFCFAE701F00F011C23AA
:10C7E00003FB0100D0F81402704738B501F00F05C3
:10C7F0001C2404FB050104FB05043C3123650023D4
:10C8000063650123A26484F83D3084F83C500369D9
:10C810000068012B08BFE264DAB21DB901F0DAFB4F
:10C82000002038BD01F064FCFAE738B5436801F038
:10C830000F059D4204462CD811F0800F4FF01C00CC
:10C840001ED000FB054200FB054101233C3182F86C
:10C850003D3001238B700D7094F8BC239A421AD09E
:10C86000206884F8BC3301F03FFD2DB9217C20689D
:10C8700004F5717201F024FE002084F8BC0338BD79
:10C8800000FB01431A4603F5FE71002382F8FD31D7
:10C89000DFE70120F3E70220F1E738B5436801F054
:10C8A0000F029A4204462AD8C2EBC20311F0800F4D
:10C8B0004FEA83034FF01C0018D000FB024003F145
:10C8C0003C010123214480F83D3000258D700A7021
:10C8D00094F8BC33012B14D00123206884F8BC33B6
:10C8E00001F02DFD84F8BC53284638BD00FB024002
:10C8F00003F5FE710023214480F8FD31E5E70120B6
:10C90000F3E70220F1E7006870B51204446A19B930
:10C9100022438262002070BD836A4D1E04EB1344E3
:10C9200000235E1CDBB29D4205D83F3100EB810045
:10C9300022434260EEE7403300EB83035B6804EB85
:10C9400013443346EDE7036800205962704770478F
:10C950002DE9F341044640B30368DD0710D4236892
:10C9600098075ED423681A0700F1A08023685B074C
:10C9700000F1BE80A069002840F01F8100202BE05C
:10C98000A64B9A6802F00C02042A07D09A6802F0BB
:10C990000C02082A0BD15A68510208D59F4B1B681C
:10C9A0009A03DCD56368002BD9D1012014E06268BA
:10C9B000B2F5803F13D11A6842F480321A60FEF754
:10C9C00031FE964E054633689B03C8D4FEF72AFE17
:10C9D000401B6428F7D9032002B0BDE8F0818F4DD9
:10C9E000B2F5A02F2B6807D143F480232B602B686E
:10C9F00043F480332B60E2E723F480332B602B6811
:10CA000023F480232B60002AD9D1FEF70BFE0646C3
:10CA10002B689F03A3D5FEF705FE801B6428F7D97A
:10CA2000D9E77E4B9A6812F00C0F07D09A6802F093
:10CA30000C02082A11D15B685E020ED4774B1A688B
:10CA4000950702D5E268012AAFD11A68216922F060
:10CA5000F80242EAC1021A6084E7E268704BB2B1A0
:10CA600001221A60FEF7DEFD6C4D06462B68980722
:10CA700007D52B68226923F0F80343EAC2032B6031
:10CA800070E7FEF7CFFD801B0228EFD9A3E71A60FD
:10CA9000FEF7C8FD614E0546336899077FF562AF22
:10CAA000FEF7C0FD401B0228F6D994E762695D4B92
:10CAB0007AB101221A60FEF7B5FD584E0546736F34
:10CAC0009F073FF553AFFEF7ADFD401B0228F6D997
:10CAD00081E71A60FEF7A6FD504E0546736F980772
:10CAE0007FF544AFFEF79EFD401B0228F6D972E7A2
:10CAF0004A4B1A6C12F0805228D101921A6C42F003
:10CB000080521A641B6C03F080530193019B012730
:10CB1000454D2B68D9051BD5A368404D012B27D166
:10CB20002B6F43F001032B67FEF77CFD3B4E054660
:10CB300041F28838336F9B0739D5002F3FF41AAF85
:10CB4000364A136C23F08053136413E70027DFE7A2
:10CB50002B6843F480732B60FEF764FD06462B6858
:10CB6000DA05D9D4FEF75EFD801B0228F7D932E73B
:10CB7000052B04D12B6F43F004032B67D0E72A6FFA
:10CB800022F001022A672A6F22F004022A67002B92
:10CB9000CAD1FEF747FD41F2883806462B6F980749
:10CBA000CBD5FEF73FFD801B4045F7D913E7FEF7D5
:10CBB00039FD401B4045BDD90DE7184DAB6803F06A
:10CBC0000C03082B47D0194E00230228336035D1BF
:10CBD000FEF728FD07462B68990129D4D4E90732CE
:10CBE0001343626A43EA8213E26A43EA0263A26A77
:10CBF0005208013A43EA02436B6001233360FEF7B7
:10CC000011FD064D04462B689A013FF5B7AEFEF7BD
:10CC100009FD001B0228F6D9DDE600BF00380240FE
:10CC200000004742800E47420070004060004742CB
:10CC3000FEF7F8FCC01B0228CDD9CCE6FEF7F2FCCB
:10CC400004462B689B017FF599AEFEF7EBFC001BB9
:10CC50000228F6D9BFE601283FF4BEAEAB68E26910
:10CC600003F4800191427FF4A0AE216A03F03F02F9
:10CC70008A427FF49AAE616A47F6C0721A408A42CD
:10CC80007FF493AEA16A03F440328A427FF48DAE02
:10CC9000E26A03F0706393423FF470AE85E600BF32
:10CCA000134908B58B6803F00C03042B1CD0082B28
:10CCB0001CD14A684B68496813F4800314BF0D48BF
:10CCC0000D48C1F3881118BF002302F03F02A1FBF9
:10CCD0000001FBF799FE064B5B68C3F30143013388
:10CCE0005B00B0FBF3F008BD0248FCE70248FAE73E
:10CCF0000038024000127A000024F4002DE9F041CF
:10CD00000D46044610B90120BDE8F081444B1A6875
:10CD100002F00F028A4228D3226897072DD4D00749
:10CD200041D43F4B1A6802F00F02AA4266D822682B
:10CD300051076CD4130707D53A4A2169936823F445
:10CD4000604343EAC1039360FFF7AAFF354B364ABD
:10CD50009B68C3F30313D35CD840344B1860344B47
:10CD60001868FEF715FC0020CEE7CAB21A701B68DF
:10CD700003F00F038B42C6D1CEE72A4B12F0040F0B
:10CD80001EBF996841F4E0519960160742BF996847
:10CD900041F4604199602349A0688B6823F0F00357
:10CDA00003438B60BBE762681E4B012A1CD11B68E2
:10CDB00013F4003FA7D01B4EB36823F003031343C3
:10CDC000B360FEF72FFC41F288380746B36862680B
:10CDD00003F00C03B3EB820FA3D0FEF723FCC01BC0
:10CDE0004045F3D903208FE7911E01291B6802D823
:10CDF00013F0007FDEE713F0020FDBE7EAB21A70F0
:10CE00001B6803F00F03AB427FF47DAF8FE705494A
:10CE1000E0688B6823F4E05303438B608AE700BF2C
:10CE2000003C02400038024054D40208B8010020FF
:10CE300098010020014B1868704700BFB80100201E
:10CE4000044B054A9B68C3F38223D35C034A1068F2
:10CE5000D84070470038024064D40208B80100206E
:10CE6000044B054A9B68C3F34233D35C034A106802
:10CE7000D84070470038024064D40208B80100204E
:10CE80000F2303600B4B9A6802F0030242609A681A
:10CE900002F0F00282609A6802F4E052C2609B687D
:10CEA000DB0803F4E0530361034B1B6803F00F033B
:10CEB0000B60704700380240003C024003230360CF
:10CEC0000C4BD3F88420C2F388124260D3F884203C
:10CED000C2F30272826099681A6F01F4F81102F4C9
:10CEE00040720A43C260D3F88C30C3F3006303740A
:10CEF000704700BF00380240704710B50446002854
:10CF000036D00023836290F8513003F0FF021BB942
:10CF100080F85020FFF7F0FF2168A269022384F80F
:10CF200051300B6823F040030B60D4E90130034318
:10CF3000E06803432069034360690343E0690343F6
:10CF4000206A0343A06A034302F4007003430B60AA
:10CF5000120C636A02F004021A434A60CB6923F49C
:10CF60000063CB6100200123606584F8513010BD5F
:10CF70000120FCE7036A23F001030362036A70B532
:10CF8000446882690D6822F073022A438D6823F099
:10CF900002032B430A4DA8420BD1CD6823F00803AE
:10CFA0002B43D1E9055624F44074354323F00403A0
:10CFB0002C43446082614A684263036270BD00BFD3
:10CFC00000000140036A23F480730362036A70B5B2
:10CFD0004468C2690D6822F073022A438D6823F405
:10CFE000007343EA05230B4DA8420DD1CD6823F40D
:10CFF000006343EA0523D1E9055624F44054354340
:10D0000023F4806344EA05144460C2614A68C26341
:10D01000036270BD00000140036A23F48053036281
:10D02000036A30B54468C2690D6822F4E64242EAF8
:10D0300005228D6823F4005343EA0533064DA842C8
:10D0400002BF4D6924F4804444EA85144460C261FF
:10D050004A680264036230BD00000140022380F888
:10D060003D3003689A6802F00702062A1EBF1A685C
:10D0700042F001021A60012380F83D300020704721
:10D0800090F83C30012B4FF0020309D080F83D307E
:10D0900003685961012380F83D30002380F83C305B
:10D0A000184670477047704703681A69910710B5B2
:10D0B00004460ED5DA6892070BD56FF002021A61AA
:10D0C000012202779B699B0777D0FCF767FB00235F
:10D0D000237723681A69500710D5DA6851070DD5F0
:10D0E0006FF004021A61022222779B6913F4407FD9
:10D0F000204668D0FCF752FB0023237723681A6987
:10D1000012070FD5DA6810070CD56FF008021A6104
:10D1100004222277DB69990720465AD0FCF73EFBB0
:10D120000023237723681A69D20610D5DA68D0065F
:10D130000DD56FF010021A6108222277DB6913F413
:10D14000407F20464BD0FCF729FB00232377236840
:10D150001A69D10708D5DA68D20705D56FF0010240
:10D160001A612046FCF7EEFA23681A69100608D502
:10D17000DA68110605D56FF080021A61204600F0CA
:10D1800076FA23681A69520608D5DA68500605D57A
:10D190006FF040021A612046FFF785FF23681A6985
:10D1A000910622D5DA6892061FD56FF0200220463C
:10D1B0001A61BDE8104000F059BAFCF7EDFA2046BC
:10D1C000FFF770FF83E7FCF7E7FA2046FFF76AFFF7
:10D1D00092E7FCF7E1FA2046FFF764FFA0E7FCF7CF
:10D1E000DBFA2046FFF75EFFAFE710BD244A036875
:10D1F00090420ED0B0F1804F0BD0A2F57C4290420D
:10D2000007D002F58062904203D002F5806290421E
:10D2100015D14A6823F070031343194A904219D07C
:10D22000B0F1804F16D0A2F57C42904212D002F5A8
:10D23000806290420ED002F5806290420AD0114A7C
:10D24000904207D002F58062904203D002F58062DE
:10D25000904203D1CA6823F4407313434A6923F010
:10D260008003134303608B68C3620B688362044BC3
:10D27000984204BF0B69036301234361704700BFF9
:10D28000000001400040014010B50446A0B190F8F4
:10D290003D3003F0FF021BB980F83C2001F0C0FED6
:10D2A0000223206884F83D30211DFFF79FFF0123F2
:10D2B00084F83D30002010BD0120FCE7036A23F014
:10D2C00010030362036A70B5446882690D6822F432
:10D2D000E64242EA05228D6823F0200343EA051363
:10D2E0000B4DA8420DD1CD6823F0800343EA05130E
:10D2F000D1E9055624F44064354323F0400344EA61
:10D300008504446082614A688263036270BD00BF25
:10D310000000014010B590F83C30012B04464FF05E
:10D32000020010D00123082A84F83C3084F83D0024
:10D3300018D009D872B1042A10D00123002084F833
:10D340003D3084F83C0010BD0C2AF6D12068FFF770
:10D3500063FEF2E72068FFF70DFEEEE72068FFF7B7
:10D36000ADFFEAE72068FFF72DFEE6E738B590F855
:10D370003C30012B04464FF0020010D00123082A54
:10D3800084F83C3084F83D003FD009D8DAB1042A53
:10D390002AD00123002084F83D3084F83C0038BDB9
:10D3A0000C2AF6D12068FFF737FE23680969DA698D
:10D3B00042F40062DA61DA6922F48062DA61DA69E1
:10D3C00042EA012230E02068FFF7D4FD23680969B2
:10D3D0009A6942F008029A619A6922F004029A61FD
:10D3E0009A690A439A61D4E72068FFF767FF2368C8
:10D3F00009699A6942F400629A619A6922F480622A
:10D400009A619A6942EA0122ECE72068FFF7DAFDA7
:10D4100023680969DA6942F00802DA61DA6922F000
:10D420000402DA61DA690A43DA61B2E770B5046AC4
:10D43000164E24F001040462B0428469056A21D0CA
:10D44000B0F1804F1ED0A6F57C46B0421AD006F54A
:10D450008066B04216D006F58066B04212D006F55E
:10D460009A36B0420ED044F001021B01DBB222F02A
:10D47000F0021A4301F00A0125F00A031943826100
:10D48000016270BD24F003042243EEE70000014076
:10D49000F8B590F83C30012B04460E4615464FF087
:10D4A00002001AD0012384F83D0084F83C30D1E911
:10D4B00000122068F3688DB9FFF7B8FF2368B168E0
:10D4C0009A6922F00C029A619A690A439A610123CF
:10D4D000002084F83D3084F83C00F8BD042DB66887
:10D4E00022D1056A25F0100505628769D0F820E091
:10D4F00027F4407C1D034CEA022C09012CF4704CEB
:10D50000ADB22EF0A00E01F0A00145EA0C0541EAF3
:10D510000E0185610162836923F44063836183693D
:10D5200043EA06268661D2E7082D056A1CD125F458
:10D5300080750562C769056A27F0030717431B0159
:10D540000902DBB227F0F00725F4206501F4206121
:10D550001F432943C7610162C36923F00C03C36100
:10D56000C3691E43C661B2E725F480550562C569EB
:10D57000076A25F4407545EA02251B03090325F4D3
:10D5800070459BB227F4204701F420412B433943D7
:10D59000C3610162C36923F44063C361C36943EAA1
:10D5A0000626DFE7036A01F01F0110B501248C4055
:10D5B00023EA04030362036A8A401A43026210BD2D
:10D5C00010B5044601220068FFF7ECFF2368094A02
:10D5D000934202BF5A6C42F400425A649A6802F0C5
:10D5E0000702062A1EBF1A6842F001021A600020D4
:10D5F00010BD00BF00000140FFF7E2BF10B50446B8
:10D6000001220068FFF7CEFF23689A6802F0070244
:10D61000062A1EBF1A6842F001021A60002010BDDF
:10D62000036A01F01F0110B504248C4023EA0403AF
:10D630000362036A8A401A43026210BD10B50446B1
:10D6400004220068FFF7ECFF23685A6C42F40042A2
:10D650005A649A6802F00702062A1EBF1A6842F04E
:10D6600001021A60002010BDFFF7E8BF7047704745
:10D670000368DA6822F49072DA605A6922F00102D3
:10D680005A61202380F83A307047000038B50368AB
:10D69000C1681A69044622F440520A431A61256996
:10D6A000A268D968C0692A43656921F416412A43F2
:10D6B00021F00C0102430A43DA605A69A16922F49D
:10D6C00040720A43B0F5004F5A61254A28D193426F
:10D6D00003D002F5806293421FD1FFF7C1FB62685D
:10D6E000002392184FF019015B41A0FB0101FBF7E9
:10D6F0008BF96421B0FBF1F501FB1503DB0032333C
:10D70000B3FBF1F303F007025B00216802EB0512A3
:10D7100003F4F87313448B6038BDFFF791FBDEE729
:10D72000934202D00F4A934217D1FFF799FB6368E7
:10D7300019219A00A0FB01019B0FFBF765F96422F8
:10D74000B0FBF2F102FB110324681B013233B3FB7F
:10D75000F2F303EB0113A360DEE7FFF771FBE6E7EB
:10D760000010014000140140704710B5044640B35A
:10D7700090F8393003F0FF021BB980F83820FFF72A
:10D78000F3FF2268242384F83930D36823F400534C
:10D79000D3602046FFF77AFF23681A6922F490428B
:10D7A0001A615A6922F02A025A61DA6842F4005278
:10D7B000DA6000202023E06384F8393084F83A30BE
:10D7C00010BD0120FCE710B5044660B390F8393075
:10D7D00003F0FF021BB980F83820FFF7C5FF22686D
:10D7E000242384F83930D36823F40053D3602046CF
:10D7F000FFF74CFF23681A6922F490421A615A69B4
:10D8000022F022025A615A6942F008025A61DA682B
:10D8100042F40052DA6000202023E06384F83930BB
:10D8200084F83A3010BD0120FCE7704710B504467B
:10D8300090B10268242380F83930D36823F4005370
:10D84000D360FFF7F2FF0020E06384F8380084F82B
:10D85000390084F83A0010BD0120FCE790F8393017
:10D86000202B18D1A9B1A2B190F83830012B12D0D9
:10D87000C28401628284016800232122C36380F88C
:10D88000383080F83920CA6842F08002CA601846F1
:10D890007047012070470220704790F83A30202BE3
:10D8A00020D1E9B1E2B190F83830012B1AD0C2850D
:10D8B000828500232222C36380F83A20026880F820
:10D8C00038308162D16841F48071D160516941F092
:10D8D00001015161D16841F02001D16018467047C3
:10D8E000012070470220704710B590F83A30222B83
:10D8F00033D181680469836A0268B1F5805F23D1FE
:10D900005268ECB9C2F3080223F8022B8362C48D7B
:10D91000013CA4B2C4858CB90368DA6822F0200205
:10D92000DA60DA6822F48072DA605A6922F0010261
:10D930005A61202380F83A3001F06EFD00200DE09E
:10D94000D2B223F8012BE1E7591C526881620CB96D
:10D950001A70DCE702F07F02FAE7022010BD000037
:10D9600003681A68D96870B516075D69044607D15F
:10D9700096065CD58D065AD5BDE87040FFF7B4BF5A
:10D9800005F0010001F49075054350D0D60705D588
:10D99000CD0542BFE36B43F00103E363530704D5B6
:10D9A00018B1E36B43F00203E363960704D518B1A3
:10D9B000E36B43F00403E363150707D501F020038D
:10D9C00003431EBFE36B43F00803E363E36B4BB316
:10D9D000900604D5890602D52046FFF785FF236807
:10D9E0005B69E56B03F0400305F008051D43204625
:10D9F00019D0FFF73DFE23685A6952060FD55A69C0
:10DA0000606B22F040025A6148B1264B0365FEF775
:10DA1000D5F838B1606BBDE87040036D18472046FB
:10DA200001F010FD70BD01F00DFDE563FAE716068B
:10DA300028D50D0626D594F83920212AF2D1A168DF
:10DA4000226AB1F5805F18D11188C1F308015960CD
:10DA5000216981B902322262E28C013A92B2E284F7
:10DA6000002ADFD1DA6822F08002DA60DA6842F058
:10DA70004002DA60D6E70132EDE7511C21621278EC
:10DA80005A60E9E75006CDD54A06CBD5DA6822F0D0
:10DA90004002DA60202384F83930204601F0BFFCD0
:10DAA000C0E700BFA9DA000808B5806B0023C38572
:10DAB000C38401F0C7FC08BD90F83830012B11D0A9
:10DAC0000268242380F83930D36823F00C0343F034
:10DAD0000803D360202380F83930002380F83830E1
:10DAE000184670470220704790F83830012B11D04B
:10DAF0000268242380F83930D36823F00C0343F004
:10DB00000403D360202380F83930002380F83830B4
:10DB1000184670470220704790F8392090F83A0074
:10DB2000104370470A4B013B0FD00269002AFADA12
:10DB30000369074A43F001030361013A05D0036911
:10DB400013F00103F9D1184670470320704700BF56
:10DB5000410D030084B038B505AD85E80E000A9B81
:10DB6000012B044625D1836B23F480338363C36880
:10DB700023F4840323F04003C360C36823F44013F9
:10DB8000C360119B012B02BFC36843F48013C360C1
:10DB9000FFF7C8FF089B012B07D1A36843F00603DA
:10DBA000A360A36843F02003A360BDE8384004B03D
:10DBB0007047C36843F04003C360FFF7B3FF0E9B99
:10DBC00023B9A36B43F48033A363E3E7A36B23F48C
:10DBD0008033F9E7022A4AD1274B284A0B44934263
:10DBE00039D9274B274A0B44934236D9264AA1F507
:10DBF0007403A3F51053934231D9244AA1F18373DE
:10DC0000A3F5E74393422CD3214B224A0B44934282
:10DC100029D9214B214A0B44934226D3204B214A38
:10DC20000B44934223D3204AA1F1B773A3F5585371
:10DC300093421ED31D4B1E4A0B44934234BF07230D
:10DC40000623C26822F47052C260C26842EA83238B
:10DC5000C360002070470F23F3E70E23F1E70D2385
:10DC6000EFE70C23EDE70B23EBE70A23E9E70923B2
:10DC7000E7E70823E5E700BF405327FFFF340C0028
:10DC8000401E1BFF3F420F007F4F120020D61300A3
:10DC900060B6E5FE5FE3160000D3CEFE40771B00C2
:10DCA000C05BB3FEC091210020753800E05459FEDE
:10DCB000E09C4100836843F00103836000207047CB
:10DCC000836823F0010383600020704708B5C368B0
:10DCD000012923F0C043C36008D1C36843F0005357
:10DCE000C3603220FDF7A4FC002008BD19B9C36849
:10DCF00043F08043F4E70120F7E70000890141F099
:10DD00002001064A0161013A05D0036913F020039E
:10DD1000F9D1184670470320704700BF410D03003A
:10DD20001023064A0361013A05D0036913F010037A
:10DD3000F9D1184670470320704700BF410D03001A
:10DD4000D0F800381943C0F80018002070470000D0
:10DD500084B02DE9F047044609A880E80E000023AE
:10DD60000C9E139D0F46194603F1400204EB8202FC
:10DD700001330F2B5160F7D1002D7BD1A36B43F4FE
:10DD80000013A363A36B23F40023A363A36B23F407
:10DD90008023A3630023C4F8003ED4F80038C4F8FD
:10DDA00000380E9B012B04F500686DD10B990029FA
:10DDB00068D12046FFF7C4FF10212046FFF79EFFE1
:10DDC00001462046FFF7ACFF0843C0B200230038ED
:10DDD000C8F8103018BF0120C8F8143004F51062DC
:10DDE000C8F81C3019464FF0904C4FF0006E4FF6BB
:10DDF0007F39BB424AD1002204F5306311464FF00F
:10DE0000904C4FF0006E4FF67F39BA4251D1D8F89E
:10DE10001030012E23F48073C8F810300AD12E4B35
:10DE2000C8F83030D8F8303043F4803343F003037F
:10DE3000C8F830300023A3616FF0804363611EB9DE
:10DE4000A36943F01003A361A269244B1343A361A8
:10DE50000F9B1BB1A36943F00803A361012D01BF10
:10DE6000A36943F0804343F00403A361BDE8F04796
:10DE700004B07047236823F400132360A36B43F4BA
:10DE8000002386E7194694E7032192E7D2F800A021
:10DE9000BAF1000F0BDA3BB9C2F800E011610133AF
:10DEA000C2F808902032A4E7C2F800C0F6E711607B
:10DEB000F4E7D3F800A0BAF1000F0BDA3AB9C3F8CF
:10DEC00000E019610132C3F8089020339DE7C3F8E0
:10DED00000C0F6E71960F4E70001800000383C80DC
:10DEE000D0F8083813F0060004D013F0020F14BF66
:10DEF00002200F20704730B50D78012405F00F0384
:10DF00009C404B7800F50062012B00EB4510D36973
:10DF100018D11C43D461D0F800391A0410D48A688F
:10DF2000D0F80049C2F30A03CA78234343EA824384
:10DF300043EA855343F0805343F40043C0F800396B
:10DF4000002030BD43EA0444D461D0F8003B1B04F8
:10DF5000F6D48B68D0F8002BC3F30A031343CA78B6
:10DF600043EA824343F0805343F40043C0F8003B4C
:10DF7000E6E7000030B50C78497800F5006204F05F
:10DF80000F050123012903FA05F3D16B00EB4410BF
:10DF90000ED121EA0301D163D16921EA0303D361E0
:10DFA000D0F80029094B1340C0F80039002030BDDB
:10DFB00021EA0341D163D16921EA0343D361D0F857
:10DFC000002B034B1340C0F8003BEFE7007833EC25
:10DFD0000078F3EF4B78DFF8ECC0F0B50E784D69C0
:10DFE000374F012B00EB461446D104F51063BDB941
:10DFF0001D692F401F611D6945F400251D611D69C4
:10E0000005EA0C05012A1D6123D10A6902B15A6192
:10E01000D4F8003943F00443C4F800390020F0BDBF
:10E02000D3F810E00EEA0C0CC3F810C0D3F810C0FF
:10E030000CEA07071F618F68AF421D6938BF4F6147
:10E0400045F400251D614D691F69C5F312053D4367
:10E05000D8E7D4F8003943F00443C4F800394B69D9
:10E06000002BDBD0D0F8342806F00F060123B34094
:10E070001343C0F83438D1E7D4F8100B00EA0C0091
:10E08000C4F8100BD4F8100B384004F53063186155
:10E09000886805B148611D6945F400251D611D6949
:10E0A000C0F312002843012A186102D1CA6802B1E4
:10E0B0005A61D4F8003B43F00443C4F8003BADE799
:10E0C000FFFF07E00000F8FF10B59DF8084044B9D5
:10E0D000033301329B0800EB023001EB83038B42D8
:10E0E00001D1002010BD51F8042B0260F7E70000B9
:10E0F0002DE9F3414D780F784B69CE78DFF8C0C138
:10E10000DFF8C0E1012D00EB471440F08E8004F5EC
:10E110001065D5F810806BBB08EA0C0CC5F810C070
:10E12000D5F810C04CF4002CC5F810C0D5F810C0BC
:10E130000CEA0E0EC5F810E0012A4ED10B6903B1AE
:10E140006B61012E0CD1D0F8083813F4807FD4F81D
:10E1500000390CBF43F0005343F08053C4F800393A
:10E16000D4F8003943F00443C4F80039002002B069
:10E17000BDE8F08108EA0E0EC5F810E0D5F810E011
:10E180000EEA0C0CD1F808E0C5F810C00EEB030C39
:10E190000CF1FF3CBCFBFEFEDFF82CC1D5F8108073
:10E1A0000CEACE4C4CEA080CC5F810C0D5F810E0CB
:10E1B000C3F3120C4CEA0E0C012EC5F810C0BBD1F3
:10E1C000D5F810C02CF0C04CC5F810C0D5F810C060
:10E1D0004CF0005CC5F810C0AEE7D4F80059012E31
:10E1E00045F00445C4F800590BD0002BBED0D0F840
:10E1F000343807F00F02012797401F43C0F83478E6
:10E20000B4E7D0F8085815F4807FD4F800590CBF53
:10E2100045F0005545F08055C4F800590092C96892
:10E220009BB23A46FFF750FFA0E7D4F8105B05EA2F
:10E230000E05C4F8105BD4F8105B05EA0C0504F574
:10E2400030673D618D681BBB3B69C5F312051D43FB
:10E250003D613B6943F40023012A3B6102D1CB6855
:10E2600003B17B61012E0CD1D0F8083813F4807F04
:10E27000D4F8003B0CBF43F0005343F08053C4F884
:10E28000003BD4F8003B43F00443C4F8003B6DE787
:10E29000DFF834C0D7F810E02B44013BB3FBF5F3B3
:10E2A0000CEAC34C4CEA0E0CC7F810C09BB2D7F86E
:10E2B00010C06B43C3F3120343EA0C03CCE700BF67
:10E2C000FFFF07E00000F8FF0000F81F033292088C
:10E2D00001EB820200F58050914201D1084670475F
:10E2E000036841F8043BF7E74A780B78012A00EB12
:10E2F000431012D1D0F80029002A06DB2BB1D0F848
:10E30000003923F08043C0F80039D0F8003943F4D5
:10E310000013C0F8003900207047D0F8002B002A05
:10E3200006DB2BB1D0F8003B23F08043C0F8003B64
:10E33000D0F8003B43F40013C0F8003BEBE70B7848
:10E340004A7800EB4310CB78012AA3F10203DBB239
:10E350000FD1D0F80029012B22F40012C0F80029B7
:10E3600005D8D0F8003943F08053C0F800390020B8
:10E370007047D0F8002B22F40012012BC0F8002BBC
:10E380009EBFD0F8003B43F08053C0F8003BEEE75F
:10E3900010B500F51063044600F52E614FF67F328C
:10E3A0009A60C3F8082220338B42F9D10022C4F8C6
:10E3B00010282046C4F81428C4F81C28FFF7B0FC25
:10E3C00028B920461021BDE81040FFF797BC10BDCA
:10E3D000D0F8003823F4FE63C0F80038D0F80038D5
:10E3E000090101F4FE611943C0F8001800207047CC
:10E3F00008B5D0F8043823F00203C0F8043803202D
:10E40000FDF716F9002008BD08B5D0F8043843F030
:10E410000203C0F804380320FDF70AF9002008BD04
:10E420004269806910407047D0F8183800F50060E4
:10E43000C0691840000C7047D0F8183800F500602B
:10E44000C069184080B2704700EB411100F50060D0
:10E45000D1F8082B40691040704710B5D0F810482B
:10E46000D0F8343800EB411001F00F01CB4000F53B
:10E470001060DB018068DBB22343184010BD4069A7
:10E4800000F001007047D0F8003923F4FF6323F057
:10E490000703C0F80039D0F8082802F00602042A61
:10E4A00002BFD0F8002942F00302C0F80029D0F8DA
:10E4B000042842F4807200F5006300205A6070471F
:10E4C00030B5056C104CA54200F5306303D9D0F887
:10E4D000004B002C16DB00241C611C6944F4002452
:10E4E0001C611C6944F018041C611C69012944F07A
:10E4F000C0441C6101BF5A61D0F8003B43F0802347
:10E50000C0F8003B002030BD0A30544F86B00023D5
:10E51000052853D8DFE800F003111E2B384500937F
:10E52000274B28481A6B42F001021A631B6B03F059
:10E5300001030093009B06B070470193204B2248D3
:10E540001A6B42F002021A631B6B03F00203019381
:10E55000019BF0E702931A4B1C481A6B42F004022D
:10E560001A631B6B03F004030293029BE3E703931C
:10E57000134B17481A6B42F008021A631B6B03F027
:10E5800008030393039BD6E704930D4B11481A6BC2
:10E5900042F010021A631B6B03F010030493049BF8
:10E5A000C9E70593064B0C481A6B42F080021A63C8
:10E5B0001B6B03F080030593059BBCE70020BAE7C3
:10E5C00000380240000002400004024000080240FF
:10E5D000000C024000100240001C024008B5064931
:10E5E00000F040FBC0F3C430831E022B9ABF8000B2
:10E5F0000438002008BD00BF64CC020802680D4B3F
:10E600009A4282B00BD1002301930B4B5A6C42F417
:10E6100080725A645B6C03F480730193019B074B17
:10E62000B3F90000C30503D4054902B000F0D6BA1F
:10E6300002B070470020014000380240B4010020C1
:10E6400098CB0208084B01685A6A42F480725A62F9
:10E650005A6A22F480725A62044A914202BF5A6C8A
:10E6600022F480725A647047003802400020014052
:10E67000F0B599B0074648220D4606A800211BF0C8
:10E6800035FD0021102202A81BF030FD0024F90501
:10E69000ADF80640BBB20DD5B7F5827F0ADA414A24
:10E6A00006926FF480721344022B01D8A7F1F10493
:10E6B000072610E03C49384600F0B0FA3A49069087
:10E6C000384600F0CFFAC0F3C434631E112B4FF06C
:10E6D000010688BF0024069B13B9002019B0F0BDC5
:10E6E0004FF48033082D079354D00A2D55D0062DB2
:10E6F00056D14FF040732D4A08930023CDE90933DA
:10E70000CDE910238DF830308DF838300F938DF827
:10E710004830169314938DF85430254B012506A8E4
:10E720000B950D951F80FCF797FF0028D5D1CDE9FB
:10E73000046002A906A8CDE90245FDF71BF90028EF
:10E74000CBD106A8FDF748F80028C6D10A2106A8B3
:10E75000FDF7BDF80028C0D106A8FDF79DF9830597
:10E7600005D506A8FDF702F980B2ADF8060006A8A7
:10E77000FDF792F80028B0D106A8FDF713F800289D
:10E78000ABD10C4A536823F440035360BDF8060034
:10E7900080B2A3E74FF00073ADE74FF08073AAE7B4
:10E7A0000023A8E70020014098CB02080100000FD9
:10E7B000B4010020002301402DE9F3478946254993
:10E7C000254C98461746064600F028FAFAF74CFD05
:10E7D00054F8203005467BB91E49304600F01EFA39
:10E7E0000190A820FBF733FB01998246FAF792FDCE
:10E7F00054F82530C3F800A054F8253015491C689A
:10E80000304600F02FFAC0F3C43529462046FAF707
:10E81000E9FC0528824605D03346052229462046D4
:10E82000FAF736FC022249462046FAF717FE43461D
:10E830003A4629462046FAF767FEBAF1050F05D099
:10E84000204602B0BDE8F047FAF7FCBB02B0BDE8D5
:10E85000F08700BF64CC0208BC05002073B51549E1
:10E86000154C064600F0DAF9FAF7FEFC54F82030B1
:10E87000054673B90F49304600F0D0F90190A82041
:10E88000FBF7E5FA01990646FAF744FD54F82530FE
:10E890001E6054F825301C684CB12046FAF71AFD6A
:10E8A000A821204602B0BDE87040FBF7D2BA02B002
:10E8B00070BD00BF64CC0208BC050020FCF7B2BEEE
:10E8C000704708B5FCF7A2FEFDF774F9FFF7F8FFF3
:10E8D00008BD00000B4BDA68D2015EBFDA6842F077
:10E8E0008072DA60084B00225A601A6842F0010216
:10E8F0001A6000BF00BF00BF5868B0FA80F040093E
:10E90000704700BFF0ED00E0001000E008B5FFF731
:10E91000E1FFFCF761FEFAF70BF9BDE80840FCF7F0
:10E9200033BD00000023012803F1010202D040089A
:10E930001346F8E71421DBB24B43044A181D104478
:10E94000816811B11A4413691847704714060020F2
:10E950000120FDF703BB0220FDF700BB0420FDF7FB
:10E96000FDBA0820FDF7FABA1020FDF7F7BA38B55E
:10E9700005242025A8B2FDF7F1FA013C4FEA450530
:10E98000F8D138BD38B506244FF48065A8B2FDF73C
:10E99000E5FA013C4FEA4505F8D138BD204B072187
:10E9A0001975082183F82810092183F83C100A21E1
:10E9B000062283F8501017211A7083F86410002281
:10E9C00083F8781083F88C1083F8A01083F8B410C3
:10E9D0002821DA601A625A639A64DA651A67C3F802
:10E9E0008420C3F89820C3F8AC20C3F8C02083F873
:10E9F000C810C3F8D42083F8DC10C3F8E82083F8EB
:10EA0000F010C3F8FC2083F80411C3F8102183F838
:10EA10001811C3F8242183F82C11C3F8382170474A
:10EA20001406002038B5054CA4F5A075143C201D33
:10EA3000FAF754FAAC42F9D138BD00BF54070020B0
:10EA400030B5436891FAA1F4B4FA84F50124AC40DE
:10EA500023EA040391FAA1F1B1FA81F18A40134348
:10EA6000436030BD30B5C46891FAA1F3B3FA83F3C3
:10EA700003255B0005FA03F324EA030391FAA1F1ED
:10EA8000B1FA81F149008A401343C36030BD431C91
:10EA900004D00C3131F90C3C5A1C01D100207047D4
:10EAA000834201F10C01F5D10120704700F00F0203
:10EAB000484B2DE9F041C0F303141FFA80F80130F0
:10EAC00053F822500E4601F0070703D1424848216F
:10EAD00000F0D6F82046FFF719FD8368044695FA42
:10EAE000A5F2B2FA82F20321520001FA02F223EAFD
:10EAF000020195FAA5F3B3FA83F35A000323934076
:10EB00000B438360032F35D8DFE807F01D1D021D7E
:10EB100018F0080FC6F3062217D0406A2B0A93FAA2
:10EB2000A3F1B1FA81F14FF00F0C89000CFA01F159
:10EB300020EA010193FAA3F3B3FA83F39B0002FAEC
:10EB400003F30B4363623B4619E0036A95FAA5F1B0
:10EB5000B1FA81F10F20890000FA01F123EA0101E5
:10EB600095FAA5F3B3FA83F39B0002FA03F30B4380
:10EB70002362E8E718488D2100F082F8002321681D
:10EB800095FAA5F2B2FA82F20320520000FA02F2DC
:10EB900021EA020195FAA5F2B2FA82F252009340FC
:10EBA000013F0B43012F236007D816F0080218BF5E
:10EBB000012229462046FFF743FFC6F30112012A2E
:10EBC00002D0022A18BF002229462046BDE8F041A3
:10EBD000FFF748BF14D40208AFD30208431C06D184
:10EBE0007047834202D18968FFF760BF0C31B1F9E9
:10EBF00000305A1CF5D10248B92100F041B800BFDD
:10EC0000AFD30208B1F900305A1C01D1002070477F
:10EC1000834201D1486870470C31F3E7431C01D0AF
:10EC2000FFF7F0BF002070474B6813B94FF0FF307B
:10EC30007047834202D1B1F9000070470C31F3E70D
:10EC400008B1FFF7F1BF4FF0FF307047B1F9003066
:10EC50005A1C01D118467047834201D18868704719
:10EC60000C31F3E7431C01D0FFF7F0BF7047884237
:10EC700004D018B100290CBF014600210846704796
:10EC8000FEE70000014B185C704700BF58070020EA
:10EC9000014B1954704700BF5807002008B50349BD
:10ECA00003484FF480421BF0F9F908BD004000080A
:10ECB0005807002070B5002386B0CDE90033022349
:10ECC00005930123CDE90333FDF70AF8694601A84E
:10ECD000FDF7F6F868B9094D094C0A4E55F8042BB2
:10ECE000002321460220FDF741F810B90434B44254
:10ECF000F4D1FDF707F806B070BD00BF580700203B
:10ED000000400008008000080F49D1F8883043F423
:10ED10007003C1F888300D4B1A68002042F00102E0
:10ED20001A6098601A6822F0847222F480321A60A5
:10ED3000074A5A601A6822F480221A60D8604FF09D
:10ED400000638B60704700BF00ED00E000380240B8
:10ED5000103000240438704703683F4A934288B05B
:10ED60001BD1002200923D4A516C41F001015164D7
:10ED7000526C02F001020092009A394A93423FD14C
:10ED800000230593354B5A6C42F480325A645B6C15
:10ED900003F480330593059B17E0B3F1804F16D041
:10EDA000304A934220D0304A934239D02F4A93427E
:10EDB000E3D100230493294B1A6C42F008021A6431
:10EDC0001B6C03F008030493049B08B070470022F7
:10EDD0000192224A116C41F001011164126C02F09F
:10EDE00001020192019AC8E7002202921B4A116CAB
:10EDF00041F002011164126C02F002020292029AC6
:10EE00001B4A934218D100230693144B5A6C42F4C8
:10EE100000325A645B6C03F400330693069BD4E71C
:10EE2000002203920D4A116C41F004011164126C2E
:10EE300002F004020392039A0E4A9342C5D10023C2
:10EE40000793064B5A6C42F480225A645B6C03F4BD
:10EE500080230793079BB8E7000001400038024079
:10EE6000004001400004004000080040000C004049
:10EE700000440140004801400368224A93420DD1FA
:10EE800021494A6C22F001024A64204A934222D16D
:10EE90001D4A536C23F4803353647047B3F1804FA1
:10EEA0000ED01B4A934211D01A4A93421BD01A4AE1
:10EEB0009342EAD1144A136C23F008031364704799
:10EEC00011490A6C22F001020A64DEE70E490A6C5D
:10EED00022F002020A64114A934209D10A4A536C91
:10EEE00023F40033D8E708490A6C22F004020A64CC
:10EEF0000B4A934200D07047034A536C23F480239B
:10EF0000CAE700BF00000140003802400040014055
:10EF10000004004000080040000C00400044014094
:10EF20000048014008B5431C014611D0184B9842D7
:10EF300024D010D8A3F50063984221D003F5806354
:10EF400098421FD0B0F1804F1ED01248FFF798FEB4
:10EF50006FF00D0008BD104B984217D009D8A3F5EB
:10EF60008843984212D003F580439842EDD118208F
:10EF7000F0E70A4B9842E8D11A20EBE73220E9E7A4
:10EF80001D20E7E71E20E5E71C20E3E71920E1E765
:10EF9000000C00406CD402080044014000480140CD
:10EFA00008B5431C014612D0194B984224D016D8FC
:10EFB000A3F57843984221D00CD8B0F1804F1FD0F0
:10EFC000A3F5806398421DD01248FFF759FE6FF0F9
:10EFD0000D0008BD104B9842F6D13220F9E70F4BD7
:10EFE000984211D003F5806398420FD0A3F50063D7
:10EFF0009842E9D11820ECE71B20EAE71E20E8E759
:10F000001C20E6E71D20E4E71920E2E71A20E0E7EC
:10F01000000001406CD40208000C00400044014094
:10F0200038B50446FFF798FE0068FFF77BFFD4E988
:10F030001012FCF745FD2068FFF774FFFCF772FD26
:10F040002068FFF7ADFF05462068FFF76BFF85429C
:10F050000DD02068FFF7A4FFD4E91012FCF730FDB3
:10F060002068FFF79DFFBDE83840FCF75BBD38BD69
:10F0700008B5431C014610D0114B98421BD011D843
:10F08000A3F57843984218D009D820F48063B3F1EF
:10F09000804F12D00B48FFF7F3FD002008BD0A4B4C
:10F0A0009842F6E7094B984205D020F48062A3F518
:10F0B00000639A42EED10220F0E70120EEE700BFA4
:10F0C0000000014084D40208000C004000480140C8
:10F0D0002DE9FF4704468946B0F94C004C49DDF85C
:10F0E00030A090461F46FFF799FD4A490546B4F9FE
:10F0F0004E00FFF793FD0646002D00F08580B4F921
:10F100004E30013301D000287ED031462846FFF72B
:10F11000AEFD2060002877D03F4B98423AD103F5EE
:10F1200094335A6A42F010025A625A6A22F010026C
:10F130005A62002201925A6C42F010025A645B6CCF
:10F1400003F010030193019B2523A4F850303049AC
:10F15000B4F94C00FFF742FD26B12E49B4F94E0038
:10F16000FFF73CFD94F851202C4B6761201D43F8BC
:10F17000220023680C22C4E901390023C4E9038A70
:10F18000C4E906232362002E39D104B0BDE8F0475C
:10F19000FEF719BB224B984217D103F5FA331A6ACE
:10F1A00042F400321A621A6A22F400321A62002211
:10F1B00002921A6C42F400321A641B6C03F400339E
:10F1C0000293029B4FF49373BFE7164B9842BED154
:10F1D000154D6B6A43F020036B626B6A23F02003CA
:10F1E0006B62002303936B6C43F020036B646B6CC6
:10F1F00003F020030393039B40F24723A5E704B0E9
:10F20000BDE8F047FEF7B1BA04B0BDE8F08700BF33
:10F21000E8CF0208A0CF02080010014058470020A4
:10F2200000440040001401400038024008B1FFF7DC
:10F230004FBF704710B590F85120012A044610D0F6
:10F24000022A2BD0D2B91C4B596A41F010015962E5
:10F25000596A21F010015962596C21F0100159646A
:10F260000CE0154B196A41F400311962196A21F456
:10F2700000311962196C21F4003119640F4B53F8F5
:10F280002200FEF7D3FA0E4B94F8512093F8511058
:10F29000914204BF032283F8512010BD064B596AE6
:10F2A00041F020015962596A21F020015962596CDC
:10F2B00021F02001D3E700BF00380240584700206A
:10F2C000BC01002008B5074B90F8512053F82200EC
:10F2D000FEF722FC00F02200A0F122035842584120
:10F2E00008BD00BF5847002008B5074B90F85120D3
:10F2F00053F82200FEF710FC00F02100A0F12103DA
:10F300005842584108BD00BF5847002070B50E460E
:10F31000054610B94FF0FF3070BDFFF7D3FF04462C
:10F320000028F7D12946012211F8523F337095F891
:10F330005100034B53F82000FEF7AFFA2046EBE7ED
:10F340005847002070B50E460446F0B1FFF7BAFFEB
:10F350000546D0B994F950006664FCF7F1FB94F8C7
:10F3600051000A4B04F1520153F820000122FEF72C
:10F3700094FA94F950002A460121FCF7A1FB94F974
:10F380005000BDE87040FCF7CDBB70BD5847002071
:10F3900010B50446E8B1816490F95000FCF7D0FB49
:10F3A000A36DB4F8621094F8510013FA81F1094B7F
:10F3B000012253F82000FEF751FA94F95000002280
:10F3C0000121FCF77DFB94F95000BDE81040FCF7EB
:10F3D000A9BB10BD5847002050B1B0F94E300133E1
:10F3E00006D190F85120034B53F82200FEF764BB7E
:10F3F000704700BF5847002050B1B0F94E3001337C
:10F4000006D190F85120034B53F82200FEF76CBB55
:10F41000704700BF58470020036C0438184710B5E8
:10F42000436C04460438984701300AD0B4F85E10A3
:10F43000636D20460122BDE8104013FA81F1FEF70A
:10F440000DBA10BD1FB503680446186810F001001E
:10F4500013D0002200921A6800925B680093009B10
:10F46000201FFFF72FFF40BB012204F14E01204671
:10F4700004B0BDE81040FEF710BA196811F002019F
:10F4800006D001901A6801925B680193019BE7E73F
:10F490001A6812F0040206D002911A6802925B68A0
:10F4A0000293029BDCE719680907D9D503921A6811
:10F4B00003925B680393039BD2E704B010BD000086
:10F4C00008B52520FCF766FB024B1868BDE808402C
:10F4D000FEF746BA5847002008B52620FCF75AFB2D
:10F4E000024B5868BDE80840FEF73ABA584700207A
:10F4F00008B54720FCF74EFB024B9868BDE8084072
:10F50000FEF72EBA5847002010B50A4C226813188F
:10F51000EFF308818B4206D9074B0C221A604FF09B
:10F52000FF32104610BD05490548091A8B42F3D237
:10F530002360F6E720020020006700200000012081
:10F5400000040000FEE70000024B16221A604FF094
:10F55000FF307047006700200120704708B500F0B9
:10F56000FBF901210F20FBF791FF0A4B0A4AB3F97F
:10F570001E30C3F3031103F00F0352F821100122D0
:10F5800002FA03F38B6100F0A7FABDE8084000F02F
:10F5900039BB00BF78D0020878480020024A536F78
:10F5A00043F080735367704700380240094B5A6F2D
:10F5B000900009D45A6FD10008D45A6F520107D471
:10F5C000586FC0F3C0607047082070472020704714
:10F5D0000220704700380240FBF7CABF08B5FBF7AE
:10F5E000E9FE014B188008BD64470020024B1B68F0
:10F5F00003B11847704700BF6847002002729DF8AA
:10F600000020416082720BB9437205E0012BFBD0F0
:10F61000022BF9D0032BF7D07047000008B5012169
:10F620000F20FBF733FF074B074AB3F91E30C3F334
:10F63000031103F00F0352F82110012202FA03F321
:10F640008B6108BD78D00208784800207FB5062875
:10F6500096BF084B084953F820100023009301225D
:10F6600003A8FFF7CBFF0548422118F0E3F807B0E5
:10F670005DF804FBA0D4020800093D00845C002072
:10F6800002480123FF22422118F054B9845C002073
:10F690001FB5044661B10A460391FF211AF026FD09
:10F6A00001220092039B03482246422118F091F95F
:10F6B00004B010BD845C00200246012301484221B1
:10F6C00018F038B9845C002030B50C4DADF5037DE1
:10F6D00002460C4601234221284618F02BF94FF42C
:10F6E00000730122CDE90032422102AB22462846B6
:10F6F00018F0BFF90DF5037D30BD00BF845C00201C
:10F7000010B50446F9F76CFBD4F80031C4F8D830D2
:10F7100010BD000037B50D4604460DF1070128461F
:10F72000FFF7F4FD68BBB5F86030B5F85C20013335
:10F7300003F03F03934209D0B5F86020696D9DF84E
:10F74000070092B29BB28854A5F8603094F8042167
:10F750009DF807300B2A54D8DFE802F0061D2B3342
:10F760003B5341534549534D4D2B12D00BD80A3BC7
:10F77000DBB2162B1BD8012202FA03F32E4A1A40E1
:10F78000AAB103B030BD4E2B11D1012384F804314E
:10F79000F7E70223FAE74D2BFBD008D82D2BF0D04A
:10F7A00002D8202B03D1ECE7303B092BE9D90B23FE
:10F7B000ECE7312B03D0342BF3D10823E6E7032306
:10F7C000E4E7302B03D0312BF1D10623DEE704230D
:10F7D000DCE7382B08BF052318BF0B23D6E7322BF5
:10F7E00008BF0723F8E7312B08BF0923F4E7302BC4
:10F7F00008BF0A23F0E70A2B01D00D2BC1D100234B
:10F80000C4E70A2B01D00D2BBBD10C4B1B78002B6E
:10F81000F5D0072A09D00A2A0BD0052AEFD1084AC9
:10F8200000231370074A1370E9E7074B01221A708F
:10F83000E5E700F02DFAE2E709004000FD4800206E
:10F8400024020020A8480020FC480020014601486E
:10F85000FFF760BF6C47002010B5074C0749002236
:10F860002046F9F759FA064B2360064BC4F80031DD
:10F87000002384F8043110BD6C47002000100140C3
:10F88000C4D402084DF8000808B5FFF707FA0120B4
:10F8900008BD000010B5074C237843B1064BF22297
:10F8A000DA6072B6FFF706FA62B600232370012011
:10F8B00010BD00BF74480020003C02402DE9F74312
:10F8C000DFF84C8004461E460D468F184FF00109A4
:10F8D000AF4219D015F8013B20688DF80730FFF7CB
:10F8E000D1F99DF80710884204D02068FFF7D0F9BD
:10F8F00088F800900DF10701012230460EF05AFA07
:10F90000216801312160E3E7002003B0BDE8F08306
:10F91000744800202DE9F3419DF8208005460C46EF
:10F920001F468E182868FFF7ADF98DF80700B8F16B
:10F93000000F00D0207001220DF1070138460EF0B3
:10F9400039FA2A6801340132B4422A60EAD100202F
:10F9500002B0BDE8F081000030B50A480A4D0B4CFA
:10F96000422330F9022BC2F30312052A03F1FF33BD
:10F9700094BF55F82210002113F0FF0344F8221021
:10F98000EFD130BD78D002089C01002078480020DB
:10F9900030B5124D044655F8200085B028B1F9F76E
:10F9A00059FC10B91CB1012C0FD005B030BD0C4B67
:10F9B00000930C4B039328680B4B02936946F9F7AD
:10F9C0008CFE6846F9F78AFAEFE7084B0093054B7F
:10F9D0000393054B686802936946F0E7904800205E
:10F9E00071360208F99A0008FD9A0008514402088D
:10F9F0002DE9F041294D55F8203004460F468BB9CA
:10FA000090B1012832D055F824000021F9F7F2FB1B
:10FA10002046FFF7BDFF55F82400F9F713FB8CB320
:10FA2000012C36D0BDE8F081A820FAF710FADFF8F3
:10FA30007C801B491B4E0746F9F76CFCD8F8001078
:10FA4000B1FBF6F138462F60F9F71DFB4FF6FF7357
:10FA5000D8F800102868B1FBF6F6B1FBF6F1994230
:10FA6000224628BF1946F9F7F9FCCCE7A820FAF797
:10FA7000EEF90D490646F9F74DFC6E600222394653
:10FA80003046F0E7286822460221BDE8F041F9F748
:10FA9000BBBB686800220E21F7E700BF904800203A
:10FAA0000040014080841E0000440140B801002055
:10FAB000034B53F8200008B1F9F7C4BB704700BFEF
:10FAC00090480020034B53F8200008B1F9F7C2BB5F
:10FAD000704700BF90480020704700002DE9F041BA
:10FAE000414CDFF81C8105460E4600273368BB42B7
:10FAF00072D92278EB5D0B2A53D8DFE802F0061C9E
:10FB00002A323A5240524448524C4D2B11D00BD815
:10FB10000A3BDBB2162B1AD8012202FA03F3334A4E
:10FB20001A40A2B10137E1E74E2B10D10123237017
:10FB3000F8E70223FBE74D2BFBD008D82D2BF1D0A3
:10FB400002D8202B03D1EDE7303B092BEAD90B2358
:10FB5000EDE7312B03D0342BF3D10823E7E7032360
:10FB6000E5E7302B03D0312BF1D10623DFE7042367
:10FB7000DDE7382B08BF052318BF0B23D7E7322B4F
:10FB800008BF0723F8E7312B08BF0923F4E7302B20
:10FB900008BF0A23F0E70A2B01D00D2BC2D10023A6
:10FBA000C5E70A2B01D00D2BBCD198F80030002BF3
:10FBB000F5D0072A09D00A2A0BD0052AEFD10C4A22
:10FBC000002313700B4A1370E9E70B4B01221A70E4
:10FBD000E5E700F05DF8E2E7084B314628461B6890
:10FBE000BDE8F041184700BF9C48002009004000D4
:10FBF00024020020A8480020FC480020984800204B
:10FC0000FD480020034B044AD9681160034ADA60BA
:10FC1000704700BF1001002098480020DDFA00085E
:10FC2000024A0349034818F059BF00BFC0E0F3017E
:10FC300000093D00285D0020014818F073BF00BF97
:10FC4000285D002070470368C9B21B681847000090
:10FC500008B501212C20FBF719FC0A4B0A4AB3F91D
:10FC60005830C3F3031103F00F0352F8211010337F
:10FC7000012202FA03F38B618B61044B00225A606C
:10FC800008BD00BF78D0020878480020A44E0020AC
:10FC900008B510F04BFA10F0B5FAFE200FF05AF844
:10FCA000BDE808400FF02CB8074B084AB3F94630BE
:10FCB000C3F3031103F00F0352F821101033012294
:10FCC00002FA03F38B61704778D00208784800206D
:10FCD00015481649B0F93C30C3F3031203F00F0383
:10FCE00010B4103351F82240012202FA03F3A36149
:10FCF000B0F93630C3F3031403F00F0351F8244076
:10FD0000103302FA03F3A361B0F922305DF8044B1B
:10FD1000C3F3031003F00F0351F82010103302FA5D
:10FD200003F38B61FFF7C0BF78D00208784800204A
:10FD3000074B084AB3F94630C3F3031103F00F032E
:10FD400052F82110012202FA03F38B61704700BFC1
:10FD500078D002087848002068B9074B074AB3F901
:10FD60004630C3F3031103F00F0352F821100122B0
:10FD700002FA03F38B61704778D0020878480020BC
:10FD800070B4154C1548B4F93C30154DC3F303124B
:10FD900003F00F0350F82210012202FA03F38B61E3
:10FDA000B4F936302978C3F3031603F00F0350F883
:10FDB000266002FA03F3B361B4F92230C3F30314EB
:10FDC00003F00F0350F824009A4021F007032B7032
:10FDD000826170BCFFF7ACBF78D002087848002081
:10FDE000E34E0020064B1B7843B9064B18780128D8
:10FDF00005D0054B1878C0F380007047002070478D
:10FE000018490020D44E0020B45B00200B4B1B7817
:10FE100093B90B4B1B78022B0ED00A4B1B781A0799
:10FE2000C3F3C00009D5084AD07830B1C3F38000CD
:10FE300080F00100C0B270470120704718490020CF
:10FE4000D44E0020B45B0020945B00200EF036BD41
:10FE5000194A1A491368B3FBF1F14FF416734B4377
:10FE600010B59B08044640F2E931013906D0002B59
:10FE7000FBD01846013800BFFCD1F6E772B6136814
:10FE80000E4AB3FBF2F2FA2353439B0840F2E932E5
:10FE9000013A06D0002BFBD01946013900BFFCD136
:10FEA000F6E714F079F824B1FFF76AFFFFF7C4FE14
:10FEB000FCE7FFF73DFFF9E7B801002040420F00E3
:10FEC00008B50D461646044614F066F800F07CFAB4
:10FED000074800F051FA07490748002D18BF294686
:10FEE000002C18BF20460DF0ABFD3046FFF7B0FFE9
:10FEF000E4D4020834D6020856D60208014816F0A7
:10FF00000DBC00BFA6480020F8B5474B1B78032B5B
:10FF1000054601D805F08EFCFBF728FB044615B911
:10FF2000424B1B7813B1424B01251C60414B1B68AF
:10FF30002BB13F4A12681344E31A002B0EDA3E4FEE
:10FF40003B6853BB3D4D00F093FE2B68E31A002B3A
:10FF500003DB643410F040F82C60F8BD00F034FA94
:10FF6000374B384C1968384800F034FA94F90020BF
:10FF700052B17F2A08D035480A21FFF764FE0022DB
:10FF800011461046FFF79CFF31480A21F9F7C1FDE1
:10FF900094F90030002BF2D0EDE72E4B1A782E4B5F
:10FFA0001B789A4202D0224B1C60CBE72B4E15B136
:10FFB00000233370C6E7FBF7D9FA1D4B3A681B687C
:10FFC0001344C01A0028F3DB3378002BBAD1244D38
:10FFD0002448B5F93C20C2F30311012350F8211045
:10FFE000337002F00F0203FA02F28A61B5F936208B
:10FFF0001D4EC2F3031702F00F0250F8277031783C
:020000040801F1
:1000000003FA02F2BA61B5F92220C2F3031502F035
:100010000F0250F825009340836121F007033370ED
:10002000FFF786FE8EE700BF484B002018490020EE
:1000300028490020304900202C020020A048002040
:100040003C490020AA48002004D502086C47002043
:10005000DC050020A2550020A3550020A448002064
:1000600078D0020878480020E34E002008B5FFF75A
:100070004BFF14F059FA094B1B7873B116F002FFCD
:1000800003F07AFE0DF022FE0DF034FB044B1B78DA
:100090001BB9BDE8084014F05BBF08BDA7480020AD
:1000A0002C490020104B2DE9F04103220F4D1F7801
:1000B0001A7001220E462A700446984610B1FBF7CA
:1000C00055FA04442B784BB11CB93046FFF7CEFFEC
:1000D000F8E7FBF74BFA001B0028F6DB00232B7038
:1000E00088F80070BDE8F08125490020A84800206C
:1000F00010B50020FFF7BAFF16F06AFE134B1B780D
:100100005B0613D516F0F6FB04F0A4FFFFF7C0FD65
:100110000EF07CFB13F040FF0021084613F0AAFB11
:100120000B4B00221A700B4B0B4A1A600B4C2378B6
:10013000102B05D10A4805F063F808B1012323709C
:1001400005F0A4F9BDE810400EF016BDB45B002028
:1001500024020020344B002041D50208A74800208B
:1001600047D5020873B570486F4D4FF4E131F9F788
:1001700083FDFBF7FBF900F57A742846F9F780FD5B
:1001800020B9FBF7F3F9001B0028F6DB06224FF439
:10019000E131664C6648FFF7B3FAFBF7E7F97F23D6
:1001A00094F90060237000F009F9624800F0E4F867
:1001B0002670FFF7D3F9FFF745FDFFF7F7F9C307FF
:1001C000054602D55C4800F0D7F8A80702D55B4881
:1001D00000F0D2F8690702D5594800F0CDF82A0797
:1001E00002D5584800F0C8F8AB0602D5564800F0D2
:1001F000C3F8FFF7D3F9554800F0BEF894F9003082
:10020000002B76D07F2B74D049482021FFF71BFDAF
:100210004F4800F0B1F894F90030002B72D07F2BDA
:1002200070D043480A21FFF70EFD00F0C7F8494897
:1002300000F0A2F800F0C2F8474800F09DF800F086
:10024000BDF80020FFF760F90DF10701091A4348D6
:1002500000F0E2F842484FF4C86100F0DDF894F98C
:100260000030002B57D07F2B55D031480A21FFF7A3
:10027000EAFC3C4DFFF7ECFC00F0E0FC0DF022FA4C
:1002800006F016FF00200DF021FC2B7823B912F0A8
:10029000DBFA08B101232B70334B344A93ED007A1B
:1002A000D2ED007A77EE877A92ED017AC3ED007A8B
:1002B000D3ED017A77EE877A92ED027AC3ED017A77
:1002C000D3ED027A77EE877AC3ED027A0EF018FD4D
:1002D000274813F061FD0EF0C1FA0EF03BFB12F05F
:1002E000A7FCFFF79DFC234B267001221A7002B079
:1002F00070BD0D482021F9F70CFC94F90030002B5B
:1003000086D081E708480A21F9F703FC94F9003008
:10031000002B8AD085E704480A21F9F7FAFB94F903
:100320000030002BA5D0A0E7DC050020AA48002063
:100330006C470020AEFC02084DD5020856D50208D5
:1003400067D5020879D502088AD502085FD6020867
:100350009BD50208A4D50208D6D50208EDD502081F
:10036000FCD50208A54800205C020020004F0020B8
:10037000A9570020A748002073B50D4D0D4E044627
:1003800014F8011B91B195F900302BB17F2B03D0EC
:100390000948FFF758FCF3E730460191F9F7B9FB3C
:1003A00095F900300199002BEAD0F1E702B070BD59
:1003B000AA480020DC0500206C4700200148FFF718
:1003C000DBBF00BF6DD602080148FFF7D5BF00BFF5
:1003D00066D6020813B50D4C0191FFF7CDFF94F9D5
:1003E000002001993AB17F2A05D0094802B0BDE842
:1003F0001040F9F7F8B907480191F9F7F4F994F9C1
:1004000000300199002BF0D102B010BDAA480020A5
:100410006C470020DC05002013B50E4C0191FFF75E
:10042000ABFF94F90020019942B17F2A06D00A4817
:100430000A2202B0BDE81040F9F72DBA0748019131
:100440000A22F9F728FA94F900300199002BEED12D
:1004500002B010BDAA4800206C470020DC05002037
:1004600013B50E4C0191FFF787FF94F90020019915
:1004700042B17F2A06D00A480A2202B0BDE81040E5
:10048000F9F7E8B9074801910A22F9F7E3F994F975
:1004900000300199002BEED102B010BDAA48002017
:1004A0006C470020DC05002038B5114C10EE105AC6
:1004B000FFF762FF94F9002062B17F2A0AD0284634
:1004C000F7F702FFBDE8384041EC100B0948022164
:1004D000F9F7C6BA2846F7F7F7FE41EC100B0648C5
:1004E0000221F9F7BDFA94F90030002BE7D138BDAD
:1004F000AA4800206C470020DC05002013B50E4CF4
:100500000191FFF739FF94F90020019942B17F2A48
:1005100006D00A480A2202B0BDE81040F9F7D1B966
:10052000074801910A22F9F7CCF994F900300199B2
:10053000002BEED102B010BDAA4800206C4700206D
:10054000DC050020034A044B002814BF104618465F
:10055000FFF712BF5CDC02084CDB020813B50C4C41
:100560000191FFF709FF94F90020019932B17F2A28
:1005700004D00848FFF767FB02B010BD06480191A0
:10058000F9F7C7FA94F900300199002BF4D0F0E79D
:10059000AA4800206C470020DC05002070B50D4DF6
:1005A0000D4E0446013CE4B2FF2C12D095F9003008
:1005B00033B17F2B04D020210848FFF744FBF1E73B
:1005C00020213046F9F7A5FA95F90030002BE9D043
:1005D000F1E770BDAA480020DC0500206C47002030
:1005E00010B50B4CFFF7AEFF94F9002032B17F2A13
:1005F00004D008480A21FFF726FB10BD06480A214F
:10060000F9F787FA94F90030002BF6D0F1E700BF34
:10061000AA4800206C470020DC050020F8B5069FA2
:1006200006460D46144618460BB1FFF7A5FE96ED9B
:10063000000A1348FFF738FF95ED000A1148FFF74D
:1006400033FF94ED000A1048FFF72EFF27B138461C
:10065000BDE8F840FFF790BE0C4C94F9002032B191
:100660007F2A04D00A480A21FFF7EDFAF8BD0948AD
:100670000A21F9F74EFA94F90030002BF6D0F1E791
:1006800042D6020849D6020850D60208AA480020DD
:100690006C470020DC05002010B50446322C06D93A
:1006A0003220323CFAF764FF13F03EFFF6E72046B3
:1006B000FAF75EFFBDE8104013F036BF38B5094CBD
:1006C00025882DB2002D0CD0CCBF0121002113F0C4
:1006D0001DF82388002DCCBF03F1FF3301331BB27B
:1006E000238038BDAE480020012303FA00F010B586
:1006F000C0B20C460EF092FE50B9064A138813FAA7
:1007000084F31380044B198811FA84F424B21C80FA
:1007100010BD00BFAC480020AE480020074BD1ED13
:10072000007A03EB800393ED057A67EE877AFDEE9E
:10073000E77A17EE903A19B2FFF7D6BFE0550020DE
:100740000F4B0022D3ED007AF5EE407AF1EE10FA6D
:1007500014D1D3ED017AF5EE407AF1EE10FA0DD115
:10076000D3ED027AF5EE407AF1EE10FA06D10132BD
:10077000032A03F10C03E5D10020704701207047E4
:10078000CC48002010B50C4C2378834212D00FF0D7
:1007900039FD237843B109480FF098FC00232370FA
:1007A000BDE810400EF0ACBA0123044823700FF0EE
:1007B000A5FCF5E710BD00BFA05500205C0200209D
:1007C00070B5304CD4ED007AF4EE407AF1EE10FAC8
:1007D0002DED048B0546B0EE408A4FD02A4B002009
:1007E0001E78FFF7CFFFB5EEC08AF1EE10FAD8BF42
:1007F0009FED268ADFED267A84ED008AB4EEE78A43
:10080000F1EE10FA06DBDFED237AB4EEE78AF1EEC3
:1008100010FA30D9B7EE007AC7EE087A1E4B1F4A9D
:10082000C3ED007A1E4B1A6046B31E4C012094EDB6
:10083000009AD4ED018A94ED028AFFF7A3FFEDB18F
:10084000D4ED007AB4EE679AF1EE10FA0DD1D4ED42
:10085000017AF4EE687AF1EE10FA06D1D4ED027A5C
:10086000B4EE678AF1EE10FA08D0BDEC048BBDE857
:1008700070400EF02DBADFED057ACFE7BDEC048BAA
:1008800070BD00BF8C550020A05500200000000066
:10089000BD3786B5BD378635A8550020F0FF79C431
:1008A000284F00205C02002008B50020FFF76AFFF7
:1008B000BDE8084000F058B97FB50D4DAB68019315
:1008C00004460C4B029303AA002602A903960EF0DD
:1008D00007FB03A901A803960EF00CFB63682268CE
:1008E0006B60054B2A6000221A7004B070BD00BF17
:1008F0005C0200200000A0403C4E00202DE9F04F9B
:100900002DED028B85B08F4C8F4E904F019181461B
:10091000904602930025A9451ED0EBB20A2B34BFA6
:10092000032002204044C0B2FFF738FE94F90030A3
:1009300043B17F2B06D00A2229463846F8F7ABFF91
:100940000135E8E70A2229463046F8F7A4FF94F972
:100950000030002BF4D0EEE794F90030002B65D086
:100960007F2B63D079480A21FFF76DF9764E774FD8
:100970000025019AEBB2AA4208EE903A94F90030B1
:1009800000F0CA80092D07D8002B58D07F2B56D0F5
:1009900020213846FFF757F994F90030002B57D043
:1009A0007F2B55D00A2229463846F8F774FF4FF0BE
:1009B000000AD14594F900305FFA8AFB00F09A8072
:1009C000002B4FD07F2B4DD020213846FFF73BF92D
:1009D00018EE901A029B58469847B4EE400AF1EE82
:1009E00010FAB0EE408A5ED6B5EEC00AF1EE10FA0B
:1009F00009DB94F90030002B3DD07F2B3BD02B211D
:100A00003846FFF720F994F90030002B3CD07F2BBB
:100A10003AD018EE100AF7F757FC41EC100B41469C
:100A20003846F9F71DF80AF1010AC2E746480A21DB
:100A3000F9F76FF894F90030002B97D092E7202156
:100A40003046F9F766F894F90030002BA4D09FE700
:100A50000A2229463046F8F71EFF94F90030002B91
:100A6000A5D09FE720213046F9F753F894F90030DC
:100A7000002BADD0A8E72B213046F9F74AF894F9BE
:100A80000030002BBFD0BAE718EE100AF7F71CFCB5
:100A900041EC100B41463046F8F7E2FF94F9003084
:100AA000002BC0D0B5E708F102034FF0000B039311
:100AB00094F900208AB17F2A0FD0BBF1000F14BF38
:100AC0003D2120213846FFF7BEF80BF101035FFA04
:100AD00083FB039B5B45EBDAA5E7BBF1000F14BF7B
:100AE0003D2120213046F9F714F894F90020002A1E
:100AF000EBD0E2E73BB17F2B05D00A213846FFF768
:100B0000A2F8013535E70A213046F9F702F894F9E1
:100B10000030002BF5D0F0E753B17F2B08D00B4805
:100B20000A21FFF790F805B0BDEC028BBDE8F08F0D
:100B300005480A21F8F7EDFF94F90030002BF2D0B8
:100B4000EDE700BFAA480020DC0500206C4700202C
:100B500000EB40000844034901EB800090ED000ADF
:100B6000704700BFCC480020034B044800221A60A5
:100B70000021242219F0BABAC8480020CC4800202D
:100B800013B5084B0849094A094C1C6059609A6022
:100B9000084B01901C6059609A60FFF7E5FF0198CF
:100BA00002B010BDB04800200000DC4200005243FB
:100BB00000002041BC48002070B5164C1648174D67
:100BC000FFF7DAFB94F90020AAB17F2A13D0286836
:100BD000F7F77AFB41EC100B11480521F8F740FFBD
:100BE0001048FFF7C9FB0321BDE870400E4B0522FA
:100BF0000846FFF783BE2868F7F766FB41EC100B49
:100C00000A480521F8F72CFF94F90030002BE7D0B3
:100C1000DDE700BFAA48002073D60208C8480020BC
:100C20006C47002088D60208510B0108DC05002023
:100C30000148FFF7A5BF00BFF048002008B501211B
:100C40002520FAF723FC084B084AB3F94A30C3F3CE
:100C5000031103F00F0352F821101033012202FA9E
:100C600003F38B6108BD00BF78D0020878480020EC
:100C700038B5FAF77BFC314A1368C31A002B5CDBEA
:100C800000F6C41313602E4A2E4BB2F922102E4DDB
:100C9000C1F3031401F00F0153F82440246924FA2E
:100CA00001F111F0010F29D0B2F93C10C1F3031486
:100CB00001F00F0153F82440246924FA01F1C90717
:100CC0001CD5B2F93610C1F3031401F00F0153F82B
:100CD0002440246924FA01F1CC070FD5B2F946105B
:100CE000C1F3031401F00F0153F82440246924FADE
:100CF00001F1C90702D51549897A01B1286029682F
:100D000021B1134C641A2118C917C9B2B2F94A208B
:100D100010480029017002F00F00C2F3031214BF43
:100D20000025102553F82240421901239340A36166
:100D30002520BDE83840FAF753BB38BDF8480020FD
:100D400078D0020878480020F4480020545700204A
:100D5000A015FFFFF1480020014B01221A707047D7
:100D6000FD4800201B4B1B78012B70B504462DD08D
:100D7000194E19B1194A002313703360FAF7F6FBC4
:100D80003368C31A002B21DB144D002C95F9003079
:100D90001DDB221D9A4219DBA342ACBF4FF4FA744B
:100DA0004FF47A7403F001031902C91A03EBC1016D
:100DB00003EBC1018900204401F55C71306089B208
:100DC00032200CF0CDFF2B7801332B7070BD4FF427
:100DD0007A74E7E72502002014490020104900201A
:100DE000064BB3F90620A2F10F039842A8BF18469C
:100DF000034B1881002013F08BB800BFB002002015
:100E000004570020F0B5334E2DED028B32781207D7
:100E100083B004460FD4304B1B7863B92F4BB3F922
:100E200000002F4BB3F90820431E9A4203DA0191C8
:100E3000FFF7D6FF019900220B200AF0DDF944B13B
:100E40000121002003B0BDEC028BBDE8F04014F09E
:100E5000B9B8244C224D012323702F46B7EE008AE7
:100E6000B5F9083007EE903AB8EEE77AD5ED017A99
:100E700077EEC77AF5EEC07AF1EE10FAB8BFF1EE70
:100E8000677AF4EEC87AF1EE10FA06DC00232370DC
:100E900033781B0708D5012416E00020FFF7E6F899
:100EA0002378002BDCD1F1E70B4B1C7864B90B4B9A
:100EB000B7F90820B3F90030013B9A42EBDAFFF7AB
:100EC0007DFA0948FFF758FA204603B0BDEC028BC3
:100ED000F0BD00BFA948002040570020BA02002002
:100EE00004570020240200209BD602082DE9F04F71
:100EF00085B081469DF840B09DF838509DF83C6023
:100F000088460020594617469A46FFF77BFF04465D
:100F100048B925B10246594609200AF06DF9204624
:100F200005B0BDE8F08F06B325B100225946042074
:100F30000AF062F9FFF742FA3748384EFFF71CFA19
:100F400001215046FFF70EFF032233783270344AF6
:100F5000117849B1002150460193FFF703FF0120AA
:100F6000FFF784F8019BF2E7337025B10022594660
:100F700005200AF041F9D9ED007AF5EE407AF1EE5C
:100F800010FA05D0274B039303A948460DF036FF0E
:100F9000D8ED007AF5EE407AF1EE10FA0BD0224E41
:100FA000224BD6F83890039303A94046B3630DF063
:100FB00025FFC6F83890194EDFF86490D7ED007A17
:100FC000F5EEC07AF1EE10FA0BDD25B100221146E4
:100FD00006200AF011F9164B039303A938460DF0C9
:100FE0000DFF002D9BD00022032396F80080337064
:100FF0001146072089F800200AF0FEF8DFF834A037
:101000009AF800301BB90120FFF730F8F8E7012B00
:1010100086F80080D2D082E7ACD6020825490020AD
:10102000A84800200000C040E05500200000C84152
:101030000000404024490020F0B585B006460D462A
:10104000002011460192FFF7DDFE0199044640B9E8
:1010500025B10246014609200AF0CEF8204605B027
:10106000F0BD1DB1002203200AF0C6F8134B029315
:1010700003A9134B039302A80DF0C0FE41F2883080
:10108000FFF70AFB0F4B104D029303A90F4B03937D
:1010900002A80DF0B3FE0E4BAF6BAB633268029249
:1010A00003A902A803930DF0A9FE0020AF63FEF789
:1010B00053FE6420FFF7F0FAD0E700BF000080BFC6
:1010C000000070420000F841E05500200000C040E0
:1010D0000000C8412DE9F3411F46294B8846197885
:1010E00006461546002946D101221A70254A147871
:1010F000600741BF61F38204147002221A700DF080
:1011000099FB214B214C0FCB84E80F000FF07AF8AC
:10111000D6ED007AF5EE407AF1EE10FA16D01C4BBF
:101120001B786BB91B4BD3ED017AFDEEE77A17EE16
:10113000903A1CB2184BB3F90030013B9C4205DBDE
:10114000164B019301A930460DF058FE07200EF012
:1011500065F910B941460CF047FED5ED007AF5EE81
:10116000407AF1EE10FA04D0022239462846FFF701
:1011700063FF012000E0002002B0BDE8F08100BF65
:1011800018490020B45B00205C02002000490020C8
:101190004057002004570020BA020020000070428F
:1011A00010B50022041E14BF0420022011460AF0CC
:1011B00023F8FFF703F90448044B002C08BF184636
:1011C000BDE81040FFF7D8B8ACD60208CBD602086D
:1011D0002DE9F74F0F468146FFF7E2FF0121384620
:1011E000FFF7C0FDFAF7C2F9264C274B274EDFF870
:1011F000A0B093F800A0019300F52F40C83000255F
:1012000003224FF00108206025711A7086F80080D3
:1012100000213846FFF7A6FD237933B3002211469B
:101220000A2009F0E9FFFFF7C9F85846FFF7A4F8CC
:1012300001210020FEF736FF00202560257112F005
:1012400067FE00210846FFF7DDFD4846FFF7A8FFCF
:10125000FAF78CF900F52F40C8302060012138469C
:10126000257186F80080FFF77DFD0120FEF7FEFE68
:101270003378002BCCD1019B83F800A003B0BDE8EC
:10128000F08F00BFF456002025490020A848002018
:10129000E0D602082DE9F04F484C89B09B462378F0
:1012A000BDF94860074688469146002B00F08380D0
:1012B000434B002593F804A01D601D71284612F0D1
:1012C00027FE404BB3F90830B34202DA3046FFF74D
:1012D00087FD01230093CDE901A55B464A464146BF
:1012E0003846FFF703FE002E06DD3046FFF778FD97
:1012F0000021084613F066FE00221146082009F07E
:101300007BFF06AD00210120FFF77CFD2E4F0697E5
:101310004FF04043294605A805930DF06FFD0720C7
:101320000EF07CF8294E80B996E80300284B05930F
:1013300085E8030005A928460DF0CEFD254B069350
:10134000294606F108000DF0D5FD4FF080432946EF
:1013500005A8059306970DF051FDD6ED037AF5EE3D
:10136000C07AF1EE10FA04D51B48069729460DF015
:1013700045FD1A48F3681A4A40F80C3FD3600FF055
:10138000DDFD00221146092009F036FF2378013BDC
:10139000DBB2237023B115F0A3FA2378013B23704D
:1013A000104B1B78022B01D10DF088FA00200CF0B5
:1013B0008DFB06F06BFB09B0BDE8F08F18490020EB
:1013C000F45600200457002000007042004900201D
:1013D0000000C8420000A0400C490020F04E002050
:1013E0005C020020D44E00204138C3B2192B10B546
:1013F0002CD8174A1268DA4002F00100D20713D540
:10140000144A1549D25CFAB1144B1C68A318A25CAB
:10141000A2F13004092C06D92E2A06D15A78303A86
:10142000092A88BF00230B6010BD2D2A01D02B2A6A
:1014300008D15A78A2F13004092CF4D92E2A01D10E
:101440009A78ECE70023EEE70A60EDE70020EBE78F
:101450006049002042490020644900203C490020A6
:1014600008B5FFF7C1FF20B1024B1868003818BF5C
:10147000012008BD64490020034B186818B10A22F6
:10148000002119F0E3BE704764490020364B1B78F9
:10149000012B2DE9F34121D14920FFF7E1FF05465A
:1014A00080B1FFF7E9FF4FFA80F84A20FFF7D8FF35
:1014B000074648B1FFF7E0FF46B245B9F3B2022B49
:1014C00011D908E08046F0E7002D47D006465FFAC4
:1014D00088F3022B05D92548FEF74EFF02B0BDE880
:1014E000F081002FEAD1224B224C0FCB84E80F0071
:1014F0002DB1214800EB8808D8F80030236027B1CF
:101500001E4800EB8606336863604620FFF7A8FF9D
:10151000C0B11B4B1868A8B10246154612F8014B22
:1015200014F0DF011CD0452C01D0652CF5D1002131
:101530002970186819F0B6FD2C70B5EEC00AF1EEEE
:1015400010FA01DC9FED0F0A9FED0F7AC0EE077ACB
:1015500001A8CDED017A0DF039FFBFE72E46C2E7B5
:1015600019F0A0FDE9E700BFA7480020FAD602085D
:101570005C020020F04E0020B0480020BC48002053
:1015800064490020000000000000704238B50E4B96
:101590001868A8B10246154612F8014B14F0DF0195
:1015A0000AD0452C01D0652CF5D10021297018688E
:1015B00019F078FD2C7038BDBDE8384019F072BDC7
:1015C0009FED020AF7E700BF644900200000000019
:1015D0002DE9F04753202DED048BFFF705FF05465D
:1015E000002800F0AF808D4B1B68002B40F09A80E4
:1015F0002C468B4ED6ED009A96ED019AD6ED028AD6
:101600001DB114B92046FFF7BDF85620FFF7ECFED8
:101610000746FFF795F8002800F099804320FFF770
:10162000E3FE002868D0FFF7B1FF7E4DDFED7E7A44
:101630009FED7E7A10EE10AA294603230846032266
:10164000F0EC016AF4EE476AF1EE10FAF4EE676A24
:1016500048BFB0EE667A013AF1EE10FAC8BFF0EE7C
:10166000667A12F0FF02EBD1013B13F0FF0301F1A8
:101670000C01E3D177EE277A17EE900AF6F724FEF5
:101680006B4B0022F6F778FE804650468946F6F707
:101690001BFE02460B4640464946F6F7B7FCF7F7F5
:1016A00063F9DFED647A08EE100AB4EEE78AF1EE32
:1016B00010FA06DBDFED607AB4EEE78AF1EE10FA9D
:1016C0001AD90020FFF75EF80023D5ED007A77EEF7
:1016D000C87A0133C5ED007AD5ED017A77EEC87A84
:1016E000032BC5ED017AD5ED027A77EEC87A05F1C4
:1016F0000C0545ED017AE8D13FB1FFF721F820B1A3
:101700004E48FEF739FEFFF757FA5A20FFF76CFEF6
:1017100020B1FFF73BFF0020FFF752F82046FFF70C
:1017200031F81CE0FFF7A8FE00280EDBFFF7A4FE4F
:10173000FF283FF75DAFFFF79FFEC4B2003C18BF24
:10174000012456E73E4B1C7853E7002451E70CB9BF
:10175000002FDAD0FEF732FE3A48FEF70DFE384D84
:1017600034B12B7823B9FEF72FFE3748FEF704FE7D
:10177000FEF724FE3548364CFEF7FEFD2878FEF7CE
:101780002FFFFEF71BFE3348FEF7F6FDD4ED007A7F
:10179000F5EEC07AF1EE10FA38DD2F4D95F9002004
:1017A0002AB37F2A23D02068F6F78EFD41EC100B78
:1017B0002A480221F8F757F9D6ED007AF4EE697A53
:1017C000F1EE10FA0DD1D6ED017AF4EE497AF1EE90
:1017D00010FA06D1D6ED027AF4EE678AF1EE10FA2D
:1017E00018D0BDEC048BBDE8F0470DF071BA17EED0
:1017F000900AF6F769FD41EC100B19480221F8F741
:1018000032F995F90030002BD6D0CCE71548FEF719
:10181000B3FDD1E7BDEC048BBDE8F087644900203F
:101820005C020020CC4800200000C8C20000C84272
:101830000000E03FBD3786B5BD37863522D70208A8
:10184000A055002013D7020838D7020894D7020801
:101850008C55002057D70208AA4800206C4700206A
:10186000DC05002064D7020813B50D4C94F9002064
:10187000014652B17F2A08D00A48F7F7FDF90A4815
:1018800002B0BDE81040FEF777BD08480191F8F7B7
:1018900040F994F900300199002BF0D0ECE700BF3B
:1018A000AA4800206C47002069D70208DC05002008
:1018B00030B5532085B0FFF7D3FDD0B1FFF7DCFD85
:1018C000002816DBFFF7D8FDFF2803DD8348FEF76D
:1018D00053FD2CE0FFF7D0FDC0B20528F6D8013843
:1018E000042806D8DFE810F018002500AF00E40057
:1018F000EF007B48FEF740FDFEF722FF40B1794B39
:101900001878FEF76DFEFFF757F90DF0E1F90EE0DC
:101910007548FEF731FDF8E7FFF726F9734B002213
:101920001A60734B1B7823B9724B734A1A6005B067
:1019300030BD6E4C2368002B01DA7048C7E744D1F4
:10194000002302A901A8019302930DF0D3FA2368A2
:10195000082B56DC6A4A012151705A1822605BB28A
:10196000032293FBF2F202EB42015B1A5BB251B22B
:10197000D20748BFC3F10203624A48BF5BB202EB21
:10198000830302A81B6802935F4B03EB81031B6870
:101990000393FEF791FF21685C485D4C0929A8BFBD
:1019A0000921FEF739FD5B480921FEF735FD94F961
:1019B0000020002A40F08A8057480A21F8F7A9F849
:1019C00094F90030002BA0D083E0013B5BB20322EE
:1019D00093FBF2F202EB42015B1A5BB2D00744BF09
:1019E000C3F102035BB251B203EB43034B4A0B4416
:1019F00002EB83034A4A92681A60414B00225A70F4
:101A0000A5E7474B474A48489A600DF0E1F90EF0C8
:101A1000F9FB4FF0FF3345482360FEF7ADFC40F281
:101A2000932164200CF09CF940F2BA2164200CF060
:101A300097F93F4802F06AF90120FEF7A3FE2C4B0C
:101A400000221A70A7E74920FFF70AFD58B1FFF7F7
:101A500013FDC3B2022B044609D936480221FEF712
:101A6000DBFC354833E74A20FFF7FEFE5FE74A20FC
:101A7000FFF7F6FC0028F6D0FFF7FEFCC3B2022BFE
:101A8000054602D92D480221E9E75A20FFF7E8FC74
:101A900060B164B204EB440444FA85F4FFF776FDC8
:101AA0001E4D05EB840484ED000A2EE75A20DBE787
:101AB0005A20FFF7D5FC0028F8D0FFF767FD204B30
:101AC00083ED000A21E7FEF7EFFE1EE77F2A3FF4D1
:101AD00073AF0A211B48F7F7CFF816E778D702084B
:101AE0008FD70208A0550020A2D7020828020020A4
:101AF0003C4E0020344B0020B0D70208BBD7020870
:101B000074020020B0480020BC4800201ED8020803
:101B1000AA4800202DD80208DC050020CC4800206F
:101B20005C0200200000A0406C020020E4D7020804
:101B300013D60208F8D70208C8DC02080BD802083E
:101B4000C84800206C4700202DE9F74F5820FFF7C8
:101B50004BFC81464920FFF747FC824690B3FFF7D4
:101B60008BFC44B25920FFF73FFC05464A20FFF7A3
:101B70003BFC0746002848D0FFF77EFC46B25A20BF
:101B8000FFF732FC8346002860D15120FFF72CFC80
:101B90008046BAF1000F08BF0027B9F1000F08BF57
:101BA00000253D44012D05D1BBF1000F51D1B8F105
:101BB000000F4ED1FEF708FC374803B0BDE8F04FE8
:101BC000FEF7DABBB9F1000F1CD0FFF7DFFC334B97
:101BD0009FED337AD3ED007A70EE677AB2EE040AA5
:101BE00077EEC07A9FED2F0A77EE807A67EE877ADC
:101BF000FDEEE77ACDED017A9DF804309DF90440C1
:101C0000022BAFD94FF0FF34ACE7E5B1FFF7BEFCD4
:101C1000224B9FED237AD3ED017A70EE677AB2EE14
:101C2000040A77EEC07A9FED1F0A77EE807A67EE9E
:101C3000877AFDEEE77ACDED017A9DF804309DF9C3
:101C40000460022B9BD94FF0FF3698E74FF0000855
:101C50009FE7002C01DB002E03DAFEF7B5FB1248EC
:101C6000ABE7FFF793FC11496300B8F1000F10D008
:101C70001A19324401EB8202D2ED007A1C4437EE8D
:101C8000800A344401EB840484ED000A03B0BDE80B
:101C9000F08FDFED077AF1E732D80208184F002005
:101CA0000AD7233C00004842FAD60208CC4800205C
:101CB000000000002DE9F341484B1B7803F00703B7
:101CC000072B1BD14F20FFF7CBFB90B1444B1B6878
:101CD00063B1FFF7D1FB002810DBFFF7CDFBFF2836
:101CE00004DCFFF7C9FB10F0FF0F07D002B0BDE81E
:101CF000F0814F20FFF778FB0028F7D10EF082FA31
:101D0000384B00205870FEF73DFDF9F72FFC364B9D
:101D100018600DF045F901200CF02EFE5A20FFF757
:101D200063FB06465820FFF75FFB04465920FFF788
:101D30005BFB8442054604D1A64202BF012425462E
:101D400026465220FFF78CFB002840D0244B186811
:101D500000283FD00246904612F8017B17F0DF01C1
:101D600032D0452F01D0652FF5D1002188F8001021
:101D7000186819F097F988F80070B5EE400AF1EE8E
:101D800010FA8DED010A07D004B96DB101220023CC
:101D9000114601A80DF0BEF814B100200DF066FC4C
:101DA00015B101200DF062FC16B102200DF05EFCB1
:101DB0000CF0A6FF0CF0A0FD0DF0FCF80B4B03227D
:101DC0001A700CF085FF91E719F06CF9D5E7B1EEC8
:101DD000040AD2E79FED060ACFE700BFE24E0020DB
:101DE0006449002074020020284900205502002088
:101DF00000000000F8B501F0F9FF051E53DB2A4E84
:101E000044203778FFF72CFB0446A8B3FFF7BEFB4E
:101E1000B5EE400AF1EE10FA05D100243470BDE8A9
:101E2000F8400EF015B9214BB5EEC00A03EB850062
:101E3000F1EE10FA80ED000A0CDDF6EE007A20EEED
:101E4000270ADFED1B7A1B4A20EE000A20EE270A44
:101E500082ED000AD3ED007AF5EE407AF1EE10FA49
:101E600001D1154A1A605320FFF7FAFAA8B1134BB3
:101E70001B681BB90124D1E73C46F4E7FFF7FCFAE5
:101E80000028CADBFFF7F8FAFF28F3DCFFF7F4FAC3
:101E9000C4B2003C18BF0124C0E75320FFF7A4FAE6
:101EA0000028E7D1BAE7F8BD414900208855002055
:101EB000DB0F4940A40200200000E03F64490020FD
:101EC00038B501F093FF00280FDB084D002415F80A
:101ED000010BFFF789FA20B1FFF758FB20460FF0FE
:101EE0009BF80134E4B2042CF1D138BD84D8020847
:101EF00038B501F07BFF00280FDB084D002415F8F2
:101F0000010BFFF771FA20B1FFF740FB20460FF0FD
:101F10008FF80134E4B2042CF1D138BD84D8020822
:101F200008B5214B214A1B681A4235D04220FFF7E1
:101F30005BFA40B11E4B186818B10A22002119F053
:101F40000BFA1C4B18615320FFF74EFA20B1FFF734
:101F50001DFB184B83ED100A5420FFF745FA20B102
:101F6000FFF714FB134B83ED110A4A20FFF73CFAED
:101F700090B1FFF70BFBDFED107AB4EEE70AF1EE5C
:101F800010FA0ADBDFED0D7AB4EEE70AF1EE10FA93
:101F900003D80B4B83ED000A08BDFEF715FABDE828
:101FA00008400848FEF7E8B96049002002020C002A
:101FB00064490020E05500200AD7233C9A99993EB5
:101FC000AC55002052D80208294B1B6813F4682F27
:101FD00010B524D1274C284894ED0D0AFEF764FA79
:101FE00094ED0E0A2548FEF75FFA94ED0F0A244C93
:101FF0002448FEF759FA94F900203AB17F2A05D017
:10200000BDE8104020480A21F6F736BE1F480A21D5
:10201000F7F77FFD94F90030002BF1D110BD53206C
:10202000FFF71EFA30B1FFF7B1FA124B83ED0D0A3C
:1020300083ED0F0A5020FFF713FA20B1FFF7A6FA3D
:102040000C4B83ED0D0A5220FFF70AFA20B1FFF77F
:102050009DFA084B83ED0E0A5420FFF701FA002881
:10206000DCD0FFF793FA034B83ED0F0AD6E700BFEE
:1020700060490020E055002071D8020881D802088C
:10208000AA4800203FD602086C470020DC0500204B
:1020900038B5334C2368C3F380455B0314D5314B0B
:1020A00031499A7C002A46D0304B18688318825CEC
:1020B000A2F13000092806D92E2A2DD15A78303ABB
:1020C000092A88BF00230B6045B1274B186828B147
:1020D0000A22002119F0BAF8254B18802368002B3A
:1020E0003CD1234B234CB3F900102348FEF794F95D
:1020F00094F900300BB37F2B1FD020482521F6F731
:10210000BBFD94F900300BB37F2B1FD0BDE83840E6
:102110001A480A21F6F7B0BD2D2A01D02B2A08D182
:102120005A78A2F130000928CDD92E2A01D19A7807
:10213000C5E70023C7E70A60C6E711482521F7F77E
:10214000E8FC94F90030002BDBD0D6E70C480A21DC
:10215000F7F7DFFC94F90030002BD7D138BD00BF72
:102160006049002042490020644900203C49002089
:1021700070020020AA48002088D802086C4700207E
:10218000DC050020F8B501F031FE051E3ADB504BAE
:102190001B68C3F380445B0314D54E4B4E499A7CB5
:1021A000002A3FD04D4B18688318825CA2F13000A2
:1021B000092806D92E2A26D15A78303A092A88BF0A
:1021C00000230B60464E7CB3434B186860B30A2271
:1021D000002119F03BF800B207EE900A26F815002E
:1021E000404B41489FED417AF8EEE77A03EB8503D7
:1021F00000EB850567EE877A95ED007A67EE877AC2
:10220000C3ED007AF8BD2D2A01D02B2A08D15A78C7
:10221000A2F130000928D4D92E2A01D19A78CCE72E
:102220000023CEE70A60CDE7314CFEF7C7F894F9FA
:10223000003043B37F2B26D02E484521FDF703FD08
:1022400094F9003005F1300733B37F2B24D02948AF
:102250003946FDF7F8FC36F915102748FEF7DCF88B
:1022600094F900300BB37F2B1FD022482521FDF7B6
:10227000EAFC94F900300BB37F2B1FD00A211D48D4
:10228000FDF7E1FCBEE71D484521F7F742FC94F954
:102290000030002BD4D0CFE71848F9B2F7F739FC5B
:1022A00094F90030002BD6D0D1E714482521F7F758
:1022B00030FC94F90030002BDBD0D6E70F480A2120
:1022C000F7F727FC94F90030002B9BD0D6E700BF2E
:1022D0006049002042490020644900203C49002018
:1022E000A0020020A8020020B05500200AD7233CFD
:1022F000AA4800206C4700208CD80208DC0500208A
:1023000010B545202DED028BFFF76EF8002841D166
:102310005020FFF769F8324C18B1FFF737F984ED18
:10232000030A4920FFF760F89FED2E8A28B1FFF7D6
:102330002DF920EE080A84ED040A4420FFF754F832
:1023400028B1FFF723F9C0EE087AC4ED057AFEF74D
:1023500035F894ED030A2448FEF7A6F894ED040A34
:10236000224880EE080AFEF79FF8214894ED050AFE
:10237000204C20EE080AFEF797F894F900201AB3D3
:102380007F2A21D0BDEC028B1B48BDE810400A21FA
:10239000F6F772BC194B1B68002BB9D0FFF76CF82D
:1023A0000028B5DBFFF768F8FF2804DCFFF764F8C6
:1023B00010F0FF0FACD0FEF707F8BDEC028B104811
:1023C000BDE81040FDF7D8BF0E480A21F7F7A1FB82
:1023D00094F90030002BD5D1BDEC028B10BD00BFAD
:1023E000045700200AD7233E94D8020898D8020840
:1023F0009CD80208AA4800206C47002064490020AD
:10240000A0D80208DC05002070B55320FEF7ECFFD1
:10241000054600B3304B186800283CD002461646EB
:1024200012F8014B14F0DF0132D0452C01D0652C9D
:10243000F5D100213170186818F034FE3470BDEE0B
:10244000C00A264A10EE103A1BB21380244AB3FA8F
:1024500083F35B0913705020FEF7C6FF0446F8B102
:102460001E4BB3F9003083B11B4B1B686BB1FFF7F8
:1024700003F8002812DBFEF7FFFFFF2805DCFEF75C
:10248000FBFFC4B2003C18BF0124154B1C7070BD8B
:1024900018F008FED3E79FED130AD0E70024F4E715
:1024A000002DF4D1FDF78AFF0F48FDF765FF0C4BB7
:1024B0000E4A18780E4B002814BF10461846FDF738
:1024C0005BFF064B0B48B3F90010FDF7A5FFBDE815
:1024D00070400948FDF750BF64490020BA0200204F
:1024E0004057002000000000B6D802088DF6020810
:1024F000B2D80208C9D80208DAD8020810B55020AC
:102500002DED028BFEF770FF244C18B1FFF73EF85B
:1025100084ED030A4920FEF767FF9FED218A28B169
:10252000FFF734F820EE080A84ED040A4420FEF791
:102530005BFF28B1FFF72AF8C0EE087AC4ED057AF0
:10254000FDF73CFF94ED030A1648FDF7ADFF94ED4F
:10255000040A154880EE080AFDF7A6FF134894ED1B
:10256000050A134C20EE080AFDF79EFF94F900209F
:102570004AB17F2A07D0BDEC028B0E48BDE810405F
:102580000A21F6F779BB0C480A21F7F7C2FA94F949
:102590000030002BEFD1BDEC028B10BD5457002052
:1025A0000AD7233E94D8020898D802089CD802087B
:1025B000AA4800206C470020DC0500202DE9F041EE
:1025C0004220FEF74DFF0646002800F0AF807D4D0B
:1025D0002868002800F0AA800A22002118F0BCFE1A
:1025E0003928044600F0BA8074D818287BD02628F1
:1025F00000F0B780132800F0B780B4F5614F40F0C9
:1026000085805020FEF72CFF002800F0B38028685A
:1026100018B10A22002118F019FE05B26DB215F1A9
:10262000630F694F02D0002D40F0B180FDF7C6FE68
:1026300066483021FDF792FF65482146FDF710FFFF
:1026400097F90030002B00F098807F2B00F09580E8
:1026500060480A21F6F710FB15F1630FB04602D06F
:10266000012D40F0A180FDF7A9FE58483121FDF76A
:1026700075FF57482146FDF7F3FE97F90030002B10
:1026800000F088807F2B00F0858052480A21F6F701
:10269000F3FA97F90030002B00F088807F2B00F0D0
:1026A00085804C48F6F718FBB8F1000F06D04A4871
:1026B000F7F7E4FA48482146F7F7DEFA002E7ED015
:1026C0004448F6F767FB21464248BDE8F041062240
:1026D000FDF716B8FA2816D008D8732847D0C028B6
:1026E00001D0602889D164235C4386E7B0F5FA7F86
:1026F00009D002D8B0F5C07FF4E7B0F5107FF2D072
:10270000B0F5906FEEE74FF47A735C43B4F5614F28
:1027100016DCB4F5964F3FF474AF0EDCB4F5166FCB
:102720003FF46FAFB4F5165F3FF46BAFFDF746FEB5
:10273000BDE8F0412948FDF71FBEB4F5164FF3E799
:10274000274B9C423FF45DAF06DCB4F5E13F3FF41C
:1027500058AF244B9C42E7E7234BFBE74FF461441F
:102760004FE74FF416444CE74FF4964449E74FF4D3
:10277000E13446E76FF0620550E717480A21F7F7A2
:10278000C8F997F90030002B3FF466AF60E74FF0CF
:10279000000865E710480A21F7F7BBF997F9003000
:1027A000002B3FF476AF70E7002672E70A48F7F790
:1027B00059FA97F90030002B3FF476AF71E7BDE886
:1027C000F08100BF64490020AA480020DED802083A
:1027D000E7D802086C470020DC050020FAD8020880
:1027E00020A1070090D0030040420F0038B5204CD4
:1027F00008B3FDF7E3FD1F4D1F4895ED050AFDF7F2
:1028000053FE95ED060A1D48FDF74EFE95ED070AAD
:102810001B48FDF749FE95ED080A1A48FDF744FEEE
:1028200094F90030D3B17F2B18D0BDE8384016485A
:102830000A21F6F721BA94F9003033B17F2B04D086
:1028400020211148F6F718FAD5E710482021F7F7AC
:1028500060F994F90030002BCDD0F1E70B480A2144
:10286000F7F757F994F90030002BDED138BD00BFDF
:10287000AA480020E055002015D9020849D60208D0
:1028800050D602083CD602086C470020DC05002028
:102890002DE9F8432DED028B01F0A8FA011E4CDB67
:1028A000284B294A1B681A4206D1BDEC028B012035
:1028B000BDE8F843FFF79ABF244D254FDFF8949009
:1028C000DFF8948000242E46B3EE048A17F8010B3B
:1028D000FEF78AFD08B3D9F80030F3B1032C27D1F5
:1028E000FEF754FEB4EEC80AF1EE10FA13D5D6ED99
:1028F000087A96ED0C7AC7EE806AD8ED037AF8EE86
:10290000677A27EE267A67EEA67A86ED0C7AFCEED9
:10291000E77AC8ED037A86ED080A0134042C05F144
:102920000405D3D1BDEC028BBDE8F8430EF052BBD9
:10293000FEF72CFE85ED050AEFE7BDEC028BBDE846
:10294000F88300BF6049002010008003E05500209C
:102950001CD9020864490020C05500202DE9F0412F
:102960005320FEF741FD314D28B15320FEF73CFDC9
:1029700090BB00202870FDF721FD2D48FDF7FCFCE1
:102980002B78002B43D00024DFF8BC80294F23464E
:102990002A78E240D20710D55E1CF6B243B197F90F
:1029A00000305BB37F2B29D023482C21F6F764F944
:1029B00058F82400FDF7E0FC33460134052CE7D13C
:1029C0001C4C94F9002032B37F2A24D0BDE8F0419A
:1029D00019480A21F6F750B9184B1B68002BC8D0CC
:1029E000FEF74AFD0028C4DBFEF746FDFF2803DCA6
:1029F000FEF742FDC0B2BDE7FF20BBE710482C2127
:102A0000F7F787F897F90030002BD1D0CCE70D48C5
:102A1000FDF7B2FCD4E70A480A21F7F77AF894F9EF
:102A20000030002BD2D1BDE8F08100BFA9480020C2
:102A300020D90208AA4800206C47002064490020E1
:102A4000DC05002027D9020854D9020801200BF028
:102A500077BF00200BF074BF08B5274B27491B68D0
:102A6000194040D05820FEF7BFFC70B1244B254AD6
:102A7000B3F93C30C3F3031103F00F0352F82110F4
:102A80001033012202FA03F38B615920FEF7ACFCEC
:102A900070B11B4B1B4AB3F93630C3F3031103F07B
:102AA0000F0352F821101033012202FA03F38B6155
:102AB0005A20FEF799FC70B1114B124AB3F922303B
:102AC000C3F3031103F00F0352F821101033012256
:102AD00002FA03F38B614520FEF786FC50B1BDE896
:102AE0000840FDF7E1B808480AF0BEFFBDE808401D
:102AF000FDF7EEB808BD00BF60490020100080035C
:102B000078D002087848002068D9020870B55320B0
:102B1000FEF76AFC48B3414D2B6833B3F8F726FD46
:102B20003F4B18602868E8B103461E4613F8014B76
:102B300014F0DF0113D0452C01D0652CF5D1002114
:102B40003170286818F0AEFA3470DFED367A364B03
:102B500020EE270ABCEEC00A83ED000A70BD18F013
:102B6000A1FAF2E79FED310AEFE7314B314A1B68DA
:102B70001A424FD00DF046FB5820FEF735FC90B1BD
:102B80002D4B2E4AB3F93C30C3F3031103F00F036E
:102B900052F82110012202FA03F3294A8B611378BB
:102BA00023F0010313705920FEF71EFC90B1224B55
:102BB000224AB3F93630C3F3031103F00F0352F87E
:102BC0002110012202FA03F31D4A8B61137823F0CE
:102BD000020313705A20FEF707FC90B1164B174AF8
:102BE000B3F92230C3F3031103F00F0352F821109D
:102BF000012202FA03F3124A8B61137823F00403D3
:102C000013704520FEF7F0FB0028A7D0BDE8704008
:102C1000FDF78EB8BDE870400DF0CABA64490020D7
:102C20002849002000007A442C0200200000000007
:102C3000604900201000800378D002087848002006
:102C4000E34E002030B5444B444C93ED017AD4ED73
:102C5000056AD4ED025AD3ED027A94ED036AD3EDFE
:102C6000004A94ED015A77EE255A37EE267AD4EDD4
:102C7000066A37EE866A77EEA67AD4ED046A35EEF8
:102C8000245A76EEA46A89B08DED025ACDED035A2E
:102C90008DED046ACDED056A8DED067ACDED077AEE
:102CA000FDF78CFB2E48FDF767FB2E4B1B68C3F32B
:102CB00080415B0313D52C4B2C489A7C8AB32C4B58
:102CC0001D68AB18AA5CA2F13005092D06D92E2A81
:102CD00018D15A78303A092A88BF0023036021B3FB
:102CE000224B1B68FBB1FEF7C7FB002832DBFEF767
:102CF000C3FBFF2817DCFEF7BFFBC0B2003818BFCC
:102D0000012011E02D2A01D02B2A08D15A78A2F1F6
:102D10003005092DE2D92E2A01D19A78DAE700236D
:102D2000DCE7026009B1012020702078FDF70AFC81
:102D3000104B009304AA03A902A80F4BFDF76EFCE9
:102D40000023009307AA0D4B06A905A8FDF766FC12
:102D500009B030BD0020E7E7184F002074020020C2
:102D600071D90208604900204249002064490020CE
:102D70003C49002053DF020881D9020889D90208A2
:102D80000DF040BA08B511F007F90BF03FFD0DF05A
:102D90000FFA0021084610F06DFD4FF47A70FDF730
:102DA0007BFCBDE80840024800210AF05DBE00BF80
:102DB00091D9020838B52A4B1B68C3F380445B03E2
:102DC00014D5284B28499A7C002A41D0274B1868F3
:102DD0008318825CA2F13000092806D92E2A28D156
:102DE0005A78303A092A88BF00230B6004B3F8F7F9
:102DF000BDFB1F4B18601C4B186870B3024615468C
:102E000012F8014B14F0DF0124D0452C01D0652CC1
:102E1000F5D100212970186818F044F92C70DFED05
:102E2000157A154B20EE270ABCEEC00A83ED000A86
:102E300038BD2D2A01D02B2A08D15A78A2F13000B2
:102E40000928D2D92E2A01D19A78CAE70023CCE7E3
:102E50000A60CBE718F026F9E1E79FED080ADEE704
:102E60006049002042490020644900203C4900207C
:102E70002849002000007A4430490020000000006A
:102E80001C4B1B68C3F380405B0310B513D51A4B72
:102E90001A499A7C5AB31A4B1C68A318A25CA2F177
:102EA0003004092C06D92E2A12D15A78303A092A30
:102EB00088BF00230B6038B1104B186820B10A227C
:102EC000002118F0C3F900B2BDE81040F5F778BE54
:102ED0002D2A01D02B2A08D15A78A2F13004092CCE
:102EE000E8D92E2A01D19A78E0E70023E2E70A60C8
:102EF000E1E700BF6049002042490020644900200A
:102F00003C49002008B5124B01221A70114B0022D7
:102F100053201A70FEF768FAA0B10F4B1B688BB1F3
:102F2000FEF7AAFA002803DABDE8084002F0FEBA6C
:102F3000FEF7A2FAFF2804DCFEF79EFA10F0FF0F5E
:102F4000F2D008BD5320FEF74FFA0028ECD0F8E786
:102F5000A7480020354E00206449002010B50446E3
:102F6000F8F704FB034B00211860E0B2BDE8104005
:102F700012F086BA284900200EF002B90FF064BCA6
:102F80000EF08EBB10B55320FEF72EFA0446B8B1F2
:102F90000F4B1B68A3B1FEF76FFA002815DBFEF795
:102FA0006BFAFF2805DCFEF767FAC0B2041E18BFF3
:102FB000012484F00100C0B2BDE810400EF030BC26
:102FC0005320FEF711FA0124F3E70024F1E700BFD4
:102FD0006449002008B50FF02BFC30B1FDF7EEF985
:102FE000BDE808400148FDF7C7B908BDA7D90208E8
:102FF00030B5072085B00CF02DFA00282CD1214BDC
:103000001A68C2F3C033120414D51F4A1F4CD17B77
:10301000002932D01E4A15686A18695CA1F1300592
:10302000092D06D92E2919D151783039092988BF9F
:10303000002222603BB1154B186800B30A22002120
:1030400018F004F983B2134A07CA01AC84E80700F8
:103050002146D8B20AF0C8FE05B030BD2D2901D0F6
:103060002B2908D15178A1F130000928E1D92E2966
:1030700001D19178D9E70022DBE72160DAE7034646
:10308000E1E700BF60490020424900206449002078
:103090003C49002050CB020808B52DED028BB0EE64
:1030A000408AFEF7DDF918B1FEF770FAB0EE408AFB
:1030B000B0EE480ABDEC028B08BD000030B58BB005
:1030C00000F094FE021EC0F2908001210846D2B2A8
:1030D00008F092F84520FEF787F9002800F0878075
:1030E000FEF754FAB5EEC00AF1EE10FA01DAB1EECD
:1030F000400A454B93E8070007AD85E80700B1EEAD
:10310000400A5A208DED020AFEF7AAF930B19FED70
:103110003F0A5A20FFF7C0FF8DED090A5820FEF73D
:103120009FF930B19FED390A5820FFF7B5FF8DEDBB
:10313000070A5920FEF794F930B19FED340A59205F
:10314000FFF7AAFF8DED080A5520FEF74DF900287C
:1031500050D0FEF71BFAB5EEC00AF1EE10FAB8BF78
:10316000B1EE400AB1EE400A00234C208DED030A77
:103170000493FEF739F9002840D0FEF707FAB5EEC0
:10318000C00AF1EE10FAB8BFB1EE400A42208DED50
:10319000050AFEF765F9002834D01D4B186818B1F0
:1031A0000A22002118F052F804B2012303AA29468A
:1031B00002A8FDF78FFFC0B164B201202146FEF7DF
:1031C00007F8144B06935220FEF74AF930B1FEF788
:1031D000DDF9BDEEC00A10EE103A18B20090234699
:1031E00006AA05A904A8FEF755F80BB030BDB0EE4D
:1031F000000A7EE7084B93ED000AACE7064B93ED1F
:10320000010ABCE70A24D0E75CCB020800000000FA
:10321000644900200000A0421C49002010B500F0C5
:10322000E5FD041E35DB5520FEF7DEF8B0B1FEF7F4
:10323000ADF9B5EEC00AF1EE10FADFED167A164BD5
:10324000B8BFB1EE400AB4EEE70AE200F1EE10FAC0
:103250001344D4BF83ED000AC3ED007A4C20FEF77F
:10326000C3F8B0B1FEF792F9B5EEC00AF1EE10FA6C
:10327000DFED087A0848B8BFB1EE400AB4EEE70ABD
:10328000E400F1EE10FA0444D4BF84ED010AC4ED69
:10329000017A10BD008022441C49002010B52DED9C
:1032A000028B8AB000F0A2FD041EC0F28C805A206E
:1032B000FEF7D6F8DFED4C8A002800F088805A200F
:1032C000FEF7CEF8002800F08580FEF75FF9B0EE3B
:1032D000408AE2B20321052007F08EFFB5EEC08AD6
:1032E000F1EE10FA15DD414B9FED417AD3ED027AF4
:1032F000404B099378EE277A09A9F4EEC77AF1EEEC
:1033000010FA58BFF0EE477A08A8CDED087A0BF016
:10331000F1FD394B05934C20CDED068AFEF764F89C
:1033200000285AD0FEF732F9344AB5EEC00AB2F995
:103330000830F1EE10FAB8BFB1EE400A032B8DED64
:10334000070A4EDD07EE903AB8EEE77AD2ED017A41
:1033500077EEC77AB0EE087AF5EEC07AF1EE10FAA1
:10336000B8BFF1EE677AF4EEC77AF1EE10FACCBF8F
:10337000012300230322CDE901320123009305AA92
:103380000A2307A906A8FDF7B1FDB5EEC08AF1EE44
:1033900010FA13DD154B93ED020A164B099330EE2C
:1033A000488A09A9B5EEC08AF1EE10FAD8BF9FEDA0
:1033B0000E8A08A88DED088A0BF09CFD00221146AC
:1033C000092007F019FF0AB0BDEC028B10BDB3EE67
:1033D000048A7EE7B0EE688A7BE7094B93ED010A29
:1033E000A2E70023C6E700BF000000005C02002047
:1033F00000007A430000A0400000A04204570020D3
:103400001C49002010B52DED028B82B000F0EEFCBF
:10341000041E62DB5A20FEF723F8002861D05A20F0
:10342000FEF71EF800285FD0FEF7B0F8B0EE408A35
:10343000E2B20421032007F0DFFEB5EEC08AF1EE10
:1034400010FA15DD2D4B9FED2E7AD3ED027A2D4B20
:10345000019378EE277A01A9F4EEC77AF1EE10FA1B
:1034600058BFF0EE477A6846CDED007A0BF042FD8A
:103470005520FDF7B9FFD0B3FEF788F8B5EEC00AC6
:10348000F1EE10FAB8BFB1EE400A0422F1EE407A34
:1034900001210DEB0200CDED017AFDF7CDFDB5EE7A
:1034A000C08AF1EE10FA13DD144B93ED020A154BAE
:1034B000019330EE488A01A9B5EEC08AF1EE10FA08
:1034C000D8BF9FED118A68468DED008A0BF012FD82
:1034D00000221146092007F08FFE02B0BDEC028BDE
:1034E00010BDB3EE048AA3E79FED078AA0E7074863
:1034F00000EBC40494ED000AC0E700BF5C020020AA
:1035000000007A430000A040000000001C49002099
:10351000084B03281B78024604D113F0200006D183
:10352000D90605D423FA02F000F00100704701200B
:10353000704700BF264900202DE9F0472F4E304D3F
:10354000DFF8C8902DED028B00243746A84604F121
:103550005800C0B25FFA84FAFDF782FF002845D018
:10356000FEF714F85046B0EE408AFFF7D1FFB0B333
:1035700095ED000A38EE000A86ED000A0134032CAE
:1035800006F1040605F10405E1D14520FDF768FFC9
:1035900078B3FDF7FBFF2046B0EE408AFFF7B8FF97
:1035A00018B1D8ED037A38EE278A87ED038A4620D2
:1035B000FDF756FF78B1FDF7E9FFB5EEC00AF1EE71
:1035C00010FA08DDFDF7E2FF9FED0E7A0E4BC0EE1C
:1035D000077AC3ED007ABDEC028BBDE8F08709EBFA
:1035E000840393ED000A38EE400AC5E72B68336088
:1035F000C4E7D8F80C30FB60D9E700BFF04E0020DC
:103600005C020020000070426C020020184F002075
:1036100010B50446F7F7AAFF0444F7F7A7FF001B0D
:10362000002803DA0020FCF721FDF6E710BD0000BA
:1036300070B58F4C0123267823708E4B1B784D2B51
:1036400005465DD0542B00F01B83472B0AD18A4BD3
:1036500018681D2827DC142808DC03281EDC012834
:1036600039DC30D9854801F0D7FC2EE01538082820
:10367000F8D801A353F820F0CB36010865360108CD
:1036800065360108653601086536010865360108AA
:10369000E3360108E9360108EF3601080428E1D1D4
:1036A00001F000FB11E05B2824D007DC2A2824D09D
:1036B0005A28D7D1724B00221A7006E05C28D1D16B
:1036C00000F0FCFB01E001F0B7F8002D40F046826D
:1036D00001F0A4FE42E2811E4842484101F030FA66
:1036E000F3E7FFF785FCF0E7FEF7E4FAEDE7FEF716
:1036F000DFF8EAE7624B0F22DEE7FDF7C7FEE4E7FB
:103700005D4B1B689B2B00F36B81482B00F3BA8049
:10371000202BA7D8202BA5D801A252F823F000BF58
:10372000D53A0108D53A0108653601086536010821
:1037300065360108653601086536010865360108F9
:1037400065360108653601086536010865360108E9
:1037500065360108653601086536010865360108D9
:1037600065360108DB3A01089D3B01086536010812
:10377000E13A0108E73A0108ED3A0108F33A010895
:10378000F93A0108FF3A0108053B01080B3B010823
:10379000113B0108173B01081D3B01082F3B0108A5
:1037A000233B01086FF4FA721344032B00F24A82A0
:1037B000DFE813F04B024E0251025402A3F591735D
:1037C0000E2B3FF64FAF01A252F823F0153C010833
:1037D0006536010865360108653601086536010859
:1037E0006536010865360108653601086536010849
:1037F000653601081B3C0108213C01082D3C0108ED
:10380000333C0108273C0108C83B152B3FF62AAF83
:1038100001A252F823F000BFDF3B0108E53B01089D
:1038200065360108EB3B0108F13B0108F73B010855
:10383000FD3B01086536010865360108653601085B
:1038400065360108033C0108653601086536010844
:1038500065360108653601086536010865360108D8
:103860006536010865360108093C01080F3C01086E
:1038700025490020404900205C490020684900207B
:1038800026490020493B522B3FF6ECAE01A252F8EC
:1038900023F000BF353B0108653601083B3B0108BA
:1038A000413B0108473B01086536010865360108C0
:1038B000653601088B3B0108913B0108973B0108E5
:1038C0009D3B0108A33B01086536010865360108E8
:1038D0006536010865360108653601086536010858
:1038E000A93B0108653601086536010865360108FF
:1038F0006536010865360108653601086536010838
:103900006536010865360108653601086536010827
:103910004D3B0108593B0108613B0108673B010829
:10392000CB360108533B01086D3B0108733B01088E
:10393000CB360108793B0108AF3B0108B53B0108D4
:1039400065360108BB3B0108C13B0108C73B0108C4
:10395000CD3B0108D33B01086536010865360108F7
:1039600065360108653601086536010865360108C7
:1039700065360108653601086536010865360108B7
:1039800065360108653601086536010865360108A7
:103990006536010865360108653601086536010897
:1039A0007F3B010865360108653601086536010868
:1039B00065360108D93B01086536010865360108FE
:1039C0006536010865360108653601086536010867
:1039D000653601086536010865360108853B010832
:1039E000B3F5CD7F3FF471AE1EDCDD2B08DCC72BB9
:1039F0003FF70AAFBE2B7FF435AE02F0B3FA64E6B0
:103A0000B3F5987F09DCB3F5917FBFF6D7AEFA2BFB
:103A10007FF428AE00F03EFE57E6B3F5C87F7FF492
:103A200021AEFFF7ADF950E640F23F22934200F09D
:103A30001881B3F5107F1DDAB3F5FC7F13DCB3F505
:103A4000FA7FBFF6AFAE40F2A512934200F0F480C9
:103A5000B3F5D67F00F0F380B3F5D27F7FF402AEEA
:103A6000FDF7B6FD31E6B3F5037F7FF4FBAD02F061
:103A700077F82AE6B3F5687F56D019DC40F2BD220C
:103A8000934200F0F4800BDCB3F5167F00F0EC807D
:103A900040F25B2293427FF4E5ADFFF7BFFB14E6F3
:103AA00040F2BE2293427FF4DDADFFF7ABFC0CE6A3
:103AB00040F2E732934200F0DD8040F2E932934277
:103AC00000F0DB8040F2E53293427FF4CBADFFF7AC
:103AD000D7F9FAE500F016FDF7E5FEF7BDFFF4E5CE
:103AE00001F0D8FEF1E501F0F1FEEEE501F0F0FEA7
:103AF000EBE501F0F7FEE8E501F00CFFE5E501F08C
:103B00001FFFE2E501F02EFFDFE501F07BFFDCE5C2
:103B100001F0BAFFD9E501F0BDFFD6E501F0C2FF23
:103B2000D3E501F0D3FFD0E502F02CF8CDE502F0AB
:103B30008DF8CAE500F034FEC7E502F0B7F8C4E539
:103B400002F0B6F8C1E502F0B5F8BEE502F0C6F83D
:103B5000BBE502F005F9B8E502F066F9267070BD24
:103B600002F08AF9B1E502F0BBF9AEE500F0D0FA57
:103B7000ABE5FEF7F3FEA8E500F016FBA5E502F0C5
:103B8000BBF9A2E502F042FA9FE5FFF7FBF89CE5DE
:103B900002F032FB99E502F039FB96E5FEF7B6FF3D
:103BA00093E5FFF707F990E5FEF772FE8DE500F06B
:103BB0006DFB8AE500F0A6FB87E500F0F7FC84E5E5
:103BC00000F03EFC81E500F09BFC7EE5FEF73EFF49
:103BD0007BE5FEF73EFF78E500F0F6FC75E5FEF7C5
:103BE00009F972E5FEF76CF96FE5FEF781F96CE50E
:103BF000FEF7EAF969E5FEF793F966E500F0D4F916
:103C000063E5FFF71FF860E5FEF742FA5DE5FEF7B2
:103C1000B9FA5AE501F090F857E500F0A1FD54E536
:103C2000FEF76EFB51E5FEF769FC4EE5FEF7ECFB97
:103C30004BE502F04BFA48E5FDF786FF45E500F05D
:103C4000EDF942E5FFF798F93FE5FFF797F93CE515
:103C5000FFF796F939E5FFF795F936E5FFF7BAF979
:103C600033E5FEF7ABFC30E5FFF728FA2DE5FFF76B
:103C700015FB2AE5FFF746F927E501F0E1FD24E50C
:103C8000024B93F90000FFF769F91EE55C4900203B
:103C900070B5174B174C1A78174B94F9006033F82E
:103CA00012302370154B164D1B7802EB4201DB07D7
:103CB00005EB41150AD5FCF781FB94F900306BB197
:103CC0007F2B0BD00F482946F5F79CFD284601F0C5
:103CD000A3F80020FFF7ACFC267070BD0A48294607
:103CE000F5F790FD94F90030002BEFD0EAE700BF24
:103CF000494B0020AA480020384B0020A94800204A
:103D0000744900206C470020DC0500202DE9F047B5
:103D1000184BD3F8009000AF04464FF0000A0A2178
:103D2000204616F034FBE8460546B8B1061B06F1FE
:103D3000080323F00703ADEB030D32462146684626
:103D400016F04CFB68460DF806A001F065F801205E
:103D5000FFF76EFC3DB16C1CC546E0E72046F4F76A
:103D60006DFE0646E3E74846C54601F055F8BD46F8
:103D7000BDE8F0873C49002070B5F7F7F7FB144B1E
:103D8000144E1B78144D04469BB933788BB1134BFA
:103D90001B7873B12A68821A002A10DB032B0FD01C
:103DA00005D8FCF70BFB0E48FCF7E6FA01E0042B04
:103DB0000AD030784FF47A7303FB00442C6070BD56
:103DC000FCF7FCFA0748EFE7FCF7F8FA0648EBE7E0
:103DD0002C490020300200203449002025490020D1
:103DE000B2D90208C4D90208DBD9020870B5542040
:103DF000FDF736FB002855D0FDF73EFB002831DBF0
:103E0000FDF73AFBFF282FDCFDF736FBC4B264B2A6
:103E1000002C25DD244DFCF7D1FA95F900302BB3A9
:103E20007F2B23D021484D21FBF70DFF95F9003062
:103E30001F4E23B37F2B22D031681C480A22F5F78E
:103E40002AFD1C482146FCF7E7FA95F9003003B338
:103E50007F2B1ED015480A21FBF7F5FE4FF0FF34EB
:103E6000204670BD0024D2E7FF24D0E712484D2140
:103E7000F5F74FFE95F90030002BD7D0D2E7316827
:103E80000D480A22F5F707FD95F90030002BD8D030
:103E9000D2E709480A21F5F73CFE95F90030002BDE
:103EA000DCD0D7E70446DBE7AA4800206C470020B7
:103EB0005C490020F3D90208DC0500202DE9F74F0A
:103EC0000024324FDFF8D880DFF8D890264617F864
:103ED000010BFDF789FA5FFA84FA8346D8B3D8F864
:103EE0000000C0B30246134612F8015B15F0DF0173
:103EF0003CD0452D01D0652DF5D100211970D8F8A1
:103F00000000019317F0CEF8019B1D70032C18BF21
:103F10001F4B9FED207A4FEA84021CBF9B18D3ED04
:103F2000007A09EB020318BF30EE670AD3ED007A7E
:103F300070EE677AF4EEC77AF1EE10FA06DB9FEDC9
:103F4000167AF4EEC77AF1EE10FA04D9032C10D1E8
:103F500089ED030A5E460134042CB8D10EB10AF093
:103F6000D9FE03B0BDE8F04F0AF0B2BE17F09AF8E0
:103F7000CCE70A4B134493ED007A77EE277A50464C
:103F8000C3ED007A0BF032FBE5E700BF06DA02086A
:103F9000184F0020BD3786B5BD3786350C4F002041
:103FA000644900205C0200202DE9F041194E2DEDFE
:103FB000028B9FED198A002404F15800C0B25FFA09
:103FC00084F8FDF711FAA8B13068F8B103461F462E
:103FD00013F8015B15F0DF0115D0452D01D0652DDB
:103FE000F5D100213970306817F05CF83D7040461B
:103FF0000BF08EFB0134032CDED1BDEC028BBDE84F
:10400000F0410AF065BE17F04DF8F0E7B0EE480A4F
:10401000EDE700BF644900200000000030B5072034
:1040200085B00BF017FA002863D1FBEE046A324921
:104030003248334A01AB0324F0EE665AB3EE046A09
:10404000F1EC017AB0EC017A77EEC77AF4EEE67A19
:10405000F1EE10FAE3EC017A04DBF4EEC67AF1EE4D
:1040600010FA07D992F90050002DC4BFB1EE477A7B
:1040700003ED017A53ED017AF4EEE57AF1EE10FAF0
:1040800028DBF4EEC67AF1EE10FA23D8013C14F0E6
:10409000FF0402F10102D3D19DED010A20460BF08D
:1040A00037FB9DED020A01200BF032FB9DED030A68
:1040B00002200BF02DFB0AF00BFE1248214609F0FE
:1040C000D3FC40F29321642009F04AFE40F2BA2169
:1040D000642009E0FCF778F90B48FCF74DF90B4830
:1040E00009F0ECFC2821C82005B0BDE8304009F0FB
:1040F00037BE05B030BD00BF3CDA02085C020020CC
:1041000036DA020848DA02080ADA020828DA02086F
:104110001E4B1B6810B5C3F340349B0413D51C4BD6
:104120001C495A7B7AB31C4B18688318825CA2F135
:104130003000092806D92E2A16D15A78303A092A91
:1041400088BF00230B6074B1124B186858B1134B31
:104150001A78134B002133F912400A2217F076F82F
:10416000104B43F8240010BD2D2A01D02B2A08D172
:104170005A78A2F130000928E4D92E2A01D19A7880
:10418000DCE70023DEE70A60DDE700BF60490020CE
:1041900042490020644900203C490020494B00204E
:1041A000384B0020404B002038B52F4B2F4C1B685C
:1041B00013F4802FC3F3804513D02D4B2D499A7CE7
:1041C0004AB32D4B18688318825CA2F1300009288D
:1041D00006D92E2A10D15A78303A092A88BF0023EE
:1041E0000B60CDB1234B1B68B3B1FDF745F9002837
:1041F00024DA0023237038BD2D2A01D02B2A08D1C0
:104200005A78A2F130000928EAD92E2A01D19A78E9
:10421000E2E70023E4E70A60FCF7D0F82178174CC6
:104220001748FCF76BF994F90020A2B17F2A12D04D
:10423000BDE8384013480A21F4F71EBDFDF71CF90C
:10424000FF2801DD3C23D5E7FDF716F9C0B23C2875
:104250002070F7D8CFE70C480A21F5F75AFC94F9FB
:104260000030002BC7D0E3E7604900203002002077
:1042700042490020644900203C490020AA4800200F
:1042800058DA02086C470020DC0500200AF02ABD3D
:1042900038B5044617480D46FCF76EF82046164C14
:1042A000FCF76AF894F900308BB17F2B0FD01348DC
:1042B0003A21F4F7E1FC94F900308BB17F2B0FD059
:1042C00029460E48BDE838400A22F5F7E6BA0C4800
:1042D0003A21F5F71EFC94F90030002BEBD0E6E70D
:1042E00007480A222946F5F7D8FA94F90030002B3E
:1042F000E6D138BD5FDA0208AA4800206C470020EA
:10430000DC05002008B53448FCF736F833480021B6
:10431000FFF7BEFF32480021FFF7BAFF3148012105
:10432000FFF7B6FF30480121FFF7B2FF2F48012108
:10433000FFF7AEFF2E480021FFF7AAFF2D4801210D
:10434000FFF7A6FF2C480021FFF7A2FF2B48002112
:10435000FFF79EFF2A480021FFF79AFF2948012115
:10436000FFF796FF28480121FFF792FF2748002119
:10437000FFF78EFF26480021FFF78AFF254800211E
:10438000FFF786FF24480121FFF782FF2348002121
:10439000FFF77EFF22480121FFF77AFF2148002125
:1043A000FFF776FF20480021FFF772FF1F48012129
:1043B000FFF76EFF1E480021FFF76AFF1D4801212D
:1043C000FFF766FF1C480121FFF762FFBDE80840C8
:1043D0001A480021FFF75CBF64DA020840DB0208DC
:1043E00050DB020865DB02086CDB020877DB0208A1
:1043F00087DB020890DB02089ADB0208A4DB0208D4
:10440000ABDB0208B3DB0208C1DB0208CFDB02082A
:10441000DEDB0208ECDB020802DC020813DC020827
:1044200022DC020829DC02083EDC02084CDC02081F
:104430005FDC02086CDC020871DC02087EDC02082A
:10444000F8B52A4B00261C684FF0FF320423304693
:10445000013B13F0FF031AD0217801F0FB05412D39
:104460000ED16578312D12D1452931D0412908BFAF
:104470000126A11C0C4601312578202DFAD0E7E752
:10448000502904D161783039CDB2092D1ED9184D8B
:10449000D3B2022B95F9007006D8DAB1012A0CBF0D
:1044A0004FF0FF3301232B7008B1FBF787FF16B1E4
:1044B0001048FBF761FF95F900306BB17F2B0BD0F3
:1044C0000D482146F5F79EF92F70F8BD4AB2D0E7A6
:1044D0000120CEE77F23E6E708482146F5F792F969
:1044E00095F90030002BEFD0EAE700BF38490020F3
:1044F000AA48002092DC02086C470020DC0500205E
:104500000AF0F6BA38B55020FCF7AAFF30B1224BBA
:10451000186818B10A22002116F01EFF0446532025
:10452000FCF79EFFD8B11C4B186860B302461546D5
:1045300012F8014B14F0DF0122D0452C01D0652C7C
:10454000F5D100212970186816F0ACFD2C70DFED54
:10455000137A20EE270AFCEEC07A17EE904A0BF091
:1045600051FE0F4B186888B1012109F02FFA20463F
:104570000021FBF797FDBDE83840002009F0A6BAFE
:1045800016F090FDE3E79FED070AE0E701460648D5
:1045900009F06AFAEBE700BF6449002000007A44A2
:1045A000384900200000000096DC0208054B18681E
:1045B00020B1037813B1002109F008BA002009F0F6
:1045C00085BA00BF3849002010B55320FCF748FFDA
:1045D00010B1FCF751FF00B2C4B2012C06D9FBF7B1
:1045E000F3FEBDE810402948FBF7C6BE4820FCF7A3
:1045F00037FF88B1FCF740FF00B2A92838DDFCF78F
:104600003BFF00B2B0F5827F34DCFCF735FF80B2AF
:1046100006231F4A6343D0524220FCF721FF88B192
:10462000FCF72AFF00B2042827DDFCF725FF00B2C3
:104630008C2824DCFCF720FF80B2154A062303FBFC
:10464000042358804620FCF70BFF80B1FCF714FFD1
:10465000030416D4FCF710FF00B2FF2813DCFCF7AC
:104660000BFF80B20A4B062202FB0434A08010BD6F
:10467000AA20CDE74FF48270CAE70520DDE78C2041
:10468000DBE70020EEE7FF20ECE700BFA9DC020833
:10469000704E0020294B1B6810B5C3F380045B07E4
:1046A00014D5274B27499A78002A3BD0264B186807
:1046B0008318825CA2F13000092806D92E2A22D163
:1046C0005A78303A092A88BF00230B604CB11D4B41
:1046D000186818B10A22002116F0B8FD00B202F0E5
:1046E00055FC1A4B1A4CB3F900101A48FBF794FE0C
:1046F00094F90020C2B17F2A16D0BDE810401648B8
:104700000A21F4F7B9BA2D2A01D02B2A08D15A78F8
:10471000A2F130000928D8D92E2A01D19A78D0E701
:104720000023D2E70A60D1E70C480A21F5F7F1F936
:1047300094F90030002BE0D110BD00BF604900208B
:1047400042490020644900203C4900204C020020DE
:10475000AA480020CBDC02086C470020DC050020C2
:1047600010B55320FCF77CFE98B1FCF785FE84B2AF
:104770005020FCF775FE78B1FCF77EFE80B241F266
:1047800088339842214628BF1846BDE8104009F0FA
:10479000E7BA4FF48274EBE74FF47A70EFE700006A
:1047A000204B1B6810B5C3F3C0341B0413D51E4B3C
:1047B0001E49DA7B82B31E4B18688318825CA2F113
:1047C0003000092806D92E2A17D15A78303A092AFA
:1047D00088BF00230B607CB1FCF74EFE00281DDB78
:1047E000FCF74AFEFF281BDCFCF746FEC0B2114B6B
:1047F000642828BF6420187010BD2D2A01D02B2AF0
:1048000008D15A78A2F130000928E3D92E2A01D123
:104810009A78DBE70023DDE70A60DCE70020E6E7C3
:10482000FF20E4E76049002042490020644900205D
:104830003C4900207C4E002008B5054B1B78012B1D
:1048400005D1FEF779FEBDE808400AF04BBD08BD72
:10485000A74800202DE9F04F2DED0C8B91ED01AA1A
:10486000D1ED00AAAF4CDFEDB0CA2AEE0A0A89B03A
:10487000AAEEAA0A06468846154614F017FCD4ED9F
:10488000007A96ED007AD4ED026A96ED02BAD6ED82
:1048900003BA94ED03CAF1EE6A9A7AEEA7AAD4EDB0
:1048A000017AB1EE4A8A3AEE27AAD6ED017A37EEBE
:1048B0006A7A77EECA7AB0EE409A67EE880A28EEF6
:1048C000470AE7EE290AA7EEA90A3BEE66BA14F0FA
:1048D000EBFBB5EEC00AF1EE10FAF0EE408A48BFED
:1048E00070EE2C8AF3EE087A88EEAC0A20EE270AE6
:1048F00014F08AFABCEEC00A10EE103A9FB2012FF3
:1049000038BF01270DB178EEEC8AF5EE408AF1EE62
:1049100010FA17D194ED007AD6ED007AB4EE677AEA
:10492000F1EE10FA0ED1D6ED017A94ED017AB4EEE3
:10493000677ADFED7D7AF1EE10FA08BF182708BF1D
:10494000F0EE678AB5EE40BAF1EE10FA28EE890A69
:1049500000F0C1806BEE0B7AE0EE007AB0EE670AF1
:1049600014F0A4FBDFED717AB4EEE70AF1EE10FA71
:1049700000F1AC806E4B9FED6F7AD3ED007A6E4BF9
:10498000B3F9003027EE877A07EE903AF8EEE77A2F
:104990007BEECCBA67EE277A4FF0010BCDED037AB0
:1049A00014F0C0FABCEEC00AB1EE087A10EE103A6C
:1049B0009BB29F4238BF1F46BFB207EE907AF8EE17
:1049C000E77AA368069388EEA79AE36807934FF007
:1049D000190A04ADCBEE27CA8BEEA7DA69EE097A85
:1049E000B7EE00BA69EE276ADFED54BAC6EE878AE1
:1049F000B6EE007AA7EEC7BAF6F7B8FD79EE688A88
:104A000000F1C8091FFA8BF39F4248D90FF08CFDC3
:104A1000F6F7ACFDA0EB0900002806DBF6F7A6FDD3
:104A200000F1C8090020FBF721FB0AF1FF3A4FFA19
:104A30008AFABAF1000F56D068EE0B7A28EEC88ACF
:104A4000E9EEA87AA9EE8B8AF0EE489AB0EE678A72
:104A50007AEEA97A2846CDED047A78EE0A7A0BF13F
:104A6000010BCDED057ADDED067A77EEAC7ACDED72
:104A7000067ADDED077A77EE8D7ACDED077A0AF0CA
:104A8000BFFA0023019303AB0093B0EE6B0A07ABB0
:104A900006AA05A928460CF0D1F90028B2D196E85B
:104AA0000F0085E80F0028460AF0AAFA00230193B8
:104AB00003AB009306AA07AB05A99FED200A284681
:104AC0000CF0BCF995E80F0084E80F0009B0BDECCC
:104AD0000C8BBDE8F08FB5EEC00AF1EE10FAB8BF4E
:104AE000B1EE400A3EE707EE90BAF8EEE79A4FF0D3
:104AF000190A69EE899AB0EE690A14F0CBF9B0EEA2
:104B0000408AB0EE690A14F085FA98ED017AD8ED82
:104B1000007A67EE009AE7EEC89A28EE478AA7EE79
:104B2000C08A95E75C020020DB0FC9406F12833A10
:104B30006C0200200AD7233C700200200000000015
:104B400010B5524B2DED068B1B78012B82B004461D
:104B500079D1FEF7F1FC0023522000930193FCF77A
:104B60007FFC002876D0FCF711FDB5EE400AF1EE8F
:104B700010FAB0EE409A53D0454BD3ED006A93ED56
:104B8000017A444BD3ED008AD3ED017AF4EE668AC4
:104B9000F1EE10FA04D1B4EE677AF1EE10FA3FD0DC
:104BA00077EEC77A78EEE68AB6EE008A68EE888AF3
:104BB00027EE888AB5EEC09AF1EE10FA28EE080AC0
:104BC0004CBF01230023A342F7EE007AA8EEA80A07
:104BD000BFEE00AA08BFB0EE67AA14F067FAF0EEC5
:104BE000409A39EE400A39EE899A20EE090AB5EE6C
:104BF000C00AF1EE10FA2ADB14F058FAF1EE486A16
:104C0000C8EEA97A86EEA97A67EE8A7A27EE0AAA12
:104C1000A0EE278AE0EE0A8A8DED018ACDED008AAA
:104C2000DDED007AF5EE407AF1EE10FA24D1DDEDFB
:104C3000017AF5EE407AF1EE10FA1DD1FBF7C4FBD4
:104C40001548FBF799FB02B0BDEC068B10BD9FED3C
:104C5000130AD3E74920FCF703FC18B1FCF796FCD4
:104C60008DED000A4A20FCF7FBFB0028D8D0FCF7AA
:104C70008DFC8DED010AD3E7064822466946FFF711
:104C8000E9FDF6F773FC064B1860DCE7A748002047
:104C90005C020020F04E0020DADC02080000000078
:104CA0002849002038B55020FCF7DAFB30B11E4B04
:104CB000186818B10A22002116F04EFB0446532052
:104CC000FCF7CEFBD8B1184B186848B3024615461E
:104CD00012F8014B14F0DF011FD0452C01D0652CD8
:104CE000F5D100212970186816F0DCF92C70DFED81
:104CF0000F7A20EE270AFCEEC07A17EE904A0BF0EE
:104D000081FA08F05BFE014610B9094808F0ACFED4
:104D10002046BDE83840FEF77BBC16F0C3F9E6E755
:104D20009FED040AE3E700BF6449002000007A44D5
:104D3000F0DC02080000000013B55A20FCF790FBDD
:104D4000D0B1FCF723FCF8EE007AB4EEE70AF1EEFE
:104D500010FA2FD4FCF71AFCF0EE007AB4EEE70A52
:104D6000F1EE10FA26DCFCF711FC01A902208DED12
:104D7000010AFBF7D3FC04E05320FCF771FB002889
:104D8000DFD1154B1B6813F0607F16D1FBF716FBC4
:104D9000124B134C93ED000A1248FBF785FB94F974
:104DA00000208AB910480A21F4F7B3FE94F90030C4
:104DB00043B10BE0B0EE670AD7E75220FCF714FBD3
:104DC0000028E3D102B010BD7F2AEBD00A210748AA
:104DD000F3F752FFF6E700BF60490020C848002003
:104DE000AA480020F9DC0208DC0500206C470020FE
:104DF000054A00231360054A3F211170044A1360DD
:104E0000044A1360704700BF384900204049002021
:104E10005C490020604900202DE9F047FFF7E8FFDA
:104E2000044610F8012B202AFAD04E2A18D16278B5
:104E30002B3AD2B20E2A13D847F6E57121FA02F2C4
:104E4000D2070DD5A31C1978303909291A4603F168
:104E50000103F8D911782029144602F10102F9D092
:104E6000674E346014F8015B2A21204615F08FFA52
:104E700038B10138034601381A78202AFAD00022C6
:104E80005A70A5F14703DBB20D2B33D8012202FA89
:104E900003F342F2410213422CD02278202A234607
:104EA00004F10104F9D0303A092A23D8554A564969
:104EB000157000220A600A2413F8010B0A6804FB2B
:104EC0000202303A0A60187830380928F4D9984636
:104ED00013F8011B2029FAD04D2D4C4910D11E2A60
:104EE0000ADC162A0CDD0123934013F0A14F07D0F2
:104EF000C1F80080BDE8F087762A1EDC742AF7DC52
:104F000000233668424CDFF80CC10B60012747F6DE
:104F1000ED7E404610F8013B002BEBD0212B12D147
:104F20004D2D10D1202A0ED10860232115F02FFA23
:104F30000028DFD000230370DCE7B2F5687FDFD103
:104F4000D6E78046E5E7A3F141095FFA89F9B9F1AF
:104F5000190F4ED80378202B804600F10100F9D0BC
:104F6000A3F13000092840D92E2B2FD198F8013019
:104F7000303B092B39D90B68002B38D108F1FF30B1
:104F80000860206807FA09FA4AEA000020600BB1BD
:104F90009B1BDBB20CF8093040460378413B192BD0
:104FA000CFD9804610F8013B002BB2D02B3BDBB2AF
:104FB0000E2B03D82EFA03F3DB07F2D443461878FE
:104FC0002028984603F10103F9D0A2E72D2B01D048
:104FD0002B2BD0D198F80130A3F13000092804D947
:104FE0002E2BC8D198F80230C2E74346C9E7002308
:104FF000C7E70B68002BD0D1C1F80080CDE700BF18
:105000003C490020404900205C49002038490020EC
:10501000604900204249002008B5FBF7CFF9054B55
:1050200005481968FBF7D6F9BDE808400348FBF7C7
:10503000A3B900BF3C49002006DD020819DD0208C3
:10504000034B01221A705A709A70DA70704700BFD1
:10505000134C0020034A00231370034A1370034AC1
:1050600013707047484B00204A4B0020494B0020EA
:1050700010B5094A094C1378E054094820F8131078
:105080000133DBB2032B88BF00231370054A13786A
:105090000133137010BD00BF4A4B0020134C002099
:1050A000384B0020484B002038B503783B2B0C468A
:1050B000154613D00A4B1B78032B0FD8094B1B78CE
:1050C0000146094803EB430300EB431015F06CF96C
:1050D00020462946FFF7CCFF012038BD0020FCE721
:1050E000484B00204A4B00207449002038B5027814
:1050F0000D2A054604D842F20143D340DB0712D4FF
:105100004FF0FF3200212846FFF7CEFF044640B1A2
:10511000FBF754F905482946FBF75CF90448FBF70F
:105120002BF9204638BD0124FBE700BF1CDD020837
:1051300019DD02082DE9F047174B1C6800AF9946AE
:105140002CB30026A55DB04601360DB10A2DF9D16C
:10515000F31D23F00703ADEB030D424621466846DD
:1051600014F09CFF00230DF80830EA4605B1A5199C
:10517000C9F80050B8F1000F0BD05046FFF74CFEB5
:105180000020FEF755FA0120BD46BDE8F087204615
:10519000FAE70120F8E700BF344B0020F8B5124DC4
:1051A0002878F8B12B46002413F8016B1EB10A2EA3
:1051B00001D00134F8E73CB10B4800272F55FFF729
:1051C0002BFE3846FEF734FA002E18BF0134E4B245
:1051D0000023E218D2B2AA5CEA5412B10133DBB266
:1051E000F7E70120F8BD00BFF44A002010B50446DF
:1051F0002046FFF77BFF10B9FAF738FFF8E710BD3C
:1052000098B5014600AF0023CA5C1C4601330AB1C1
:105210000A2AF9D1073323F00703ADEB030D224629
:10522000684614F03BFF00214FF0FF3268460DF84E
:105230000410FFF739FFBD4698BD2DE9F047002661
:1052400000AF0446B146EA46354614F805802E46BE
:105250000135B8F1000F02D0B8F10A0FF5D1EB1DFE
:1052600023F00703ADEB030D32462146684614F0E8
:1052700015FF0DF806906846FFF7B8FFB8F1000F6C
:1052800002D02C44D546DEE7BD46BDE8F08730B5F8
:105290000C78012C13D0032C0AD9043C0C7008287C
:1052A00013D1196859B1013919600023535406E02C
:1052B0005C2805D10434E4B2042C0C7005D130BD57
:1052C0003B28ECD101230B70F9E71C68651C1D60BD
:1052D00010551B685E2BF5DCF1E700002DE9F04F5F
:1052E000314B1B7885B0C3F380025B07019257D521
:1052F0002E4C2F4E2568DFF8CC80DFF8B890DFF811
:10530000C8A00023039333689D4234BF00250125C4
:1053100098F80030032B43D8002D41D1D9F808303C
:105320002448236010F01CFC00282768D6F800B041
:1053300007DA5F4505D2FBF747F81F48FBF71CF873
:10534000E6E7C0B20A289AF800101C4A07D00D28D8
:1053500005D05F451BD3039808B101300390184B6B
:1053600000204FF0600C18700CFB0122039BD054FE
:1053700053B14FF0FF310390FFF77AFE5F45C7D37B
:1053800012F076F8019DC3E70FF0CEF8F6E701EBD7
:10539000410102EB411203AB0949FFF778FFB7E780
:1053A00005B0BDE8F08F00BFB45B0020D85B0020E3
:1053B0003C5C0020945B002029DD02087449002039
:1053C00069490020484B00204A4B00200148FFF764
:1053D00037BE00BF124C002020B1012805D04FF08D
:1053E000FF3070470248F4F7D1BB0248F3F748BDDD
:1053F000DC0500206C47002008B50648F4F7C0FB28
:1054000030B90548F3F706FC003818BF012008BD85
:105410000120FCE7DC0500206C47002038B5144B68
:105420001A78144B33F91210002908DB124B93F948
:105430000050197011498A5C1C460AB91D7038BDAC
:105440000F48FAF799FF94F900303BB17F2B05D054
:105450000C480A21F3F710FC2570F0E70A480A21EE
:10546000F4F757FB94F90030002BF5D0F0E700BFBC
:10547000494B0020384B0020AA480020134C002044
:1054800038DD02086C470020DC0500202DE9F041E2
:10549000FFF750FE002838D1FFF780FE06460028AF
:1054A00033D11C4C237883B31B4F1C4D3B7813F036
:1054B000010F2CD095F80080194B1A4908EB4808C9
:1054C00003EB4818404614F0B0FF18B1C378303BE6
:1054D000092B08D8404611F073FA3B789B0716D485
:1054E000FFF79CFF07E0304611F09CFA0E48FAF7F0
:1054F00043FFFFF793FF2378013B23702B780133A1
:10550000DBB2032B88BF00232B70BDE8F081FEF7D0
:10551000BFFBF0E7484B0020B45B0020494B002064
:10552000744900203BDD02083FDD0208F8B51C4B42
:105530001A781C4B33F91250002D23DB1A4C6BB236
:1055400094F9007023700BB17F2B02D11748F4F748
:1055500089FB94F9003013B11548F3F7BDFB1548EA
:10556000154EFAF709FF94F9003063B17F2B0AD08A
:1055700056F825100E480A220131F4F798F9FFF782
:105580004DFF2770F8BD56F8251008480A22013152
:10559000F4F78DF994F90030002BF0D0E8E700BF64
:1055A000494B0020384B0020AA480020DC05002091
:1055B0006C47002052DD0208404B0020F7B5184C24
:1055C000019094F9007021700D46FAF7FDFE0198E4
:1055D000144EFAF7D1FE94F90030B3B17F2B14D0FA
:1055E00056F8251010480A22F4F761F9EEB2304659
:1055F000FFF7F2FE0130FAD1FFF798FF0B4B27704F
:10560000002243F8252003B0F0BD56F825100848C5
:105610000A22F4F74CF994F90030002BE6D0DFE7CA
:10562000AA480020404B00206C4700206C49002015
:10563000DC0500202DE9F74FF5F798FF6C4B01933F
:105640001A78054692B9FFF7D7FE78B9694E3368E4
:10565000EB1AB3F57A7F09D4674C684894F9007067
:105660007F232370FAF788FE35602770019B1B7833
:10567000032B00F2B980FFF7BFFE002800F0B480D2
:105680005F4E604F00242046FFF7A6FE002848DB4F
:105690005D4BC0B2602202FB04320A28934602D05E
:1056A0000D2840F09B8059495748D6F800C0002388
:1056B0000B55602101FB040101F80C30BCF1000F17
:1056C0002DD0336092F80080B8F1200F924602F19D
:1056D0000102F7D0B8F14E0F70D14D49504614F089
:1056E000A4FE814618B341460AF1040014F04FFEAF
:1056F000002808BF50460A220021013015F0A6FDFF
:105700003A6801328242804613D0B9F1000F10D1BD
:105710004048214603B0BDE8F04FFFF74FBF0EF001
:1057200003FF04360437002CA0D10124ABE7504618
:10573000E1E72A21504614F064FE00284BD0A0EB8C
:105740000A01C9B24FF0000931B10139C9B21AF8E2
:10575000012089EA0209F7E70A22013015F076FDF7
:10576000484502D02C482146D4E7C7F800802B4A90
:105770001278012A1AD04721504614F008FEA8B129
:105780000A220021013015F061FD03280ED8DFF850
:105790006880234898F9009088F80040FAF7ECFDFB
:1057A0002048002108F060F988F80090114B22464B
:1057B000012158461D60FFF777FCB2E71A4A1278BC
:1057C000D307D4D51949504614F02FFE18B1C2782A
:1057D000303A092ACBD8164821469BE70B49334675
:1057E0002144FFF754FD9CE703B0BDE8F08F00BFF4
:1057F000484B00204C4B0020AA4800205BDD0208EB
:105800006C490020404B0020524B0020504B0020A0
:1058100061DD020866DD020899DD0208A748002064
:10582000E2DD020859DE0208B45B00203BDD02081D
:10583000B8DD020808B5FFF7FDFEFFF74FFD08BD14
:1058400038B509F01DF83C2802D90B48FEF75EFA7E
:105850000A480B4CFEF75AFA0A4B0B4894F90050D1
:10586000E4221A707F232370FAF786FD074B084A5B
:1058700025701A6038BD00BF63DE020867DE0208CB
:10588000AA4800207C4E00206BDE0208344B00202A
:105890007FDE020808B5094B1B781B0709D50848AD
:1058A000FAF76AFD11F070FC0648BDE80840FAF707
:1058B00063BDFAF783FD0448F7E700BFB45B00203F
:1058C00083DE020894DE0208A3DE020811F020BA8B
:1058D000034B1B785B0701D411F024B8704700BF5D
:1058E000B45B0020094A10B513680021013B13F88E
:1058F000014F1CB1202CFAD11970F8E7106821462D
:1059000011F0D8FC024B1C7010BD00BF38490020BC
:105910007C4E002008B5084B1B781B0706D5074BAB
:10592000DB781BB110F0DCFFFAF790FABDE8084015
:10593000002008F0CBB800BFB45B0020945B0020CF
:10594000074A08B51378590744BF6FF382031370F1
:1059500008F070FFBDE80840002008F0B7B800BFAD
:10596000B45B0020204B1B781A0710B53AD51F4BAB
:105970001B68C3F380445B0313D51D4B1D499A7C00
:1059800072B31D4B18688318825CA2F1300009289D
:1059900006D92E2A15D15A78303A092A88BF002311
:1059A0000B60FCB1134B1868E0B100210A2215F01E
:1059B0004DFC124B01461860BDE81040104810F035
:1059C00065B92D2A01D02B2A08D15A78A2F13000CE
:1059D0000928E5D92E2A01D19A78DDE70023DFE7EF
:1059E0000A60DEE710BD00BFB45B00206049002004
:1059F00042490020644900203C490020D85B002037
:105A0000945B00201B4B1B6810B5C3F380045B073D
:105A100013D5194B19499A7832B3194B1868831862
:105A2000825CA2F13000092806D92E2A0DD15A78BD
:105A3000303A092A88BF00230B60BCB11148FAF73D
:105A40009BFCBDE8104011F0BDBB2D2A01D02B2AD4
:105A500008D15A78A2F130000928EDD92E2A01D1B7
:105A60009A78E5E70023E7E70A60E6E7BDE810403B
:105A700011F0DABD6049002042490020644900204D
:105A80003C490020ADDE0208014B186811F024BD2E
:105A900038490020024B1A786FF300021A707047E1
:105AA000B45B002008B5074B1B781B0708D5002006
:105AB00010F0B8FF044B1868BDE8084011F06EBD47
:105AC00008BD00BFB45B00203849002010B51F4C52
:105AD0002278520701D50AF095FB23781B0734D5AD
:105AE0005020FBF7BDFC044640B3194B1B686BB15B
:105AF000FBF7C2FC002826DBFBF7BEFCFF2805DC19
:105B0000FBF7BAFCC0B2041E18BF0124114B21469A
:105B1000186811F0CFFB5320FBF7A2FC38B1FBF75C
:105B2000ABFC0D4B014618600C4810F0AFF810F0BC
:105B3000D7FE54B9BDE81040FAF788B95020FBF7FA
:105B400053FC0446E2E70024E0E710BDB45B00200C
:105B50006449002038490020D85B0020945B002075
:105B6000074A13785907C3F3800003D543F0400375
:105B7000137070471B0701D510F054BF704700BF6A
:105B8000B45B0020014B186811F0FEBC38490020BE
:105B9000F0B50568264BB5FBF3F33C269BB240F20B
:105BA0006D120C4618214FF46160B3FBF2F702FB53
:105BB0001732B5FBF0F3B3FBF1F001FB1030B5FB8E
:105BC000F6F3B3FBF6F106FB113106FB1353194E46
:105BD000B54285B092B20BD9CDE9011300901346BE
:105BE00015493A46204614F087FB204605B0F0BD23
:105BF0003AB1CDE9001303461049204614F07CFB6E
:105C0000F3E738B1009302460B4620460C4914F0E6
:105C100073FBEAE729B10A4620460A4914F06CFBF7
:105C2000E3E709491A46204614F066FBDDE700BFAA
:105C3000805101007F33E101BCDE0208C0DE0208B2
:105C4000C4DE0208C8DE0208CCDE020810B588B047
:105C500008F016FE02A9019001A8FFF799FF0F4C6A
:105C6000002102A807F0B2FEFAF7A8FB0C4802A92F
:105C7000FAF7B0FB94F900203AB17F2A05D0094821
:105C80000A21F2F7F9FF08B010BD07480A21F3F71F
:105C900040FF94F90030002BF5D0F0E7AA4800202F
:105CA000D0DE02086C470020DC050020FAF7CEB8F1
:105CB00008F0C0BD08F0AABD08B5FBF7DDFB002861
:105CC00007DBFBF7D9FBFF2805DCFBF7D5FBC0B2F0
:105CD00008BD0020FCE7FF20FAE7000008B51C4BD8
:105CE0001B781B0732D4FEF781F800282EDB4920F1
:105CF000FBF7B6FBE8B1FFF7DFFF01284FF0060323
:105D0000A8BF01205843134B1B5E134AB2F906206B
:105D10000F3A9342A8BF1346104A002013810EF099
:105D2000F7F8012100200EF08DF9BDE808400BF0D6
:105D300093B95320FBF794FB0028F6D0FBF726FC21
:105D4000BDEEC00A10EE103A1BB2DEE708BD00BF80
:105D5000A9480020704E0020B00200200457002007
:105D600070B52D4B1C7814F0080454D1FEF73EF8A2
:105D7000061E50DB4920FBF773FB002838D0FFF7E5
:105D80009BFF01284FF00603A8BF01205843234B77
:105D90001B5E234A234DB2F906200F3A9342A8BF57
:105DA00013462B8100200EF0B3F8012108460EF0B7
:105DB00049F9B5F9083095ED017A07EE903AF8EE19
:105DC000E77AF4EEC77AF1EE10FA00DC74B9F0B2BB
:105DD0000EF05CF901250BF03FF9E5B12146F0B278
:105DE000BDE870400FF0EEB80446F4E72546F2E750
:105DF0005320FBF735FB044628B95220FBF730FB54
:105E000005460028F0D0FBF7C1FBBDEEC00A10EE3E
:105E1000103A1BB2BDE770BDA9480020704E0020AB
:105E2000B00200200457002010B5FDF7DFFF041E6C
:105E300019DB0D48FAF7A0FAE0B20C4C0EF032FD77
:105E400094F900203AB17F2A05D0BDE810400848F7
:105E50000A21F2F711BF07480A21F3F75AFE94F915
:105E60000030002BF1D110BD38DD0208AA48002017
:105E70006C470020DC05002010B55020FBF7F0FA3D
:105E8000C0B94120FBF7B0FAC8B9FF244920FBF79D
:105E9000E7FAB8B1FFF710FF0F4B0128A8BF0120A8
:105EA000062202FB0030848821460020BDE8104015
:105EB0000DF0E0BCFFF700FF0028E2D010BD074B5B
:105EC0001C78E3E75320FBF7CBFA0028ECD0FBF774
:105ED000D3FA84B2E8E700BF704E00206C57002070
:105EE00008B55020FBF7BCFA08B1FFF7E5FEBDE8A6
:105EF000084000210DF0BEBC08B5174B1B781B07EE
:105F000028D44920FBF7ACFAF8B1FFF7D5FE134BC4
:105F10000128A8BF0120062202FB0030B0F90230A0
:105F20000F4A8C2BA8BF8C2313810EF013F8BDE809
:105F30000840012100200EF085B8FBF727FBBDEEDD
:105F4000C00A10EE103A1BB2EAE75320FBF788FABA
:105F50000028F2D108BD00BFA9480020704E0020E3
:105F60005457002038B5244B1C7814F0080442D153
:105F70004920FBF775FA68B3FFF79EFE1F4B012817
:105F8000A8BF0120062202FB0030B0F902301C4DF0
:105F90008C2BA8BF8C232B810DF0DCFF002101206E
:105FA0000EF050F8B5F9083095ED017A154807EE76
:105FB000903AF8EEE77A144BF4EEC77AF1EE10FA65
:105FC000D8BF1846002107F04FFD2046BDE83840F5
:105FD0000FF008B95320FBF743FA044618B95220D2
:105FE000FBF73EFA38B1FBF7D1FABDEEC00A10EE6E
:105FF000103A1BB2CBE738BDA9480020704E0020F4
:1060000054570020ECDE0208DDDE0208294B1B6835
:1060100010B5C3F380445B0314D5274B27499A7C02
:10602000002A40D0264B18688318825CA2F1300009
:10603000092806D92E2A23D15A78303A092A88BF4E
:1060400000230B6084B31D4B1B686BB3FBF714FA82
:1060500000282ADBFBF710FAFF2828DCFBF70CFAF4
:10606000C0B2184B3C2828BF3C2004461870F5F7F6
:106070007DFA4FF47A7303FB0400134B186013E0AE
:106080002D2A01D02B2A0CD15A78A2F130000928F0
:10609000D7D92E2A05D19A78303A092A88BF002309
:1060A000CFE70023CDE70A6010BD0020D9E7FF202D
:1060B000D7E700BF60490020424900206449002022
:1060C0003C49002050570020445700202DE9F04162
:1060D0002DED028B452082B0FBF7C2F9054670B169
:1060E000FBF7CAF9431CDBB2012B05B207D93C48C8
:1060F000FAF742F902B0BDEC028BBDE8F081432013
:10610000FBF7AEF9002859D0FBF7B6F907B25520D6
:10611000FBF7A6F90446002852D0324B1B686BB13E
:10612000FBF7AAF9002850DBFBF7A6F9FF2805DCEE
:10613000FBF7A2F9C0B2041E18BF01249FED2A8A02
:106140009FED2A0A6DB2002D4FF05300A8BFB0EEAC
:10615000408AFBF785F9C0B1224B186800283BD074
:106160000246904612F8016B16F0DF012FD0452E43
:1061700001D0652EF5D1002188F80010186814F0C0
:1061800091FF88F80060B0EE408A1948002107F0BE
:106190001DFCBDEEC88A01A818EE103A1BB208EE2D
:1061A000103AB8EEC88A23467AB229468DED018AA4
:1061B0000EF0B2FB002007F089FC9BE70527A6E75D
:1061C0005520FBF711F90446B8E70024B6E714F0B0
:1061D00069FFB0EE408AD8E79FED068AD5E700BF99
:1061E000FBDE02086449002000008C4200004843A6
:1061F00025DF020800000000034A137823F0200383
:1062000043F010031370704726490020034A1378A7
:1062100023F0100343F02003137070472649002039
:10622000024B83F8540083F855107047484D002006
:10623000FF2873B5034608D8C1B20D48F3F7D7FA63
:106240000C4811F0AFFF02B070BD094C009194F8FA
:10625000545094F855602946324604F1080000F085
:106260004DFD054484F8545084F85560C0B2EAE707
:10627000484D0020504D002073B50A4C009194F811
:10628000545094F8556003462946324604F10800FC
:1062900000F060FD0544C0B284F8545084F85560A5
:1062A00002B070BD484D002073B50A4C009194F8BF
:1062B000545094F8556003462946324604F10800CC
:1062C00000F078FD0544C0B284F8545084F855605D
:1062D00002B070BD484D00204FF6FF71FFF7CCBFF4
:1062E00010B51446FFF79CFF2046FFF7F5FF10BDE1
:1062F0004FF6FF71FFF79CBF10B51446FFF790FFF4
:106300002046FFF7F5FF10BD10B5084801F050FA20
:10631000802104460548FFF7AFFF142C05D8202044
:106320000134FFF7E5FFE4B2F7E710BD3F4E002070
:10633000F0B5BA4BBA4D1B782DED028B87B0002B10
:1063400040F0AC8207F0AEF80646012000F03CFEBB
:10635000B44C2B7894F8511003F00203002B0BBFC0
:106360001222082202200C2013292BD894F8531053
:10637000914211D3AC49AD4F002B14BF0B463B46A5
:10638000CDE900035021032304F1080011F09CFD26
:1063900094F85130132B15D894F85330012B11D9A0
:1063A000002E6ED0A24BA34A1978A34B002918BF28
:1063B0001346019312230093A0480323022268216D
:1063C00011F082FD94F851301B2B00F206819C4A9B
:1063D000132B92ED018AB2F9087013D894F8533058
:1063E000072B0FD92B78974A944813F0010F964B3F
:1063F00008BF1346019308220C2300931146022381
:1064000011F062FD94F85130072B62D8002E3AD17A
:106410008E4B1B79002B36D094F85330132B5CD95C
:10642000F6EE007A38EE278ABDEEC88A18EE103AEA
:1064300018B207F0CBFD0378202B40F0A080437802
:10644000202B14BF02230123C3F10302A3EB830318
:106450000F3302441C21D8B2FFF742FF0920FFF797
:1064600047FF3AE0632992B205D87949794813F099
:1064700043FF0526CDE27849764813F03DFF062616
:10648000C7E26D4B95E707EE907AF8EEE77A17EEE4
:10649000900AF1F719FF714B0022F1F7B7FDF2F7FF
:1064A0001BFA00B207F092FD0378202B65D14378E8
:1064B000202B14BF02230123C3F10302A3EB8303A8
:1064C0000F3302440721D8B2FFF70AFF0920FFF774
:1064D0000FFF94F851301B2B9ED994F85120604B3C
:1064E000072A93ED018A74D8002E4AD1574A127BAD
:1064F000002A46D094F85330132B6ED9F6EE007A6A
:1065000038EE278ABDEEC88A18EE103A18B207F0A6
:106510005DFD0378202B7FD14378202B14BF02230D
:106520000123C3F10302A3EB83035A3302441C216A
:10653000D8B2FFF7D5FE0920FFF7DAFE94F8513004
:106540001B2B4AD894F85330132B46D9384B1B7861
:10655000002B42D07F22642010FB0320FF23B0FBDE
:10656000F3F000B207F032FD1C2102466720FFF76E
:10657000B7FE2520FFF7BCFE2FE003239CE7032393
:1065800062E7B3F9080007EE900AF8EEE77A17EE33
:10659000900AF1F799FE314B0022F1F737FDF2F73F
:1065A0009BF900B207F012FD0378202B32D143781B
:1065B000202B14BF02230123C3F10302A3EB8303A7
:1065C0005A3302440721D8B2FFF78AFE0920FFF7A9
:1065D0008FFE94F851301B2B8CD9224B1B781B0754
:1065E00061D5214BDB78002B5DD094F85130332BF3
:1065F00059D894F85330292B38D894F85330302B8D
:1066000055D9042300930D484A233122362112F034
:1066100083F94CE00323CFE7032382E7344E0020C5
:106620003B4C0020484D0020C7DF020855DF020820
:106630006C57002091DF02085BDF0208504D0020FC
:106640000457002003E00208EBDF0208F4560020A4
:1066500037DF0208184C002043DF02080000E03F4B
:1066600054570020B45B0020945B00202A220723AB
:1066700011467E480093082312F093F905237B48C6
:1066800000932C220223322112F08BF90423774845
:10669000009331222A210A2312F03EF973482B225B
:1066A000322111F0DEFF94F85130342BA5D994F843
:1066B0005130332B0CD894F85330312B08D90223A6
:1066C00000936B4B69481B783222372112F069F92D
:1066D00094F851302F2B09D894F85330272B05D933
:1066E000644B654A18783021FFF7FAFD94F8513071
:1066F000272B3DD894F853301C2B3DD90B258023F4
:106700005A4800951D22002112F006F994F85130E4
:10671000262B2DD894F853301E2B2DD92621582204
:106720000320FFF7E9FD26212846FFF779FD002E1B
:1067300051D05248FFF7D0FD262159222820FFF7DB
:10674000DBFD26213020FFF76BFD002E5CD04C488E
:10675000FFF7C2FD26215A224D20FFF7CDFD26214D
:106760005520FFF75DFD002E67D04648FFF7B4FDCA
:1067700094F85130322B1BD894F853302A2B1BD964
:10678000032000F021FC062233210320FFF7B4FD93
:10679000012000F019FC3C4BB3F9000007F016FC97
:1067A000332102460C20FFF79BFD2520FFF7A0FDBB
:1067B00094F85130402B0AD894F85330352B06D931
:1067C00000203E21FFF72CFD3046FFF79DFD07B06E
:1067D000BDEC028BF0BD2D4B1B78DF070AD4274D93
:1067E00015F8010B0028A7D02F2828BF3F20FFF75E
:1067F0007FFDF5E7264B1B78DD079AD44FF6FF7136
:106800002448FFF751FD97E7204B1B7898070AD4DF
:106810001B4D15F8010B00289CD02F2828BF3F20C6
:10682000FFF766FDF5E71A4B1B7899078FD44FF6F3
:10683000FF711848FFF738FD8CE7144B1B785A0797
:106840000AD4104D15F8010B002891D02F2828BF2D
:106850003F20FFF74DFDF5E70D4B1B785B0784D418
:106860004FF6FF710C48FFF71FFD81E7504D0020E8
:10687000284C0020174C0020184C0020294C0020E8
:106880002E4C0020334C002070020020E24E0020ED
:10689000E34E002050DF02084DDF0208604BB3F9E1
:1068A000082093ED017A07EE902A5E4AF8EEE77A27
:1068B000B2F90810B4EEE77A07EE901A92ED017A79
:1068C000F8EEE77AF1EE10FAB4EEE77A4CBF012366
:1068D0000023F1EE10FA01D543F00203524A2B7067
:1068E000524B92ED017AD3ED017AD3ED026A93ED2A
:1068F000006A37EE277AD2ED027A8DED047A77EED0
:10690000A67AD2ED006ACDED057A76EE866A05A804
:10691000CDED036A07F0FAFE0146454813F044FD49
:106920009DED037AB5EEC07AF1EE10FABEEE008A64
:10693000F6EE008A54BFF0EE687AF0EE487A77EE11
:10694000877AFDEEE77A17EE903A18B207F070FBFF
:106950000146384813F028FDDDED047AF5EEC07AE3
:10696000F1EE10FA58BFB0EE688A38EE278ABDEE15
:10697000C88A18EE103A18B207F05AFB01462E48A2
:1069800013F012FD07F028F9044607F079FF2B4BAE
:106990001978A1420646C2B212D01C7024B204EB90
:1069A000C404E40007EE904A9FED257A2549F8EEED
:1069B000E77A67EE877AFCEEE77A17EE903A0B708B
:1069C000214B197891423FF4BDAC3C201A70B6FBC4
:1069D000F0F4B4FBF0F300FB13431C4886424FF481
:1069E0006162B6FBF2F291B27FF63CAD1820B1FBCA
:1069F000F0F200FB12110093154A1648B6FBF2F2B2
:106A00008BB2154913F078FC144886428CBF0926D6
:106A10000826134BA6EB86065B361E7092E400BF79
:106A20000457002054570020184F00205C0200201B
:106A3000334C0020294C00202E4C00203202002034
:106A40000AD7233C284C0020310200207F5101004E
:106A500080510100184C002032DF0208FF2E0D008B
:106A6000174C00200F2A2DE9F04105460C4616462A
:106A7000984652D0152A11D00A2A07D1022211F0C5
:106A800055FA344A2146284611F089FA43463246DF
:106A900021462846BDE8F04111F08CBE4F682E4AD1
:106AA00011F07DFA3A79520062F04F02214602F06D
:106AB000FE02284611F064FA21462846012211F010
:106AC00057FABB687A792146284611F061FA2146C7
:106AD0002846002211F032FA21461F4A284611F0BA
:106AE0005EFA39794900013161F04F01CAB2284696
:106AF000214611F045FA21462846012211F038FAC4
:106B00007A79BB6821461344284611F041FA0022E5
:106B10002146284611F012FAB8E7012211F00EFAC8
:106B200021462846002211F023FA214681222846D8
:106B300011F026FA98F8002021469208284611F014
:106B40001FFA28460022214611F0F8F90120BDE87D
:106B5000F08100BF1BE0020848E0020843698B4255
:106B600070B504460D46164603D0006811F074FC5B
:106B700065612068314611F069FCE3681844E06003
:106B8000002070BD43698B4270B504460E46154621
:106B900003D0006811F060FC666122694FF6FF7354
:106BA0009A420DD1E3686168227A20681944C9B21B
:106BB0002B4611F0B8FBE3681844E060002070BD7C
:106BC0002068E668294611F041FC23693044984268
:106BD000E8D90120F3E70C2303FB010184B0086826
:106BE000496801AB03C31388BDF80410994210D360
:106BF0000DD89DF80710937899420AD39DF80600A6
:106C0000D378984294BF0020012004B0704701203F
:106C1000FBE74FF0FF30F8E72DE9F04389B0174666
:106C2000CA09ADF8142061F07F02D2B21E46FF29D6
:106C30004FF00003CDE906330546ADF80C305FFA9E
:106C400081F901F07F088DF816208DF81720049344
:106C500017D904AB134C0093D4E90001124A05ABD9
:106C600000F0D6FC00280CDB2268049B0C2101FB01
:106C7000032305AC1868596803C49868206001466E
:106C800040B98DF80C90294603AA3846B04709B0A0
:106C9000BDE8F08385421CBF68F07F088DF80C804A
:106CA000F2E700BF3C4D0020D76B01082DE9F3410E
:106CB00005460C4617461E464FF00008394620464A
:106CC00001AACDF8048000F0D0FC0199044629B156
:106CD000089B32462846FFF79FFFEFE702B0BDE86A
:106CE000F0810000034B01221A70034BC3E900013D
:106CF00000207047444D00203C4D002070B50E46EA
:106D00001946114B1C7886B005463CB90F4BD2B2E0
:106D1000F1B211F026FB204606B070BD84680292E5
:106D2000BDF828200023CDE90423CDE90006039314
:106D30006A46074B2046FFF76FFF2846214611F0B1
:106D40008BFB0398E8E700BF444D00205DE002089C
:106D5000856B010870B50E461946124B1C7888B039
:106D600005463CB9104BD2B2F1B211F0FAFA204606
:106D700008B070BD0492BDF8302084680023CDE9CE
:106D800006230593094B0A4A0093CDE9020602AB9C
:106D90002046FFF78BFF2846214611F05DFB059842
:106DA000E6E700BF444D00205DE00208856B010866
:106DB0000976010870B50E461946124B1C7888B04A
:106DC00005463CB9104BD2B2F1B211F0CAFA2046D6
:106DD00008B070BD0492BDF8302084680023CDE96E
:106DE00006230593094B0A4A0093CDE9020602AB3C
:106DF0002046FFF75BFF2846214611F02DFB059842
:106E0000E6E700BF444D00205DE00208856B010805
:106E10000D76010870B50F4B86681B7888B0044664
:106E20000D46A3B11422002103A813F05FF90A4B09
:106E30000A4A0093294602AB30460294FFF736FF18
:106E40002046314611F008FB059808B070BD4FF0A0
:106E5000FF30FAE7444D00205D6B01080976010818
:106E600070B50F4B86681B7888B004460D46A3B1F9
:106E70001422002103A813F039F90A4B0A4A00939F
:106E8000294602AB30460294FFF710FF20463146F8
:106E900011F0E2FA059808B070BD4FF0FF30FAE744
:106EA000444D00205D6B01080D76010810B50B46BE
:106EB000044690F8552090F85410083011F022FA4A
:106EC00094F85430184484F85400012010BD000098
:106ED00000EB40008200F8B5D2B21B4C1B4D94F879
:106EE00051701B4E02F10C03DBB2501C2B700233AD
:106EF000C0B2BB42307001DA0020F8BD94F85330C4
:106F00008342F9D989B10232802302F0FE020021C6
:106F100004F1080011F0E9FC2A7802328023D2B291
:106F2000002104F1080011F0E0FC297894F85130B8
:106F30008B42E1D894F8532033789A42DCD3002076
:106F4000FFF76EF90120D8E7484D0020474D00209B
:106F5000464D002010B590F8563000F108042BB9CA
:106F6000012380F85630204611F048FB2046BDE84A
:106F7000104011F064BB10B51446FFF751F92046DC
:106F80004FF6FF71BDE81040FFF78EB907B50B4B08
:106F900080F308010A48198090F85630C9B23BB90D
:106FA000012380F856300830019111F027FB019938
:106FB000044803B05DF804EB11F04FBB4C02002015
:106FC000484D0020504D0020044B1A78824204D0D6
:106FD00018700349034811F03FBA7047454D00202F
:106FE000BCE00208504D00200120704707B5064B59
:106FF00001933C230093054807230222252110F02A
:1070000063FF03B05DF804FB13EB0208504D002052
:1070100010B50948094CFFF79DFF0020FFF7E6FF78
:10702000204611F00FFB0028F7D1BDE8104040F6D4
:10703000C410F9F731BB00BF484D0020504D00206F
:1070400073B51148114E124C124DFFF783FF2623E2
:1070500000220821009320460E23019610F034FFF1
:107060000320FFF7B1FF2A4630212B20FFF783FFD3
:10707000094A3C210420FFF77EFF204611F0E2FA86
:107080000028E4D102B070BD484D0020B7EC0208E2
:10709000504D00207DE0020885E0020808B501207F
:1070A000FFF7CEFFBDE808404FF4FA60F9F7F4BAF5
:1070B00008B5FFF7ADFFBDE80840FFF7EFBF0000E0
:1070C00070B51A4E1A4D01211520F4F7DFF9B6F903
:1070D0002A30C3F3031203F00F0355F822200124D2
:1070E000103304FA03F393610520F8F775FAB6F943
:1070F0002A30C3F3031203F00F0355F8222004FAD9
:1071000003F393610520F8F767FA0A4880F85640C0
:10711000083011F073FA084BB3F90000FFF736FF9F
:10712000BDE8704005480021FFF7DCBD78D00208BB
:1071300078480020484D00204C020020BCE00208A6
:107140002DE9F0411248DFF85880447A114FFFF7DB
:1071500001FFA408660004EB44050320FFF734FF99
:1071600021460020FFF75CF84046FFF7B5F83A46A5
:1071700031460020FFF7FFFE074A29460020FFF7AF
:10718000FAFE064811F05EFA0028E6D1BDE8F0816B
:10719000484D0020CBEE0208DAEE0208504D0020E8
:1071A0003F4E00207047000000EB40008000C0B25E
:1071B00038B51F4A431CDBB213700C301D4A0D4614
:1071C000C1B211701C4A92F851008C1C84422EDB13
:1071D00092F853209A422AD93E20FFF721F8452001
:1071E000FFF786F805F13100144CC0B2FFF780F8C4
:1071F0002020FFF77DF8D4ED017AFDEEE77A17EE57
:10720000903A18B206F0E2FEFFF766F82F20FFF77B
:107210006FF806F047F920B9094901EBC5052B794C
:107220002BB9B4F9080006F0D1FEFFF755F838BDC8
:10723000464D0020474D0020484D002004570020B7
:10724000F45600202DE9F8438846C2F34001144665
:107250001D46FFF73DFE002847D0B8F1000F1DD0B6
:10726000404600F0B7FA4FFA80F9CDB1284600F059
:107270009FFA46B2E20715D5C9F11507BF1B07EB08
:10728000D777C7F3470780247B1EDFB21B060AD4DB
:107290002020FFF72DF8201A84B2F5E7C146E4E775
:1072A0002E46E7E78024B9F1000F0FD00621104ADF
:1072B000B4FBF1F40F49126891F90010E3B24046B3
:1072C00000F09AFA00EB40004400A4B22EB121462F
:1072D0002846FEF7D1FF201A84B2062C05D92020BB
:1072E000FFF706F8201A84B2F7E7BDE8F88300BF7D
:1072F000A44D0020A84D00200B4610B501461846AD
:107300001446FFF7E5FD00B3104A1149126891F9E0
:1073100000102046142300F06FFA00EB40004400F8
:10732000A4B2062C05D92020FEF7E2FF201A84B271
:10733000F7E7084B7A201978FEF772FF9DF80800EE
:10734000FEF7D6FF2020FEF7D3FF10BDA44D00208E
:10735000A84D0020474D00202DE9F0410446084685
:1073600021469DF8186017461D46FFF7B1FD00281D
:107370004AD028461EB300F02DFA29460446234879
:10738000FFF76EFD5FFA80F8214A2249126891F9F1
:107390000010C4F11303DBB2384600F02DFA9CB3A1
:1073A00000EB400047003A20BFB2FEF7A1FF062FD6
:1073B0000FD92020FEF79CFF381A87B2F7E700F0BC
:1073C000F7F9294604461148FFF724FD5FFA80F8D3
:1073D000DAE724B204EB4404600008F102084045F7
:1073E000B8BF40460C4BC0F180001978C0B2FEF720
:1073F00017FF36B128464FF6FF71BDE8F041FEF7A2
:1074000053BF2846FEF768FFBDE8F081504D0020CD
:10741000A44D0020A84D0020474D00202DE9F34742
:107420000F46814600F0D6F98046384600F0C0F994
:10743000264EC0F11304A045CCBF1F25252596F884
:107440005130AA1C9A422CDB96F85320A5F109036F
:10745000934226DC1E4B93F900A01E4B29461A6866
:1074600001920020FEF7DCFE4846019A15235146A2
:1074700000F0C2F94FF0010987B13A20FEF738FF5A
:10748000A04511DD96F851300C35EDB2AB4205D870
:1074900096F85320A5F10903934208DD02B0BDE838
:1074A000F0874FF00009E7E7B9F1000FF6D004EBE1
:1074B00044046000294600F0FE00FEF7B1FE2020E3
:1074C000FEF716FF3846FEF707FFE7E7484D0020B6
:1074D000A84D0020A44D00202DE9F3410C4605469F
:1074E000104617461E4600F075F9611C01EB41017C
:1074F00005EB45058C006D008046E4B2EDB2B6B1F7
:107500001348012111F0C4F808EB48004000831C27
:10751000A4F109020B20691E0090C9B20C48DBB22D
:10752000D2B211F03EFA0A48002111F0B1F83A4601
:1075300021462846FFF71FFD36B10548012102B05C
:10754000BDE8F04111F0A4B802B0BDE8F08100BF81
:10755000504D002070B5044615460E461846DDE92C
:10756000041205F04BFF85F001033246042101208F
:10757000FFF7B2FF204600F02DF9C0F114002B46B2
:1075800022460421C0B2FFF7A7FF70BDF8B50C4634
:107590000546014620469DF818701E46FFF798FCE8
:1075A000B8B117B10220FEF7A3FE22462B461421E4
:1075B000304605F07BFE7821FEF75EFEC0F17800D4
:1075C00084B2062C05D92020FEF792FE201A84B240
:1075D000F7E7F8BD13B5084C084900236360084B72
:1075E0002360FF23009316222E23204610F023FC55
:1075F000044B236002B010BD484D0020340200202F
:10760000A4E00208B4E002080078704700787047F0
:107610002DE9F84F0A9E804691469B460D46B9B922
:1076200031604FF0FF30BDE8F88F2546AF4214D8E7
:1076300007EB050A4FEA5A0A0AF1FF345A46214677
:107640004046C8470028F0DC05D00AF10107EDE705
:1076500001270024EAE73460E5E7AC4203D2A31C2B
:10766000BB42DED801343460DBE7F8B505460F468F
:1076700016468847030604D4013506B13060284613
:10768000F8BD00F0E003C02B09D100F01F00840119
:10769000681CB84700F03F0020430235EDE700F0DA
:1076A000F003E02B0FD100F00F008401681CB847F5
:1076B00000F03F0020438401A81CB84700F03F00C1
:1076C00020430335D9E700F0F803F02B15D100F083
:1076D00007008401681CB84700F03F000443A81C61
:1076E000B847A40100F03F0020438401E81CB847DC
:1076F00000F03F0020430435BFE700F0FC03F82B07
:107700001BD100F003008401681CB84700F03F0063
:107710000443A81CB847A40100F03F0020438401A3
:10772000E81CB84700F03F0020438401281DB847FB
:1077300000F03F00204305359FE700F0FE03FC2BDF
:1077400021D100F001008401681CB84700F03F001F
:107750000443A81CB847A40100F03F002043840163
:10776000E81CB84700F03F0020438401281DB847BB
:1077700000F03F0020438401681DB84700F03F003F
:107780002043063579E700F0C003802B08D101358E
:107790002846B84700F0C0008028F8D000206CE7E9
:1077A00000F0FE00FC28F9D901352846B847F7E774
:1077B00073B5074E002401AA3146FFF756FF019B1F
:1077C000E5B20134002BF6D1284602B070BD00BFEF
:1077D0000976010873B5074E002401AA3146FFF768
:1077E00044FF019BE5B20134002BF6D1284602B0DC
:1077F00070BD00BF0D7601082DE9F347DFF8089151
:107800000646884615465CB24FF0060A002CE7B2E1
:107810002BDD304601AA4946FFF727FF06460198AF
:1078200018B33D2838D07E2836D02A2821D1B8F187
:10783000000F11DA324B334804EB4401490089B29E
:1078400018F1020F18BF1846FEF72EFD062590FB13
:10785000F5F57D1B6DB243E07D1E4520FEF748FD2A
:1078600015F0FF0F6CB21AD10024E0B202B0BDE8EF
:10787000F08724280CD15DB104EB4401490089B2A2
:107880002846FEF711FD90FBFAF43C1B64B2BDE7FD
:10789000FEF72EFD7C1EF9E7B8F1000FCADB019B55
:1078A0003D2B0CBF414608F101014DB2092D11DD00
:1078B000013C5FFA84F94FF00A0895FBF8F707F1ED
:1078C000300064B2FEF714FDB9F1000FCCD008FB14
:1078D00017556DB205F13000FEF70AFD013C65B2A7
:1078E000002DC1D005EB4501490089B23046FEF7B5
:1078F000DBFC062490FBF4F42C1B64B2B5E700BF5C
:10790000F1EE0208E7EE02080D760108054B1B7840
:1079100033B105490122096800231046FFF792BCE4
:10792000704700BF55020020C84D002070B50C4BB9
:107930001A78052A13D8511C19700A4B0A491D6878
:107940000A4B0B4E93F900400A4B366893F900003E
:107950000C235343CA18CE5055601472507270BD38
:107960001C4E00206C4E0020D44D0020D14D002034
:10797000384E00201D4E0020F8B51C46104B154611
:1079800001221A7007460E46FFF7D0FF0D4B032267
:107990001A700D4BBDF818201F600C4B1E600C4B6D
:1079A0001D600C4B1C600C4B1A600C4B079A1A6044
:1079B0000B4B089A1A600B4B9DF824201A70F8BDE7
:1079C0003E4E002055020020BC4D0020C04D00203E
:1079D000B44D0020B04D00206C4E0020384E0020E9
:1079E000AC4D0020B84D0020054B064A1B7812789C
:1079F0009B1A1B0701D1F8F7F5B90120704700BFAA
:107A0000A2550020A355002070B5144C256885426E
:107A100022D02060124C134D2160134995F900606B
:107A20000A70124A002E1370114BBCBF00262E7034
:107A3000984204D10F4A002313700F4A1370FFF7C6
:107A4000B1FB0E4B02221A700D4B01221A700D4A27
:107A5000002313700C4A137070BD00BF384E002015
:107A60006C4E00207C4E0020D14D00201D4E002089
:107A7000E1D10108884E00201C4E00205502002054
:107A80003E4E00203D4E0020C44D00200023024801
:107A90001A461946FFF7B8BFE1D1010810B40B4AE6
:107AA000137873B1013B0A4CDBB20C205843211808
:107AB000137020584B7A0A7A5DF8044B8988FFF7D7
:107AC000A3BF5DF8044BFFF7E1BF00BF1C4E0020D1
:107AD000D44D0020F8B51E4C1E4D2268002ABCBFB4
:107AE000002222601C4A0F461268216891422978C0
:107AF000C8BF2260034649B1184A20681268104482
:107B00009847174B01461868FFF788FC154E3278E6
:107B100022B9154B1B78CBB12B78BBB1134B18682E
:107B200020B10E4B21681B681944B847104B1B68E5
:107B30002BB10D4A12780AB9327802B1984705F094
:107B4000CBFB18B1BDE8F840FFF7A8BFF8BD00BFF8
:107B50006C4E002055020020B04D0020B44D002096
:107B6000BC4D0020364E0020B84D0020C04D0020F6
:107B7000AC4D00200F4B1A68D20710B507D40E4A3F
:107B8000002808BF10460D4A106001221A60FFF756
:107B9000CDFE00230A4C0B481A461946FFF734FF66
:107BA0000123237008F02EFB00232370BDE8104052
:107BB000FFF774BFA04D002008EF0208C84D002059
:107BC000884E00200D790108184A002330B5137043
:107BD000174A14689C42B8BF1360164B164C1B78AA
:107BE00023B113682370154B00251D70144B93F9B6
:107BF0000030002B08DD181A94F900308342A2BF30
:107C000020EAE0702070106094F900300D4A51B104
:107C100092F900109942C8BF137092F90010043114
:107C2000994201DA043B137030BD00BF904E002032
:107C30006C4E0020344E0020D04D00203E4E0020DF
:107C40001D4E0020D14D002008B558B140F29321BF
:107C5000642006F085F840F2BA216420BDE80840AF
:107C600006F07EB84FF4DC711420F7E7024B02688F
:107C700002489A6007F0ACB85C02002000EF0208EE
:107C8000044B1B782BB10449002301220220FFF78B
:107C9000D9BA70475502002012EF0208024B18783B
:107CA00080F00100F8F76EBDA05500200649074A94
:107CB0000B683BB11BB2002BD4BF00230123137010
:107CC00000230B60107870476C4E0020C44D0020DC
:107CD0002DE9FF41144603911F468046FFF7E6FF5A
:107CE000054605F0F9FA0399064610B90D4B1B78C5
:107CF0008BB10C9B01930B9B00932A460A9B404639
:107D0000FFF728FC26B1002D08BF3C4634B1A04740
:107D1000054B01221A7004B0BDE8F081FFF7BEFEEA
:107D2000F6E700BF55020020884E002007EE901AAB
:107D3000DFED066AB8EEE77AC7EE267A9FED047AA1
:107D400077EE877AC0ED007A704700BF00007A4472
:107D50000000000007EE901A9FED047AF8EEE77A33
:107D600077EE877AC0ED007A704700BF0000000010
:107D700007EE901ADFED066AB8EEE77AC7EE267ACC
:107D80009FED047A77EE877AC0ED007A704700BFE6
:107D90000000C8420000000007EE901ADFED066AFE
:107DA000B8EEE77AC7EE267A9FED047A77EE877A07
:107DB000C0ED007A704700BF0AD7233D00000000E5
:107DC00007EE901A9FED047AF8EEE77A77EE877A5D
:107DD000C0ED007A704700BF0000000007EE901A67
:107DE000DFED076AB8EEE77AC7EE267A9FED057AEF
:107DF00077EE877AFCEEE77AC0ED007A704700BF35
:107E00000AD7233D0000000007EE901AB8EEE77A8B
:107E1000F2EE046AC7EE267A9FED037A77EE877A50
:107E2000C0ED007A704700BF000000000149024821
:107E3000FFF750BE2D7D010851800108014902481D
:107E4000FFF748BE557D0108FD7F01080149024842
:107E5000FFF740BE717D0108557F010801490248C6
:107E6000FFF738BEC17D01080D7F010801490248B6
:107E7000FFF730BE997D0108AD8001080149024835
:107E8000FFF728BEDD7D010849810108014902484C
:107E9000FFF720BE097E01080981010809F072B8C8
:107EA00009F098B81FB5074B0293074A00920023C8
:107EB000064A074907480193FFF70AFF05B05DF836
:107EC00004FB00BF1DEF0208D4EF02087DDC0108AF
:107ED00008F00208CFEF020807B50190FFF726FD72
:107EE000002301981A46194603B05DF804EBFFF72A
:107EF0008BBD09F047B809F045B809F06BB809F037
:107F000069B809F067B809F03DB8000007EE900ABB
:107F10009FED0D7ADFED0D6AF8EEE77A07B577EEA3
:107F2000877A01A8F4EEC77A9FED097AF1EE10FA8C
:107F300058BFB0EE667A77EE877ACDED017A06F01B
:107F4000D7FA03B05DF804FB00000000BD3706352A
:107F5000BD3706B507EE900ADFED0F6AB8EEE77A97
:107F600007B5C7EE267A01A89FED0C7ADFED0C6A03
:107F700077EE877AF4EEC77A9FED0A7AF1EE10FA7F
:107F800058BFB0EE667A77EE877ACDED017A06F0CB
:107F900011F903B05DF804FB0000C84200000000C6
:107FA000BD370635BD3706B59FED117ADFED117A85
:107FB000DFED116AB4EEC70AF1EE10FA58BFF0EE29
:107FC000667A37EE800AFEEE007AB4EEC70AF1EE6A
:107FD00010FAB6EE007A58BFF0EE477A30EE270A74
:107FE000BDEEC00A10EE103A18B205F0EFBF00BFA8
:107FF00000000000BD3706B5BD37063507EE900A14
:1080000008B5B8EEE70ADFED037A30EE270AFFF78E
:10801000CBFF08BD0000000007B5B5EEC00A9FED1C
:108020000A7ADFED0A7AF1EE10FA58BFF0EE477ADD
:1080300037EE800A202101A88DED010A06F0FCF937
:1080400003B05DF804FB00BFBD370635BD3706B58C
:1080500007EE900A9FED067AF8EEE77A08B587EE0C
:10806000870ADFED047A30EE270AFFF7D5FF08BD57
:1080700000007A440000000007B5B5EEC00A9FED8D
:10808000097ADFED097AF1EE10FA58BFF0EE477A7F
:1080900037EE800A01A88DED010A06F029FA03B037
:1080A0005DF804FBBD370635BD3706B507EE900A0F
:1080B0009FED067AF8EEE77A08B587EE870ADFEDDE
:1080C000047A30EE270AFFF7D7FF08BD0AD7233D11
:1080D0000000000007B5B5EEC00A9FED097ADFED9C
:1080E000097AF1EE10FA58BFF0EE477A37EE800ABF
:1080F00001A88DED010A06F091FA03B05DF804FBCA
:10810000BD370635BD3706B507EE900AF8EEE77ABB
:10811000B2EE047A87EE870A08B5DFED037A30EE17
:10812000270AFFF7D7FF08BD0000000007B5BCEE27
:10813000C00A01A8B8EE400A8DED010A06F0D8F990
:1081400003B05DF804FB000007EE900A9FED067A8D
:10815000F8EEE77A08B587EE870ADFED047A30EEAD
:10816000270AFFF7E3FF08BD0AD7233D0000000000
:108170002DE9F04F87B0FFF737FC01218046084614
:10818000FFF722FDB44BB54D1F7893F90040DFF89F
:1081900018B37B1DB8F1000FDBB214BF4FF0050917
:1081A0004FF006090593002C7AD195F90030002B89
:1081B00069D0AB4B1B785BB195F90000A94A7942B5
:1081C0000423B0FA80F00093C9B24009FFF794F895
:1081D000B8F1000F40F07A81052C40F0778195F9D5
:1081E0000030052B00F029819D4B1B78002B40F0BF
:1081F0005D810626F6B206F1010A4FFA8AFAA24517
:1082000018D195F90030A34200F08A81944B1B7875
:1082100083B195F90000944AA0EB0A0E0323E11BF9
:10822000DEF100000093C9B24FF03E0340EB0E00B8
:10823000FFF762F806F1020A4FFA8AFAA24518D14E
:1082400095F90030A34200F07981854B1B7883B10A
:1082500095F90000854AA0EB0A0C0323E11BDCF131
:1082600000000093C9B24FF03E0340EB0C00FFF753
:1082700043F80134059AE3B29A4264B293D17C4B3D
:1082800003361E7009E005F027F8002891D0FFF7AB
:1082900005FC784B1B78002B8BD007B0BDE8F08F26
:1082A000012C26D0022C4BD0032C71D0042C8FD162
:1082B00095F90030042B00F09780694B1B78002B58
:1082C00086D095F900606C4BA6F1040C93ED000A82
:1082D000DCF1000646EB0C06FFF79EFEC7F1040139
:1082E000002203460092C9B2644A3046FFF734F8D0
:1082F00069E095F90030012B14D0594B1B78002B05
:108300003FF466AF95F900005D4A461EC7F10101D2
:10831000202370420093C9B24FF03E037041FEF734
:10832000EBFF55E704F0D8FF0028E6D0554B564A3E
:108330001A60FFF7ABFB4F4B1B78002BDDD0ACE78F
:1083400095F90030022B17D0454B1B78002B3FF4DA
:108350003FAF95F900004D4AA0F1020AC7F10201B2
:108360000323DAF100000093C9B24FF03E0340EB63
:108370000A00FEF7C1FF2BE704F0AEFF0028E3D0B0
:108380004348FFF7A9FD3B4B1B78002BDCD084E76B
:1083900095F90030032B1BD0314B1B78002B3FF499
:1083A00017AF95F900003B4AA0F1030E0323C7F174
:1083B0000301DEF100000093C9B24FF03E0340EB31
:1083C0000E00FEF799FFB8F1000F7FD14E4611E77E
:1083D00004F082FF0028DFD02F48FFF77DFD254BFA
:1083E0001B78002BD8D058E704F076FF00283FF424
:1083F00064AF21499FED297AD1ED006ADFED287A3B
:108400001E48E6EE877A0023CDE90233B7EE007A04
:1084100077EEC77A234B0193FCEEE77A012217EE41
:10842000903A9BB2009340F22B13FFF7A5FA114B41
:108430001B78002B3FF441AF2FE704F04DFF0028DD
:108440003FF4D2AE5846FFF747FD0A4B1B78002B8E
:108450003FF4CAAE21E700BFD14D0020D04D00202F
:10846000550200200FF00208A9EF0208D4EF02081D
:108470001D4E00203E4E0020AC5500205CF002084E
:1084800039F00208344B00201FEF0208B2EF020857
:10849000C9880108F2EF02084D90010800007A44F3
:1084A000000000002D7E01089D95010895F900004F
:1084B0002A4A461FC7F10501032370420093C9B23F
:1084C0004FF03E037041FEF717FF92E6A1457FF49F
:1084D0007DAF95F900304B4504D0214B1B786BB92B
:1084E000264687E604F0F8FE0028F6D01D48FFF780
:1084F000F3FC1D4B1B78002BEFD0CEE695F9000066
:108500001A4AA0EB040AE11B0323DAF100000093EE
:10851000C9B24FF03E0340EB0A00FEF7EDFEDFE785
:1085200004F0DAFE00283FF471AE1148FFF7D4FCE6
:108530000D4B1B78002B3FF469AEAEE604F0CCFE89
:1085400000283FF482AEFFF7F1F9002309481A46EC
:10855000194607B0BDE8F04FFFF756BAFFEF020823
:1085600055020020558C01083E4E0020E6EF02081F
:10857000FD850108A57E01089FED1C7ADFED1C7AC0
:1085800030EE070A70EE870AB4EEE70AF1EE10FA51
:10859000D8BFB0EE670ADFED177AF4EEE70AF1EE26
:1085A00010FABDEEC00A58BFF0EE670AD1ED007AAE
:1085B0001FB577EE877AB8EEC07ACDE9022377EE61
:1085C000C77A0D4B0193FCEEE77AFDEEE00A17EE59
:1085D000903A9AB2009210EE903A10EE102A9B1A3E
:1085E000FFF7CAF905B05DF804FB00BF000000000A
:1085F000000000CF0000004F3D7E01082DE9F0474C
:10860000012186B00846FFF7DFFA994B994E1F7893
:1086100093F90040DFF8AC8207F1050A4FFA8AFAB5
:10862000002C5BD196F90030002B4AD098F800302E
:108630005BB196F90000904A79420423B0FA80F0C9
:108640000093C9B24009FEF757FE8C4B1B78002BF4
:1086500000F0B780022C40F0DA8096F90030022B4F
:108660006DD098F80030002B40F0968003255FFA1B
:1086700085F90135A5421AD196F90030A34200F0E0
:10868000DE8098F8003093B196F900305B1B5D42B4
:108690005D417B4B93ED010AFFF786FC0022E11B55
:1086A00003460092C9B2774A2846FEF755FE0134C8
:1086B00064B25445B4D1744B09F1020983F80090B7
:1086C00009E004F009FE0028B0D0FFF7E7F96F4B8E
:1086D0001B78002BAAD006B0BDE8F087012CB4D1DE
:1086E00096F90030654D012B17D098F80030002B1B
:1086F000ABD0012396F900002D78654A0093654BB5
:10870000002D08BF1346451EC7F101016842624AA9
:10871000C9B26841FEF720FE97E704F0DDFD0028AE
:10872000E3D02B7883F001032B70032388F800300B
:1087300007F08EFC554B1B78002BD6D0CBE704F00E
:10874000CBFD00288DD0012004F0BCFD53499FEDE6
:10875000547AD1ED006ADFED537A5348E6EE877A1A
:10876000002303939FED517A514B029377EEC77A22
:10877000504B0193FCEEE77A40F2DC5217EE903A50
:108780009BB2009340F2D663FFF7F6F83F4B1B789D
:10879000002B3FF466AF9EE796F900503F4BA91EB1
:1087A0004D4293ED000A4D41FFF736FCC7F102013F
:1087B000002203460092C9B23B4A2846FEF7CCFD90
:1087C00054E70225A5427FF452AF96F90030AB4240
:1087D0001FD098F80030002B3FF449AF96F9009075
:1087E000274BA9EB0502E11BD2F1000993ED000A2A
:1087F000C9B249EB02090591FFF7D6FB00220346F7
:10880000009205992C4A4846FEF7A6FD2FE703255E
:10881000D8E704F061FD0028DBD0012004F052FD10
:1088200000231A46DFED250A9FED1E0A144922484F
:10883000FFF7A2FE154B1B78002BCAD04BE704F0C4
:108840004BFD00283FF41DAF012004F03BFD002349
:108850001A46DFED1A0A9FED130A19490948FFF776
:108860008BFE0A4B1B78002B3FF40BAF33E700BFA6
:10887000D14D0020D04D00204AF00208414900208F
:108880001C49002027F002081D4E00203E4E00200B
:1088900093EF020848EF020869F0020888550020AB
:1088A00000007A44000000001DF002080080BB4474
:1088B000510002082D7E01082FF00208008022449A
:1088C00020490020550200202DE9F0412DED028BBA
:1088D000012182B00846FFF777F9BB4BBB4C1E78ED
:1088E00093F900509FEDBA8A771DFFB24DBB94F902
:1088F0000030BBB1B74B1B785BB194F90000B64AAE
:1089000071420423B0FA80F00093C9B24009FEF727
:10891000F3FC0135EBB29F426DB2E7D1AF4B0722BA
:108920001A7009E004F0D8FC0028E3D0FFF7B6F88D
:10893000AB4B1B78002BDDD002B0BDEC028BBDE849
:10894000F081012D2DD0022D61D0032D00F09680F5
:10895000042D00F0CA80052D00F0FE80062DD8D130
:1089600094F90030062B00F057819A4B1B78002BAE
:10897000CFD094F90080A8F10603D3F1000848EBAA
:108980000308984B93ED110AFFF70EFBC6F10601A1
:10899000002203460092C9B2934A4046FEF7DCFC2F
:1089A000B7E794F90030012B1BD08A4B1B78002BC2
:1089B000AFD094F900808B4B08F1FF3E93ED090A8C
:1089C000DEF1000848EB0E08FFF7EEFAC6F10101F0
:1089D000002203460092C9B2844A4046FEF7BCFC1E
:1089E00097E704F079FC0028DFD0284604F06AFC01
:1089F00000231A467E497D48F0EE480AB7EE000A89
:108A0000FFF7BAFD764B1B78002BCED094E794F994
:108A10000030022B1CD06F4B1B78002B3FF479AF3A
:108A200094F900806F4BA8F1020C93ED0A0ADCF177
:108A3000000848EB0C08FFF7B7FAC6F10201002264
:108A400003460092C9B26B4A4046FEF785FC60E7D8
:108A500004F042FC0028DED0012004F033FC0023A7
:108A60001A4665496348F0EE480AB7EE000AFFF778
:108A700083FD5B4B1B78002BCDD05DE794F9003074
:108A8000032B1CD0534B1B78002B3FF442AF94F9BF
:108A90000080544BA8F1030093ED0B0AD0F10008BD
:108AA00048EB0008FFF780FAC6F1030100220346F5
:108AB0000092C9B2514A4046FEF74EFC29E704F045
:108AC0000BFC0028DED0012004F0FCFB00231A463A
:108AD0004B494A48F0EE480AB7EE000AFFF74CFD52
:108AE0003F4B1B78002BCDD026E794F90030042BA8
:108AF0001CD0384B1B78002B3FF40BAF94F900804F
:108B0000384BA8F10401D1F1000893ED0C0A48EBB1
:108B10000108FFF749FAC6F104010022034600925A
:108B2000C9B2384A4046FEF717FCF2E604F0D4FB1F
:108B30000028DED0012004F0C5FB00231A4632498C
:108B40003048F0EE480AB7EE000AFFF715FD244B57
:108B50001B78002BCDD0EFE694F90030052B1CD00C
:108B60001C4B1B78002B3FF4D4AE94F900801D4BB6
:108B7000A8F10502D2F1000893ED100A48EB0208B3
:108B8000FFF712FAC6F10501002203460092C9B2AE
:108B90001E4A4046FEF7E0FBBBE604F09DFB0028C2
:108BA000DED0012004F08EFB00231A469FED190A47
:108BB00017491648F0EE480AFFF7DEFC084B1B7811
:108BC000002BCDD0B8E600BFD14D0020D04D002005
:108BD00000C07944550200204AF002081D4E0020D2
:108BE0003E4E0020E0550020C5EF02084BEF020882
:108BF0000456002052EF02080856002059EF0208E0
:108C00000C56002060EF02081056002087F0020882
:108C1000205600200000000004F05EFB00283FF416
:108C2000A4AE012004F04EFB00231A461FED070AF4
:108C300005490648F0EE480AFFF79EFC044B1B78F6
:108C4000002B3FF492AE77E624560020C5EF0208D1
:108C50003E4E00202DE9F043012187B00846FEF783
:108C6000B3FF924B924D1E7893F90040914F06F15D
:108C700005085FFA88F834BB95F90030B3B13B784A
:108C80005BB195F900008C4A71420423B0FA80F080
:108C90000093C9B24009FEF72FFB0134E3B29845B7
:108CA00064B2E8D1854B05221A7009E004F014FB88
:108CB0000028E4D0FEF7F2FE814B1B78002BDED0BB
:108CC00007B0BDE8F083012C36D0022C64D0032C11
:108CD00000F09580042CE0D195F90030042B00F0D1
:108CE000C1803B78002BD8D095F90090DFED756AF4
:108CF0009FED757AA9F10403D3F1000949EB03094B
:108D0000724BD3ED007AF5EEC07AF1EE10FA58BF4F
:108D1000B0EE667A77EE877A05A8CDED057A05F094
:108D200049FAC6F10401002203460092C9B2684A1A
:108D30004846FEF711FBB0E795F90030012B27D12B
:108D400004F0CAFA20B3634A137883F00103137066
:108D500003233B705A4B1B78002BB1D15D4B95F927
:108D6000000093F800C05C4A012300935B4BBCF108
:108D7000000F08BF134600F1FF3CC6F10101DCF112
:108D80000000574AC9B240EB0C00FEF7E5FA84E751
:108D90003B78002B81D0E1E795F90030022B1BD006
:108DA0003B78002B3FF479AF95F900904D4BA9F13A
:108DB0000201D1F1000993ED000A49EB0109FFF727
:108DC000F3F8C6F10201002203460092C9B2464AF6
:108DD0004846FEF7C1FA60E704F07EFA0028DFD0CB
:108DE00000231A46DFED410A9FED410A3D493E4806
:108DF000FFF7C2FB324B1B78002BD1D060E795F90F
:108E00000030032B1BD03B78002B3FF446AF95F985
:108E10000090384BA9F10302D2F1000993ED000A4A
:108E200049EB0209FFF7C0F8C6F10301002203462F
:108E30000092C9B2304A4846FEF78EFA2DE704F098
:108E40004BFA0028DFD000231A46DFED280A9FEDF9
:108E5000280A28492848FFF78FFB194B1B78002B5D
:108E6000D1D02DE704F038FA00283FF43AAF174983
:108E70009FED227AD1ED006ADFED1D7A204B019340
:108E8000E6EE877A0022CDE90222FCEEE77A10486E
:108E900017EE903A9BB200934FF47A73FEF76CFD95
:108EA000074B1B78002B3FF41CAF09E7D14D002086
:108EB000D04D0020550200204AF002081D4E00202F
:108EC0003E4E0020BD370635BD3706B59C0200205A
:108ED00040EF0208A155002093EF020848EF020876
:108EE00097EF02089802002080F0020800008243F9
:108EF000000000009402002079F002080000C8423F
:108F00004D7E0108DFED1F7A9FED1F6ADFED1F6ABE
:108F1000DFED1F5AB0EE677AA0EE067A1FB5B4EE09
:108F2000E67AF1EE10FAD8BFB0EE667AF0EE676A34
:108F3000E0EE866ACDE90223F4EEE56AF1EE10FA7E
:108F400058BFF0EE656AD1ED005A124B0193E5EE81
:108F5000867ABDEEC77AFDEEE66AB8EEC76A77EEAE
:108F6000C67AFCEEE77A17EE903A9AB2009216EEC5
:108F7000903A17EE102A9B1AFEF7FEFC05B05DF83A
:108F800004FB00BF000000000AD7233D000000CF13
:108F90000000004F6D7E010807EE902AB8EE677A58
:108FA000DFED257A9FED256AF0EE676AE7EE066A47
:108FB0001FB5B0EE667ADFED226A9DF81C200392A1
:108FC000B4EEE67AF1EE10FAD8BFB0EE667A06EEAD
:108FD000903AF8EE666AF0EE675AE6EE865A069A1E
:108FE0000292BDEEC77AF0EE656ADFED165A164AB8
:108FF0000192F4EEE56AF1EE10FA58BFF0EE656A00
:10900000FDEEE66A16EE903AD1ED006AF8EE666A79
:10901000E6EE867AF8EEC76A77EEE67AFCEEE77A55
:1090200017EE902A92B2009217EE102A9B1AFEF7C2
:10903000A3FC05B05DF804FB000000000AD7233D47
:10904000000000CF0000004F7D7E01082DE9F047B1
:10905000BB4EBC4CDFF83C93D6E90032934238BF9C
:109060001346B2682DED028B934238BF134607EECC
:10907000903A012188B00846B8EE678AFEF7A4FD51
:10908000B14B1F7893F9005007F105085FFA88F893
:109090004DBB94F90030BBB1AC4B1B785BB194F97C
:1090A0000000AB4A79420423B0FA80F00093C9B2C1
:1090B0004009FEF721F90135EBB298456DB2E7D1D1
:1090C000A44B08221A7009E004F006F90028E3D046
:1090D000FEF7E4FCA04B1B78002BDDD008B0BDEC04
:1090E000028BBDE8F087012D31D0022D64D0032D15
:1090F00000F0CE80042D00F00181052D00F062818A
:10910000062D00F09781072DD5D194F90030072B5B
:1091100000F0C8818D4B1B78002BCCD094F900A0B7
:10912000D6ED037AAAF10703D3F1000AB8EE670A75
:109130004AEB030AFEF7FAFFC7F1070100220346D4
:109140000092C9B2854A5046FEF706F9B3E794F992
:109150000030012B1AD07D4B1B78002BABD094F93B
:1091600000A096ED0D0A0AF1FF33D3F1000A4AEB95
:10917000030AFEF781FFC7F10101002203460092B6
:10918000C9B2774A5046FEF7E7F894E704F0A4F82E
:109190000028E0D0284604F095F800231A467149CB
:1091A0006F48F0EE480AB3EE090AFFF7ABFE6A4BD0
:1091B0001B78002BCFD091E794F90030022B2DD0F3
:1091C000624B1B78002B3FF476AF94F900A0D6EDEC
:1091D0000E7ADFED656A9FED657AAAF1020EDEF187
:1091E000000AF5EEC07A4AEB0E0AF1EE10FA58BF0B
:1091F000B0EE667A77EE877AC7F10201C9B207A8A6
:109200000591CDED077A05F073F90022034600922F
:109210000599574A5046FEF79FF84CE704F05CF872
:109220000028CDD0012004F04DF8D6ED037A9FED53
:10923000517ADFED516A51494D48F8EE677A0022C4
:1092400077EE877ACDE90222F4EEE67AF1EE10FAB3
:1092500058BFF0EE667AFDEEE77A494A019217EEC2
:10926000903AD6ED0E7A77EE877A9FED467A77EED2
:10927000C77A643BFCEEE77A17EE902A92B200922E
:109280006422FEF779FB344B1B78002B98D025E73E
:1092900094F90030032B1BD02C4B1B78002B3FF490
:1092A0000AAF94F900A096ED0F0AAAF1030CDCF1C5
:1092B000000A4AEB0C0AFEF7DFFEC7F103010022A9
:1092C00003460092C9B2304A5046FEF745F8F2E62E
:1092D00004F002F80028DFD0012003F0F3FF0023A0
:1092E0001A462A492848F0EE480AB3EE090AFFF761
:1092F00009FE194B1B78002BCED0EFE694F9003015
:10930000042B49D0114B1B78002B3FF4D4AE94F9B9
:1093100000A0D6ED007AAAF10400D0F1000AB8EE60
:10932000670A4AEB000AFEF701FFC7F104010022B9
:1093300003460092C9B2164A5046FEF70DF8BAE647
:10934000E0550020D04D0020D14D002055020020D6
:109350004AF002081D4E00203E4E002039EF020860
:1093600073F0020814560020BD370635BD3706B528
:10937000BBEF0208000000000000004F185600205C
:109380005D7E01080000C842A0EF02081C560020C4
:1093900024EF0208F77E010803F09EFF0028B1D0F9
:1093A000012003F08FFF002301934A4B00934A49A9
:1093B0004A4B4B486422FFF7EFFD4A4B1B78002BCA
:1093C000A0D08BE694F90030052B1DD0464B1B78BE
:1093D000002B3FF470AE94F900A0D6ED017AAAF10B
:1093E0000501D1F1000AB8EE670A4AEB010AFEF75F
:1093F0009DFEC7F10501002203460092C9B23B4A17
:109400005046FDF7A9FF56E603F066FF0028DDD0C1
:10941000012003F057FF00230193354B009335499A
:109420002E4B32486422FFF7B7FD2E4B1B78002BE2
:10943000CCD053E694F90030062B1DD02A4B1B7874
:10944000002B3FF438AE94F900A0D6ED027AAAF1D1
:109450000602D2F1000AB8EE670A4AEB020AFEF7EA
:1094600065FEC7F10601002203460092C9B2224AF6
:109470005046FDF771FF1EE603F02EFF0028DDD0F9
:10948000012003F01FFF002301931C4B00931C4994
:10949000124B19480A22FFF77FFD124B1B78002B55
:1094A000CCD01BE603F018FF00283FF433AE0120B8
:1094B00003F008FF0023CDE900931249074B12483F
:1094C0006422FFF769FD074B1B78002B3FF422AEA7
:1094D00004E600BF9D7E0108E0550020B88201002F
:1094E00024EF02083E4E0020550200202BEF020818
:1094F000F37E0108E455002032EF0208077F0108DF
:10950000E8550020EC55002039EF0208DFED1F7A06
:10951000DFED1F6ADFED1F5AB2EE046AB0EE677A24
:10952000A0EE067A1FB5B4EEE67AF1EE10FAD8BFD7
:10953000B0EE667AF0EE676AE0EE866ACDE9022365
:10954000F4EEE56AF1EE10FA58BFF0EE656AD1ED7F
:10955000005A114B0193E5EE867ABDEEC77AFDEE17
:10956000E66AB8EEC76A77EEC67AFCEEE77A17EEDF
:10957000903A9AB2009216EE903A17EE102A9B1A81
:10958000FEF7FAF905B05DF804FB00BF000000002B
:10959000000000CF0000004F8D7E01082DE9F74349
:1095A00001210846FEF710FB8B4B8C4D1E7893F97A
:1095B0000040DFF87092771DFFB23CBB95F9003098
:1095C000BBB1874B1B785BB195F90000854A7142AE
:1095D0000423B0FA80F00093C9B24009FDF78CFE75
:1095E0000134E3B29F4264B2E7D17F4B05221A7087
:1095F00009E003F071FE0028E3D0FEF74FFA7B4B41
:109600001B78002BDDD003B0BDE8F083012C27D000
:10961000022C5BD0032C00F08F80042CE0D195F954
:109620000030042B00F0BF806D4B1B78002BD7D08F
:1096300095F90080A8F10403D3F1000848EB030872
:109640006B4B93ED080AFEF745FDC6F104010022BD
:1096500003460092C9B2674A4046FDF77DFEBFE768
:1096600095F90030012B1BD05D4B1B78002BB7D038
:1096700095F900805E4B08F1FF3093ED050AD0F1BB
:10968000000848EB0008FEF725FDC6F101010022A5
:1096900003460092C9B2584A4046FDF75DFE9FE777
:1096A00003F01AFE0028DFD0204603F00BFE002353
:1096B000DFED520A524950484A46B1EE040AFFF71C
:1096C00025FF4A4B1B78002BCED09CE795F9003044
:1096D000022B1BD0424B1B78002B81D095F90080C8
:1096E000434BA8F10201D1F1000893ED060A48EBC3
:1096F0000108FEF7EFFCC6F10201002203460092CA
:10970000C9B2404A4046FDF727FE69E703F0E4FD91
:109710000028DFD0012003F0D5FD00233A4ADFED19
:10972000370A3A493748B1EE040AFFF7EFFE2F4BEC
:109730001B78002BCED066E795F90030032B1CD0A8
:10974000274B1B78002B3FF44BAF95F90080284B3B
:10975000A8F10302D2F1000893ED070A48EB0208D2
:10976000FEF7B8FCC6F10301002203460092C9B21D
:10977000274A4046FDF7F0FD32E703F0ADFD002833
:10978000DED0012003F09EFD0023224ADFED1B0AFC
:1097900021491F48B1EE040AFFF7B8FE134B1B78AE
:1097A000002BCDD02FE703F097FD00283FF43CAF0E
:1097B000012003F087FD0023184ADFED100A184945
:1097C0000C48B1EE040AFFF7A1FE084B1B78002BF2
:1097D0003FF42AAF17E700BFD14D0020D04D002045
:1097E000550200204AF002081D4E00203E4E002087
:1097F000E055002088EF020867EF0208003C1C4695
:10980000F455002072EF0208FB7E0108F855002095
:109810007DEF0208FF7E0108FC550020037F010850
:1098200000560020A17E010813B51B4C4FF0814368
:1098300001A80193FEF71AFA94F90030042B08D816
:10984000DFE803F003181C202400144B144A1A60AC
:109850005A60144805F0BCFA002301A80193FEF7F2
:1098600005FA237801335BB2042BC8BF00232370B1
:1098700002B010BD094B0C4A1A60EAE7074B0A4ACE
:109880005A60E6E7054B064A1A60E2E7034B074ACF
:109890001A605A60DDE700BF1E4E00205C02002007
:1098A000000020428CF00208000034430000DC423B
:1098B0001FB5074B029300230193064B0093064A02
:1098C000064B07490748FEF703FA05B05DF804FBAD
:1098D0001DEF0208A6F0020829980108E99801087E
:1098E0009CF00208A1F0020808B5054B1878F6F7BD
:1098F00049FF044B00221A70BDE80840FEF7CEB8BD
:109900001F4E0020884E002008B5FEF7B9F90B4B1A
:109910001B7803F00703072B0ED1094A09480023DF
:10992000137019461A46FEF76FF8074B01221A709A
:10993000BDE80840FFF778BF08BD00BFE24E002039
:109940001E4E0020B1980108C44D002010B50F4BE9
:1099500001221A700E4A137803F00703072B06D072
:10996000002313700B4A13700B4B0C4A1A600C4BFC
:109970001A780C4B00201A70F6F704FF0023BDE89C
:10998000104009481A461946FEF73EB8884E002096
:10999000E34E0020E24E0020344B002013D6020894
:1099A000A05500201F4E0020099901080B4B1B7881
:1099B00010B533B90A4A1370FEF770F80120FEF7AC
:1099C00043F9084C22782AB10122074900231046A6
:1099D000FDF738FC0223237010BD00BF3C4E002071
:1099E000884E00205502002023F1020808B5084BDC
:1099F000084801221A70084A00231370074A1946C2
:109A000013701A46FEF700F8054B064A1A6008BDA7
:109A1000884E0020399A0108E34E0020E24E0020D3
:109A2000344B002013D60208024B012093ED000AAC
:109A3000F6F7C6BECC4D002010B5FEF721F9074B56
:109A40001B7803F00703072B07D10023BDE8104064
:109A500003481A461946FDF7D7BF10BDE24E002055
:109A6000259C01081FB50D4C22785AB10C4B0D49AD
:109A70001A7801A80923013210F03EFC0A4801A916
:109A8000FDF7CCFC04232370084B1B7823B908484E
:109A90001A461946FDF7B8FF04B010BD5502002064
:109AA000204E0020B1F0020841F102083C4E002097
:109AB000F99A010808B500231A4619460748FDF728
:109AC000A3FF074B01221A70064B074A1978074B70
:109AD000002908BF1346064A136008BD659A0108AD
:109AE0003C4E0020204E0020B9F00208B4D70208F6
:109AF000344B002000000000F7B503F0EDFBB8B1D7
:109B00003D4A13780133DBB2082B13700DD93B4B60
:109B10003B4801221A7000231A461946FDF774FFCC
:109B2000384B394A1A6003B0F0BDFFF7C3FFFAE7BC
:109B3000364F374E3868002853D007EE900AF8EEBB
:109B4000E77A17EE900AEEF7BFFB29A3D3E90023CB
:109B5000EEF712FC2F4B044698680D46EEF7B4FB67
:109B600002460B4620462946EEF750FAEEF7FCFE79
:109B700007EE900AB8EE007AF4EEC77AF1EE10FA2A
:109B80002CD4B0EE007AF4EE477AF1EE10FAC8BFAA
:109B9000F0EE477A01A8CDED017AFEF767F80223CF
:109BA000337000233B601B4BDFED1B6AD3ED027A61
:109BB0009FED1A7AF5EEC07AF1EE10FA58BFB0EECA
:109BC000667A77EE877A2B2101A8CDED017A04F031
:109BD00033FC01461248FDF721FCA4E7F0EE477A7A
:109BE000D8E73378002B9ED0DDE700BFAFF30080CD
:109BF0009A9999999999993F204E00203C4E0020BE
:109C0000AD990108344B0020B4D702086C4E0020F7
:109C1000550200205C02002017B7D13817B7D1B821
:109C2000CAF0020808B50A4B1B782BB1012209497A
:109C300000231046FDF706FB03F04EFB30B1064B48
:109C400000221A70BDE80840FFF734BF08BD00BF0E
:109C50005502002032F10208204E00202DE9F04F7D
:109C6000AA4BAB4D93F80090DFF8ECB289B0F6F751
:109C700067FD012106900846FDF7A6FFA54B1F785A
:109C800093F900407B1DDBB209F007090593002C16
:109C900040F0DC8095F90030002B00F0C8809E4B2E
:109CA0001B785BB195F900009C4A79420423B0FA15
:109CB00080F00093C9B24009FDF71EFBB9F1070F10
:109CC00040F02181069B002B00F01D81022C00F04A
:109CD000ED800326924BDFF884821B68C8F80030C1
:109CE000A6421ED195F90030B34200F039818A4B6B
:109CF0001B78B3B195F900A098ED000AAAEB060312
:109D0000E11BD3F1000AC9B24AEB030A0791FEF73F
:109D10004BF90022034600920799824A5046FDF70C
:109D20001BFB5FFA86F80136A6421FD195F9003079
:109D3000A34200F03A81784B1B78BBB195F9003013
:109D4000A3EB060A784BE11BC9B293ED000A079119
:109D5000DAF1000646EB0A06FEF75EF9002203463A
:109D600000920799714A3046FDF7F6FA08F10206AB
:109D7000A64218D195F90030A34200F03D81664B10
:109D80001B7883B195F90000694AA0EB060E032306
:109D9000E11BDEF100000093C9B24FF03E0340EB3F
:109DA0000E00FDF7A9FA08F10306A64218D195F9AD
:109DB0000030A34200F03381574B1B7883B195F9F3
:109DC00000005C4AA0EB060C2023E11BDCF1000044
:109DD0000093C9B24FF03E0340EB0C00FDF78CFA44
:109DE00008F10406A64215D195F90030A34200F00F
:109DF0002381494B1B786BB195F900004E4A861BB5
:109E00002023E11B70420093C9B24FF03E03704122
:109E1000FDF772FA0134059AE3B29A4264B27FF414
:109E200036AF464B08F1050883F800800BE003F0DD
:109E300053FA00283FF433AFFDF730FE404B1B7858
:109E4000002B3FF42CAF09B0BDE8F08F012C7FF45C
:109E500035AF95F90030012B17D02F4B1B78002B15
:109E60003FF42CAF95F90000364A00F1FF3CC7F1F2
:109E700001010323DCF100000093C9B24FF03E035F
:109E800040EB0C00FDF738FA18E703F025FA00283C
:109E9000E3D0FDF74BFD00231A4619465846FDF75F
:109EA000B3FD274B1B78002BD7D0CCE7264B1A4E9F
:109EB00093F8008095F90030022B0CD103F00CFAD6
:109EC00048B103233370FDF7E9FE1D4B1B7888F082
:109ED0000108002BB7D13378002B3FF4FAAE95F987
:109EE00000001A4A01230093194B861EB8F1000F97
:109EF00018BF1346C7F102017042164AC9B2704139
:109F0000FDF72AFAE5E60226E4E600BFE34E00206C
:109F1000D04D0020D14D002055020020C3F0020892
:109F20008C55002017F10208C84800204CF10208A7
:109F300009F10208DFF00208FAF002081D4E0020C5
:109F40003E4E0020D5F00208A0550020C0F00208C7
:109F5000D1F00208EDF00208ED990108CC4D002087
:109F600003F0BAF900283FF4C2AE012003F0AAF9C9
:109F7000384B02930022384B01930392D8ED007ABC
:109F80009FED367A364877EE877A4146FCEEE77ADF
:109F900017EE903A9BB200936423FDF7EDFC314B32
:109FA0001B78002B3FF4A3AE4DE703F095F9002892
:109FB0003FF4C1AE2C499FED2D7AD1ED006ADFED63
:109FC000277A2B4A2B48E6EE877A0023CDE9023325
:109FD00077EE877A284B0193FCEEE77A17EE903AFA
:109FE0009BB200934FF4FA63FDF7C6FC1D4B1B7840
:109FF000002B3FF4A0AE26E703F06EF900283FF4F3
:10A00000BEAEFDF793FC00231A4619461B48FDF728
:10A01000FBFC144B1B78002B3FF4B1AE13E703F0AD
:10A020005BF900283FF4C8AE03F039FE0D4B1B78F6
:10A03000002B3FF4C1AE06E703F04EF900283FF4D1
:10A04000D8AE03F033FE074B1B78002B3FF4D1AEA4
:10A05000F9E600BF299A01083D7E010800000000D2
:10A0600017F102083E4E0020C848002000007A4444
:10A0700018FCFFFF4CF102082D7E01084D990108E4
:10A08000024BB3F90000FCF781BF00BF4C02002077
:10A0900007EE901ADFED076AB8EEE77AC7EE267A88
:10A0A000B6EE007A77EE877AFCEEE77A17EE903A12
:10A0B00003707047C9C8C83E07EE901A9FED057A35
:10A0C000F8EEE77A77EE877AFCEEE77A17EE903AC9
:10A0D000038070470000000007EE901A9FED057A9C
:10A0E000F8EEE77A77EE877AFDEEE77A17EE903AA8
:10A0F000038070470000000001490248FDF7EABCF8
:10A1000091A0010895A1010801490248FDF7E2BCB0
:10A11000B9A001084DA1010801490248FDF7DABCC8
:10A12000D9A0010871A10108054B064A93F9003036
:10A13000062101FB0323044A12789A80704700BF6E
:10A14000A84D0020704E0020CC4D002007EE900A54
:10A150009FED067AF8EEE77A77EE877AFCEEE77AFB
:10A1600017EE903A98B203F003BF00BF0000000062
:10A1700007EE900A9FED067AF8EEE77A77EE877A97
:10A18000FDEEE77A17EE903A18B203F01FBF00BF5A
:10A190000000000007EE900ADFED096AB8EEE77AEA
:10A1A00082B0C7EE267AB6EE007A77EE877AFCEEBA
:10A1B000E77ACDED017A9DF8040002B003F05EBEAF
:10A1C000C9C8C83E2DE9F04F2DED028BB04DB14FFF
:10A1D00095F9003095F80090DFF8F8A289B00121D8
:10A1E00008460493FDF7F0FCAB4A069509EB4903DA
:10A1F0005B0092F8008092F90060A84D991C3B44E6
:10A2000008EE103A394408F10503DBB208EE901A63
:10A2100005930124002E44D14CB195F90030002B58
:10A2200005DC9F490A68013301320A602B709D4B9F
:10A230001B785BB1484603F033F8C8F1000C0146C7
:10A24000002303225FFA8CF0FCF7FCFF062303FBDC
:10A2500009F3FA18DFF858B291888BF80010022E33
:10A260006ED1069B1A46049B137095F90030022BA1
:10A2700040D08C4B1B7893B195F900409BF80000BF
:10A28000A31E5C425C4103F0F9FD0022C8F102010B
:10A2900003460092C9B2844A2046FDF75DF80024C7
:10A2A000C0E0012ED2D195F90030012B13D07D4BA7
:10A2B0001C78002CCAD095F900007C4A441E6042EC
:10A2C0004FF00403C8F1010160410093C9B2FDF7EA
:10A2D00013F80024BAE702F0FFFF0028E7D0FDF7EB
:10A2E000DDFB9AF80030002BE1D009B0BDEC028B09
:10A2F000BDE8F08F02F0F0FF6D490028B9D09BF85F
:10A300000030DFED6C6A684807EE103AB8EE477A25
:10A31000F6EE007AE7EE267A674B0293674B0193DD
:10A32000FCEEE77A002217EE903A9BB2009303927C
:10A330006423FDF721FB9AF80030002B99D0D4E775
:10A34000032E22D0042E6BD195F90030042B74D04B
:10A35000544B1B78002BA2D095F900B0062303FBC9
:10A360000973ABF1040CDCF1000B58884BEB0C0BC0
:10A3700003F0FEFD0024C8F104010346504A009496
:10A38000C9B25846FCF7E8FF4CE095F90020032AD3
:10A390001CD0444B1B78002B81D095F9004006233C
:10A3A00003FB09F3A4F1030EF85ADEF1000444EBB9
:10A3B0000E0403F0DDFDC8F1030100220346009204
:10A3C000C9B2404A2046FCF7C7FF68E7079302F08E
:10A3D00083FF079B0028DCD0FB5A9FED3B7A39486E
:10A3E00007EE903AF8EE677A002277EE877AB1EEC0
:10A3F000047A77EEC77ACDE90222FCEEE77A334A97
:10A40000019217EE903A9BB2009318EE101AFF23B8
:10A410000522FDF7B1FA9AF80030002BB9D064E7B5
:10A42000052E59D00136059AF3B29A4276B27FF4DE
:10A43000F1AE274B06221A7057E7079202F04CFF45
:10A44000079A002884D00023CDE902331F4B0193E3
:10A4500053889FED1D7A1A4807EE903AF8EE677A16
:10A4600018EE901A77EE877AB1EE047A77EEC77A13
:10A470000522FCEEE77A17EE903A9BB20093872311
:10A48000FDF77AFA9AF80030002B3FF461AF2CE721
:10A49000A84D0020704E0020D14D0020D04D00204E
:10A4A0006C4E00205502002066F102088DF1020872
:10A4B000CC4D0020C9C8C83E29A10108F9A0010857
:10A4C000CDF1020852F102080000000009A10108C4
:10A4D0001D4E00203E4E002095F90030052B14D073
:10A4E0000F4B1B78002B3FF4DAAE95F900000D4AB4
:10A4F000441FC8F10501202360420093C9B24FF008
:10A500003E036041FCF7F8FEC9E602F0E5FE0028D4
:10A51000E6D003F0CBFB9AF80030002BE0D0E4E665
:10A52000550200207EF102082DE9F04F87B0FDF7BB
:10A530005BFA012105900846FDF746FBB74BB84D85
:10A540001E7893F9004006F105084FFA88F8002CB0
:10A5500040F08F8095F90030002B7BD0B14B1B78F9
:10A560005BB195F90000B04A71420423B0FA80F063
:10A570000093C9B24009FCF7BFFEDFF8ECB2032735
:10A58000FB1EBC425FFA87FA5FFA83F91FD1484687
:10A5900002F086FEA54B8BF80090186095F900300C
:10A5A000A34200F0DE809F4B1B7883B195F9000039
:10A5B0009F4AA0EB07090323A11BD9F100000093D8
:10A5C000C9B24FF03E0340EB0900FCF795FE0427AB
:10A5D000BA45D5D1052C19D195F90030052B00F0DD
:10A5E000D380904B1B788BB195F90000914AA0F174
:10A5F000050E2023C6F10501DEF100000093C9B26B
:10A600004FF03E0340EB0E00FCF776FE059B002B5F
:10A6100040F00181062C00F0C480072C40F0DA8065
:10A6200095F90030072B00F0E9807E4B1B78002B5A
:10A6300000F0D08095F900007F4AC71FC6F10701DE
:10A64000202378420093C9B24FF03E037841FCF7D3
:10A6500053FEBFE002F040FE00283FF47FAFFDF75D
:10A660001DFA764B1B78002B3FF478AF07B0BDE89E
:10A67000F08F012C23D0022C7FF47FAF95F90030AE
:10A68000022B49D0674B1B78002B3FF476AF95F92E
:10A6900000706B4BA7F1020ADAF10007B3F9000072
:10A6A00047EB0A0703F092FCC6F1020100220346C1
:10A6B0000092C9B2634A3846FCF74EFE5DE795F951
:10A6C0000030012B17D0574B1B78002B3FF455AFB0
:10A6D00095F900005C4A00F1FF3BC6F1010103233C
:10A6E000DBF100000093C9B24FF03E0340EB0B00DA
:10A6F000FCF702FE41E702F0EFFD0028E3D0FDF792
:10A7000015F900231A4619465048FDF77DF94B4BC1
:10A710001B78002BD7D0A9E702F0DEFD0028B1D0CE
:10A72000012303934A4B029345494A4B0193B1F9E4
:10A7300000309FED497A434807EE903AF8EEE77A09
:10A74000002277EE877AFCEEE77A17EE903A9BB21A
:10A750000093FF23FDF710F9384B1B78002B91D0A5
:10A7600084E702F0B9FD00283FF41DAFFDF7DEF8E5
:10A7700000231A4619463948FDF746F92F4B1B7836
:10A78000002B3FF410AF71E702F0A6FD00283FF464
:10A7900028AF03F08BFA294B1B78002B3FF421AF35
:10A7A00064E795F90030062B1DD01E4B1B788BB14A
:10A7B00095F900002A4AA0F1060C2023C6F10601F3
:10A7C000DCF100000093C9B24FF03E0340EB0C00F7
:10A7D000FCF792FD0823013464B244457FF4B7AE20
:10A7E000204A137042E702F077FD0028DDD003F025
:10A7F00056FA124B1B78002BD7D037E702F06CFDCE
:10A8000000283FF412AF03F031FA0C4B1B78002BF9
:10A810003FF40BAF2AE70623DDE700BFD14D002050
:10A82000D04D002055020020D1F10208A44D002097
:10A83000BEF102087EF102089BF102083E4E0020A4
:10A840004C02002059F10208ACF1020871810108A4
:10A8500081A0010819A1010800000000C5A101089C
:10A8600070F102081D4E0020A84D002007B5019090
:10A87000FDF75CF8002301981A46194603B05DF80D
:10A8800004EBFDF7C1B800001FB5154B154A1B7846
:10A8900092F90020032B04461ED0042B1ED112492E
:10A8A000124B11EA220138BF194601A80FF024FD0E
:10A8B0000F4BB3F9063020B20F3B9842A8BF1846A1
:10A8C0000C4B1881002009F023FB3F2201A90A4804
:10A8D0000FF084FD04B010BD0849E6E70849E4E73D
:10A8E000214E0020234E0020D6F10208F4F1020888
:10A8F000B002002004570020F44A0020EBF10208C7
:10A90000DFF10208044B054A93F90030182101FBDE
:10A9100003231889FFF7B8BFA84D00200457002073
:10A92000044B93F9002006235343034AD05AFFF700
:10A93000ABBF00BFA84D0020704E00202DE9F743AB
:10A9400001210846FDF740F93D4B3E4D1E7893F935
:10A950000040DFF8109106F105085FFA88F801273A
:10A96000ECB94FB195F90030002B05DC36490A6887
:10A97000013301320A602B70344B1B7833B17042C3
:10A98000334900230122C0B2FCF75CFC0134E3B27E
:10A99000984564B2E4D12F4B03221A7041E0012C98
:10A9A00019D0022CF2D195F90030022B3CD0274B64
:10A9B0001B7873B195F90000274A871E2023C6F142
:10A9C000020178420093C9B24FF03E037841FCF790
:10A9D00093FC0027DAE795F90030012B17D01B4BC9
:10A9E0001B78002BF5D095F900001C4A00F1FF3CC4
:10A9F0002023DCF10000C6F101010093C9B24FF041
:10AA00003E0340EB0C00FCF777FC0027BEE702F0AA
:10AA100063FC0028E3D0124B89F800401B78002B20
:10AA2000DDD003B0BDE8F08302F056FC0028BED0B4
:10AA30000B4B89F800401B78002BB8D0F1E700BF22
:10AA4000D14D0020D04D00206C4E0020550200203A
:10AA5000D2F302081D4E0020E2F30208B7F3020809
:10AA60003E4E0020244900202DE9F04F914B924F9B
:10AA70002DED028B1870914B0E461970012189B093
:10AA800081460846FDF7A0F88D490822182313FBDC
:10AA900006238C4A91F8008091F90050134408EE87
:10AAA000103A08F105035BB2069301249246002D8B
:10AAB00055D14CB197F90030002B05DC82490A686A
:10AAC000013301320A603B70804B1B787BB1C8F1C7
:10AAD0000000B9F1030FC0B23FD07D497D4BB9F101
:10AAE000040F08BF194600230322FCF7ABFB4FF00D
:10AAF000020B5FFA8BF305935D45ABF10203DBB20A
:10AB000010D11846079302F0CBFB734A079B1370D2
:10AB1000724B186097F90030AB424BD06B4B1C78EE
:10AB2000002C52D1059B4FF0030B5B45E1D1042D66
:10AB30000AD1694B1E7097F90030042B57D0634B34
:10AB40001C78002C40F09C80069B01356DB29D4224
:10AB5000ADD1634B05221A7027E06249C3E7012D8E
:10AB6000C5D197F90030012B15D0584B1C78002C1B
:10AB7000BDD097F900005C4A00F1FF3C0423DCF1F2
:10AB80000000C8F101010093C9B240EB0C00FCF7D2
:10AB9000B3FB0024ABE702F09FFB0028E5D0FCF7F5
:10ABA0007DFF524B1B78002BDFD009B0BDEC028B30
:10ABB000BDE8F08F02F090FB0028AFD0FFF7B0FEA9
:10ABC0004A4B1B78002BA9D0EFE797F90000484AC1
:10ABD000A0EB0B0460424FF02003A5EB08010093AB
:10ABE00060413E23C9B2FCF787FB00249AE702F0DC
:10ABF00073FB0028A3D0012002F064FB3D4B9FEDC6
:10AC00003E7A33F81630DFED3D6A3D480F3B1BB20C
:10AC100007EE903AF8EEE77A002277EE877A039211
:10AC2000384A0292384A0192F4EEE67A1822F1EE9E
:10AC300010FA02FB06A258BFF0EE667AB2F90820BD
:10AC4000FDEEE77A18EE101A17EE903A07EE902A0A
:10AC5000F8EEE77AAA3B77EE877A9FED2C7A77EECB
:10AC6000C77AFCEEE77A17EE902A92B20092AA22F7
:10AC7000FCF782FE1D4B1B78002B3FF460AF94E77E
:10AC800097F900B0ABF10403D3F1000B4BEB030BCE
:10AC9000182303FB06A30024B3F9080003F096F978
:10ACA000C8F104010346164A0094C9B25846FCF79D
:10ACB00053FB49E7214E0020D04D0020234E0020B9
:10ACC000D14D0020045700206C4E0020550200207A
:10ACD00034F2020844F20208A84D0020A44D0020DE
:10ACE0001D4E002026F20208EBF302083E4E002023
:10ACF0001CF2020820FF0208000000000000004FC4
:10AD000054F2020805A9010819A1010800002A430C
:10AD100000210220FFF7A8BE00210320FFF7A4BEF8
:10AD200000210420FFF7A0BE2DE9F347F5F76EF8E8
:10AD30009E4B9F4C9F4F002814BF012202221A7085
:10AD4000FCF752FE012181460846FCF73DFF9A4B75
:10AD50001E7893F9005006F105085FFA88F89DB94E
:10AD600094F90030002B00F08180944B1B785BB18C
:10AD700094F90000924A71420423B0FA80F00093E3
:10AD8000C9B24009FCF7B8FADFF86CA29AF80030B3
:10AD9000002B40F084808B4B8B4AB3F90030B2F922
:10ADA0000820013B93427ADD012D18D194F900303F
:10ADB000012B69D0814B1B788BB194F90000C6F14F
:10ADC0000101032300F1FF3CDCF1000000937F4A06
:10ADD0004FF03E03C9B240EB0C00FCF78DFAB9F11D
:10ADE000000F40F0E0809AF80030002B7DD1764BC8
:10ADF000B3F90820734BB3F90030013B9A4274DA7F
:10AE0000022D1DD194F90030022B63D06B4B1B78BF
:10AE10008BB194F90000C6F102010323A0F1020EE8
:10AE2000DEF1000000936A4A4FF03E03C9B240EBE6
:10AE30000E00FCF761FA9AF80030002B40F0968083
:10AE4000614BB3F908205F4BB3F90030013B9A42E4
:10AE500080F28C80032D63D004230135EAB2904543
:10AE60006DB27FF47CAF5B4A13700AE002F034FAF3
:10AE700000283FF47AAFFCF711FE3B78002B3FF43B
:10AE800074AF02B0BDE8F08702F026FA002891D036
:10AE90005148FFF7EBFC3B78002B8BD0F1E7012DFD
:10AEA0009DD194F90030012B09D0444B1B78002B25
:10AEB00095D094F90000C6F10101202382E702F049
:10AEC0000BFA0028F1D0454B454A1A603B78002B1D
:10AED000EBD0D6E702F000FA002897D04148FFF700
:10AEE000C5FC3B78002B91D0CBE7022DA3D194F980
:10AEF0000030022B09D0314B1B78002B9BD094F9EA
:10AF00000000C6F10201202388E702F0E5F90028DD
:10AF1000F1D0324B344A1A603B78002BEBD0B0E7CB
:10AF200094F90030032B16D0244B1B78002B93D0C0
:10AF300094F90000C6F103010323A0F1030CDCF136
:10AF400000000093294A4FF03E03C9B240EB0C00C9
:10AF5000FCF7D2F980E702F0BFF90028E4D02448DA
:10AF6000FFF784FC3B78002BDED08AE7032D7FF4CB
:10AF700073AF94F90030032B0AD0104B1B78002BD1
:10AF80003FF46AAF94F90000C6F103012023D4E72F
:10AF900002F0A2F90028F0D0104B164A1A603B7854
:10AFA000002BEAD06DE7022357E700BFCC4D00200D
:10AFB000D04D00203E4E0020D14D002055020020F3
:10AFC000F0F30208BA0200200457002034F202080D
:10AFD00026F202081D4E002011AD0108344B00205E
:10AFE000FDF1020819AD010805F2020844F2020859
:10AFF00021AD01080AF20208405700202DE9F04F68
:10B000002DED028B83B00746EDF718FD441C07EBCE
:10B0100004084046EDF712FD01303E5D18F800A02F
:10B0200008EB000308EE103A331E18BF0123B6FAEE
:10B0300086F4BAF1000B4FF000014FF005000093C9
:10B0400018BF4FF0010B6409FCF7BEFD009B444A9A
:10B0500001341C4404EB0B0392F9005000934FF0B1
:10B0600000095FFA89F09DB93E4B1B78002B71D027
:10B070003D4B01901B78023BDBB2022B96BF3B4A53
:10B080003B4952F8231000230322FCF7DBF8019818
:10B09000002E14BF01240224AC4209D1314B1B788D
:10B0A00033B10023012239460190FCF7CBF8019817
:10B0B0005FFA84FB0134002E48D0AC4209D1294B01
:10B0C0001B7833B10023012241460190FCF7BAF806
:10B0D00001980BF10204BAF1000F0ED0AC420AD174
:10B0E000204B1B783BB118EE101A0023012201906F
:10B0F000FCF7A8F80198013464B2009B022B01DC34
:10B10000013464B2AC4212D1DFF858B09BF8003081
:10B1100053B11849019000230222FCF793F8164B13
:10B1200001981978FCF740F802238BF8003009F1F8
:10B1300001090135B9F1050F6DB292D10F4B013400
:10B140001C7003B0BDEC028BBDE8F08FBAF1000FAC
:10B15000C4D1D5E7002E14BF01240224A8E700BF04
:10B16000D14D0020550200202502002010F20208D7
:10B17000AAF302083BF30208224E00201D4E0020D5
:10B180000148FFF73BBF00BF63F202080148FFF729
:10B1900035BF00BF8DF202080148FFF72FBF00BF87
:10B1A00063F302080148FFF729BF00BF7DF30208DF
:10B1B0000148FFF723BF00BF70F202080148FFF704
:10B1C0001DBF00BF0EF302080148FFF717BF00BF05
:10B1D000AFF202080148FFF711BF00BFE0F202081A
:10B1E0000148FFF70BBF00BF46F302080148FFF715
:10B1F00005BF00BFC7F2020809B1184B1970184B00
:10B200001A700B2823D8DFE800F024060F2611134C
:10B21000151D1722191B1348134B01221A70002306
:10B220001A461946FCF7F0BB1048F5E71048F3E75B
:10B230001048F1E71048EFE71048EDE71048EBE75A
:10B240001048E9E7104B114800221A70E4E7FCF7B8
:10B250001DBC0F48E0E70F48DEE700BF25020020D5
:10B26000224E00208DB10108884E0020D5B1010882
:10B27000BDB10108C9B10108EDB10108E1B1010892
:10B28000B1B10108A5B10108244900203DA9010878
:10B2900081B1010899B10108FCF700BC1FB5074B4B
:10B2A000029300230193064B0093064A064B07497D
:10B2B0000748FCF70DFD05B05DF804FB1DEF020823
:10B2C00016F4020839DB010899B2010882F4020879
:10B2D00021F4020807B50190FCF728FB0023019830
:10B2E0001A46194603B05DF804EBFCF78DBB00006D
:10B2F0002DE9F04F85B0F4F775FD654B1B78C3F36E
:10B30000C00B1B0781465ED5624B93F803A0BAF1D0
:10B31000000A18BF4FF0010A01210846FCF754FC4F
:10B320005D4B5E4E1F7893F900407B1DDBB20393AB
:10B33000002C57D196F90030002B46D0584B1B7883
:10B340005BB196F90000574A79420423B0FA80F0C5
:10B350000093C9B24009FBF7CFFFB9F1000F70D1DC
:10B36000F4F754FD002800F08881012C40F0A481FE
:10B3700096F90030012B00F06081494B1B78002BBF
:10B3800040F0688102250135A54240F0B38096F96E
:10B390000030AB4200F09E81414B1B78002B00F047
:10B3A000A98096F90000404AA0EB0508E11B0323A1
:10B3B000D8F100000093C9B24FF03E0340EB080003
:10B3C000FBF79AFF96E0DA46A6E701F085FF002832
:10B3D000B4D0FCF763FB354B1B78002BAED005B027
:10B3E000BDE8F08FB9F1000FBAD0012C25D196F944
:10B3F0000030012B16D02A4B1B788BB196F9000038
:10B400002B4A00F1FF3C2023C7F10101DCF10000D1
:10B410000093C9B24FF03E0340EB0C00FBF76CFF0A
:10B42000042567E001F058FF0028E4D002F0A2FBF9
:10B430001E4B1B78002BDED0D1E7022C03D0032C4F
:10B440003CD00425A0E796F90030022B13D0144B12
:10B450001B78002BE4D096F90000164A851EC7F130
:10B460000201032368420093C9B24FF03E036841D2
:10B47000FBF742FFD4E701F02FFF0028E7D00E488A
:10B48000FFF728FF094B1B78002BE0D0A7E700BF90
:10B49000B45B0020945B0020D14D0020D04D0020F3
:10B4A0005502002026F402083EF402083E4E002019
:10B4B00032F4020816F402089DB2010896F9003031
:10B4C000032B00F0AC80B64B1B78002BA8D096F96C
:10B4D0000000B44AA0F103080323D8F10000C7F12B
:10B4E00003010093C9B24FF03E0340EB0800FBF7A5
:10B4F00003FF0425EDB205F101084FFA88F8A045D5
:10B5000018D196F90030A34200F0F280A44B1B78CA
:10B5100083B196F90000A44AA0EB080E0323E11BB7
:10B52000DEF100000093C9B24FF03E0340EB0E0085
:10B53000FBF7E2FE05F102084FFA88F8A04518D1A2
:10B5400096F90030A34200F0E180954B1B7883B15F
:10B5500096F90000954AA0EB080C0323E11BDCF1EF
:10B5600000000093C9B24FF03E0340EB0C00FBF724
:10B57000C3FE05F103084FFA88F8B9F1000F43D173
:10B58000BBF1000F00F0EC80BAF1000F3CD1A045F8
:10B5900018D196F90030A34200F0C680804B1B788A
:10B5A00083B196F90000824AA0EB08082023E11B32
:10B5B000D8F100000093C9B24FF03E0340EB080001
:10B5C000FBF79AFE05F104084FFA88F8A04518D158
:10B5D00096F90030A34200F0B580714B1B7883B11F
:10B5E00096F90000734AA0EB080E0323E11BDEF17D
:10B5F00000000093C9B24FF03E0340EB0E00FBF792
:10B600007BFE05354FFA85F80134039AE3B29A427E
:10B6100064B27FF48DAE684B83F80080DFE601F002
:10B620005BFE00283FF44FAF6448FFF753FE644BC6
:10B630001B78002B3FF447AFD1E601F04DFE002808
:10B640003FF49BAE02F0B0FA5D4B1B78002B3FF449
:10B6500094AEC4E696F900005A4A00F1FF3EC7F1E5
:10B6600001012023DEF100000093C9B24FF03E0338
:10B6700040EB0E00FBF740FE84E60125A5427FF477
:10B6800082AE96F90030AB4218D0454B1B78002BA8
:10B690003FF479AE96F900004B4AA0EB050CE11B94
:10B6A0000323DCF100000093C9B24FF03E0340EBEE
:10B6B0000C00FBF721FE66E60225DFE701F00CFE39
:10B6C0000028E2D04148FFF705FE3D4B1B78002BD8
:10B6D000DBD084E601F000FE00283FF45DAE3C487C
:10B6E000FFF7F8FD364B1B78002B3FF455AE76E69E
:10B6F00001F0F2FD00283FF409AF3648FFF7EAFDFC
:10B700002F4B1B78002B3FF401AF68E601F0E4FDFE
:10B7100000283FF41AAF3048FFF7DCFD284B1B78B8
:10B72000002B3FF412AF5AE601F0D6FD00283FF49B
:10B7300035AF2A4B2A4A1A60214B1B78002B3FF465
:10B740002DAF4CE601F0C8FD00283FF446AF254878
:10B75000FFF7C0FD1A4B1B78002B3FF43EAF3EE6CF
:10B76000A04519D196F90030A34201D101F0B4FDF2
:10B770000B4B1B7883B196F900001B4AA0EB080C19
:10B780002023E11BDCF100000093C9B24FF03E031F
:10B7900040EB0C00FBF7B0FD04354FFA85F833E7BA
:10B7A0005502002087F4020864F4020872F40208CB
:10B7B0004AF4020805F402081D4E002069CD010874
:10B7C0003E4E002057F40208F5F302088DC301082D
:10B7D00015C8010829A5010829AD0108344B00202E
:10B7E00025D60208B1B80108FCF3020808B50BF031
:10B7F00051FA074B003818BF01201860054B002292
:10B800001A70054B01221A70044B03221A7008BDEE
:10B810006C4E0020D14D00203E4E002055020020ED
:10B8200008B505480BF034F8FCF730F9BDE80840DE
:10B83000002002F04BB900BF2C5C002090B51449E9
:10B84000144B87B00A7804AF002A08BF194608468F
:10B850007960EDF7F3F8093020F00700ADEB000D4B
:10B86000796820230DF111008DF810300EF09CFD49
:10B87000094B0A4A0A490B4804ACCDE901430A4B7B
:10B8800000930A4BFCF724FA0C37BD4690BD00BF6D
:10B89000C85900202C5C00201DEF020821B80108C7
:10B8A000B3F40208ADF40208A1F4020899B2010849
:10B8B0002DE9F04F744B1B7889B01BB10BF026FBC0
:10B8C000724B188001210846FCF77EF9704B714DD0
:10B8D00093F8008093F90040DFF8D0B108F1050239
:10B8E000D2B2CDE904239CB995F90030002B58D091
:10B8F000694B1B7863B195F90000684AC8F10001F3
:10B900000423B0FA80F00093C9B24009FBF7F4FCBD
:10B91000634A0692137813F0200F72D11B0770D57B
:10B92000012C4BD002235C4F3A78002A00F0A18012
:10B93000DBB2039399464FF0000A544A12881FFA6B
:10B940008AF082424FFA89F340F29380A3426AD18F
:10B95000013A101A80B20BF081F8069B1A78C2F3F4
:10B96000001312F0100F039A02EB0A0676B261D0B0
:10B9700095F90030B34246D101F0AEFC002842D028
:10B9800048480BF0ADFE059A00231370464A022189
:10B990001160464A01211170454A137003233B7020
:10B9A00009E001F099FC0028A2D0FCF777F89BF899
:10B9B0000030002B9CD009B0BDE8F08F95F9003025
:10B9C000012B13D0344B1B78002BABD095F9000022
:10B9D000384A471EC8F10101202378420093C9B2BA
:10B9E0004FF03E037841FBF787FC9BE701F074FCC6
:10B9F0000028E7D0FFF7FAFE9BF80030002BE1D0DB
:10BA0000D9E701238FE73B786BB195F90000A4EBF0
:10BA100008010123861B70420093274A274BC9B2B5
:10BA20007041FBF7B3FD09F101090AF1010A5FFA60
:10BA300089F982E795F90020B24208D03B78002BC3
:10BA4000F1D095F90000A4EB08010023E2E7079389
:10BA500001F042FC0028F1D0FBF768FF079B184873
:10BA60001A461946FBF7D0FF9BF80030002BE5D0B3
:10BA7000A1E701340499E2B2914264B27FF433AF9A
:10BA8000104A137097E700BF344E0020244E002068
:10BA9000D14D0020D04D002055020020BAF40208FC
:10BAA000B45B00202C5C00206C4E00203E4E002039
:10BAB0003D4E00208CF4020890F40208A6480020B5
:10BAC0003DB801081D4E0020002302481A461946C1
:10BAD000FBF79ABF7DC301080D4B1B7810B5A3B9C6
:10BAE0000C4A0D49D2ED017AB1F90010FDEEE77A6A
:10BAF000013917EE902A12B28A4206DABDE81040E8
:10BB000006481A461946FBF77FBFFFF7DDFF10BD59
:10BB10004057002004570020BA02002091BE0108BF
:10BB2000F7B505460C4601F0D7FB30B13F4B00227C
:10BB30001A70FBF7B3FF03B0F0BD3D4F3D4E3968BF
:10BB400071B33D4B1A78002A5DD05A78002A5AD139
:10BB5000012C4ED0022C51D093ED017AD3ED047A12
:10BB6000364BDFF8E4C006EE901A03EB8402F8EEE1
:10BB7000E65A9CED006AD2ED006A0029E5EE866A7D
:10BB80004FEA840047DAF4EEC76AF1EE10FA3FD4C8
:10BB90000344C3ED006A204601F002FD0123337027
:10BBA00000233B603378002BC5D0244B24499FED04
:10BBB000257A03EB8403D3ED007A234B01EB840455
:10BBC00077EE877A94ED007A77EE877A93ED007AB4
:10BBD000CDED017ADFED1D7AB4EEE77AF1EE10FAE1
:10BBE00001A820DB02F0D0FB01462846FBF716FC3B
:10BBF000A1E793ED027AD3ED057AB1E793ED037AED
:10BC0000D3ED067AACE7DFED127A9FED127AA7E763
:10BC100082ED007ABFE7F4EEE76AF1EE10FAB7DDE5
:10BC2000C2ED007AB7E702F041FBDDE7884E002065
:10BC30006C4E002055020020740200205C0200209F
:10BC4000184F00200000000050020020CDCCCC3D59
:10BC50000050C3470050C3C701480021FFF760BF31
:10BC6000CFF4020801480121FFF75ABFD6F40208B9
:10BC700001480221FFF754BFDDF4020807B5019027
:10BC8000FBF754FE002301981A46194603B05DF8ED
:10BC900004EBFBF7B9BE00002DE9F3410121084692
:10BCA000FBF792FF6C4B6D4D1E7893F90040DFF867
:10BCB000DC81771DFFB23CBB95F90030BBB1684B0E
:10BCC0001B785BB195F90000664A71420423B0FA13
:10BCD00080F00093C9B24009FBF70EFB0134E3B2D8
:10BCE0009F4264B2E7D1604B05221A7009E001F06F
:10BCF000F3FA0028E3D0FBF7D1FE5C4B1B78002B56
:10BD0000DDD002B0BDE8F081012C21D0022C46D05C
:10BD1000032C6BD0042CE1D195F90030042B00F0FA
:10BD20008D804F4B1B78002BD8D095F90000504ADE
:10BD3000A0F1040CC6F104010323DCF10000009320
:10BD4000C9B24FF03E0340EB0C00FBF7D5FAC5E754
:10BD500095F90030012B16D0414B1B78002BBDD03C
:10BD600095F90000434A00F1FF3EC6F101010323AB
:10BD7000DEF100000093C9B24FF03E0340EB0E002D
:10BD8000FBF7BAFAAAE701F0A7FA0028E4D0404688
:10BD9000FFF774FF354B1B78002BDDD0B1E795F929
:10BDA0000030022B16D02E4B1B78002B96D095F925
:10BDB0000000314AA0F1020CC6F102010323DCF1BC
:10BDC00000000093C9B24FF03E0340EB0C00FBF7BC
:10BDD00093FA83E701F080FA0028E4D02748FFF7C0
:10BDE0004DFF224B1B78002BDDD08AE795F9003000
:10BDF000032B17D01A4B1B78002B3FF46FAF95F92C
:10BE000000001F4AA0F1030EC6F103010323DEF177
:10BE100000000093C9B24FF03E0340EB0E00FBF769
:10BE20006BFA5BE701F058FA0028E3D01548FFF7FA
:10BE300025FF0E4B1B78002BDCD062E701F04CFA9B
:10BE400000283FF46EAF1048FFF718FF074B1B7830
:10BE5000002B3FF466AF54E7D14D0020D04D0020B9
:10BE600055020020BFF402081D4E00203E4E002067
:10BE7000C6F40208CFF40208D6F402085DC3010834
:10BE8000DDF402086DC30108D9BA01084DC30108E9
:10BE90001FB5074B029300230193064B0093064AFC
:10BEA000064B07490748FBF713FF05B05DF804FB95
:10BEB00034DA020835F50208C9BA010899B2010856
:10BEC00056F502082DF5020873B501F005FA04468F
:10BED00030B11C4B00221A70FBF7E0FD02B070BDC0
:10BEE000194E1A4D33684BB307EE903A184A194B66
:10BEF000D2ED006A93ED037AF8EEE77A0320A7EE1D
:10BF0000A67A83ED037A01F04BFB01232B7034609A
:10BF1000104B9FED117AD3ED037A104B77EE877AB1
:10BF200093ED007A77EEC77A01A8CDED017A02F0A1
:10BF30002BFA01460A48FBF771FACFE72B78002B62
:10BF4000CCD0E5E7884E00206C4E00205502002042
:10BF5000500200205C020020000000002C4E002057
:10BF6000C6F40208064B074801221A70064B006807
:10BF700083ED000A00231A461946FBF745BD00BFB2
:10BF8000884E0020284E002050020020B2EE040A05
:10BF9000FFF7E8BFB7EE000AFFF7E4BF9FED010A25
:10BFA000FFF7E0BFCDCCCC3D9FED010AFFF7DABF34
:10BFB000CDCCCC3C000000002DE9F047B64BB74D8E
:10BFC0002DED028B196001218AB081460846FBF7EE
:10BFD000FBFDB34B9FEDAE8B93F900704FF0000863
:10BFE0000126B9F1010F5FFA88F400F09B80B9F1E6
:10BFF000020F00F0B280B9F1000F40F0C980E319E0
:10C0000013F0FF0F40F0E3804EB195F90030002BA4
:10C0100005DCA4490A68013301320A602B70A24B87
:10C020001B782BB1A149002303222046FBF70AF914
:10C03000E319DBB2032B40F0FE8095F90030032BAF
:10C0400000F06081984B1B78002B00F0DF8095F9A1
:10C050000000974AA0F1030E0323DEF100000093D5
:10C0600021464FF03E0340EB0E00FBF745F900265A
:10C07000B9F1020F40F06081B0EE480AF0EE680AB4
:10C0800002AA03210120EDF72DFE04EB070A024668
:10C09000884905A84FFA8AFA0EF02EF9BAF1050F71
:10C0A0001FD195F90030052B0AD101F015F938B1EF
:10C0B0008148FFF7E3FD814B1B78002B40F0E380C4
:10C0C000794B1E786EB195F900007D4A461F70428B
:10C0D0004FF00303009370413E232146FBF70CF918
:10C0E0000026714B1B7883B1BAF1050F0DD10134D5
:10C0F00004EB4404A10001F0FC010020FAF790F8E1
:10C100004FF6FF7105A8FAF7B7F8062308F1010802
:10C110005FFA88F2052A4FFA88F87FF462AF694A1D
:10C120001370B0E0E31913F0FF0F50D14EB195F941
:10C130000030002B05DC5B490A68013301320A60DC
:10C140002B70594B1B78002B3FF472AF5E490023D4
:10C1500003222046FBF776F86AE7E31913F0FF0F96
:10C1600035D14EB195F90030002B05DC4D490A68F8
:10C17000013301320A602B704B4B1B78002B3FF4CC
:10C1800057AF5249002303222046FBF75BF84FE7E5
:10C190004F4BDA684F4B1A60E31913F0FF0F16D1BB
:10C1A0004EB195F90030002B05DC3E490A68013399
:10C1B00001320A602B703C4B1B78002B3FF438AFE8
:10C1C0004549002303222046FBF73CF830E7E319FA
:10C1D0005BB2012B1CD0022B7FF42AAF95F9003003
:10C1E000022B00F08180304B1B787BB195F9000069
:10C1F0003A4AA0F1020A0323DAF100000093214633
:10C200004FF03E0340EB0A00FBF776F800262FE7DD
:10C2100095F90030012B2CD0234B1B7853B195F9A5
:10C2200000002F4A461E04237042009321467041AD
:10C23000FBF762F80026E319DBB2042B7FF418AF9A
:10C2400095F90030042B6BD0174B1B78002BDDD0F9
:10C2500095F90000234AA0F1040C0323DCF100004F
:10C26000009321464FF03E0340EB0C00FBF744F8EF
:10C27000CCE701F031F80028CED0FBF70FFC0F4BD4
:10C280001B78002BC8D00AB0BDEC028BBDE8F0874C
:10C290009A9999999999993F284E0020D04D00205C
:10C2A000D14D00206C4E002055020020CFF4020832
:10C2B000E4F4020816F50208A9BF01083E4E00206A
:10C2C00034D602081D4E0020D6F40208DDF4020820
:10C2D0005C0200202C4E0020C6F4020802F5020881
:10C2E0000CF50208F7F4020800F0F6FF00283FF40E
:10C2F0007AAF1248FFF7C2FC114B1B78002B3FF4BA
:10C3000072AFC0E700F0E8FF00283FF49BAE0D4895
:10C31000FFF7B4FC0A4B1B78002B3FF493AEB2E757
:10C3200000F0DAFF00288FD00748FFF7A7FC044B86
:10C330001B78002B88D0A6E70523E7E68DBF010810
:10C340003E4E002095BF01089DBF010802494FF0F5
:10C35000FF320020FFF730BE59BC010802494FF000
:10C36000FF320120FFF728BE65BC010802494FF0EB
:10C37000FF320220FFF720BE71BC010802494FF0D6
:10C38000FF320320FFF718BEC9BE01082DE9F341B3
:10C3900001210846FBF718FC6C4B6D4D1E7893F994
:10C3A0000040DFF8E081771DFFB23CBB95F900301B
:10C3B000BBB1684B1B785BB195F90000664A7142CE
:10C3C0000423B0FA80F00093C9B24009FAF794FF51
:10C3D0000134E3B29F4264B2E7D1604B05221A7088
:10C3E00009E000F079FF0028E3D0FBF757FB5C4B36
:10C3F0001B78002BDDD002B0BDE8F081012C21D0EC
:10C40000022C46D0032C6BD0042CE1D195F90030DE
:10C41000042B00F08D804F4B1B78002BD8D095F962
:10C420000000504AA0F1040CC6F104012023DCF105
:10C4300000000093C9B24FF03E0340EB0C00FAF746
:10C440005BFFC5E795F90030012B16D0414B1B78F7
:10C45000002BBDD095F90000434A00F1FF3EC6F124
:10C4600001010323DEF100000093C9B24FF03E0347
:10C4700040EB0E00FAF740FFAAE700F02DFF00287E
:10C48000E4D04046FFF7FAFB354B1B78002BDDD09C
:10C49000B1E795F90030022B16D02E4B1B78002BFC
:10C4A00096D095F90000314AA0F1020CC6F10201C4
:10C4B0002023DCF100000093C9B24FF03E0340EBB3
:10C4C0000C00FAF719FF83E700F006FF0028E4D01C
:10C4D000274B284A1A60224B1B78002BDDD08AE7B5
:10C4E00095F90030032B17D01A4B1B78002B3FF423
:10C4F0006FAF95F90000204AA0F1030EC6F10301C9
:10C500000323DEF100000093C9B24FF03E0340EB7D
:10C510000E00FAF7F1FE5BE700F0DEFE0028E3D044
:10C520001648FFF7ABFB0E4B1B78002BDCD062E705
:10C5300000F0D2FE00283FF46EAF0D4B104A1A6097
:10C54000074B1B78002B3FF466AF54E7D14D00201A
:10C55000D04D0020550200205BF502081D4E002042
:10C560003E4E002045F502080CF50208EDF40208E5
:10C57000344B002013D6020820F502085D9C010808
:10C580007FDE020899BC0108024B1978024B18782B
:10C5900007F070B9CC4D0020A84D002008B500214F
:10C5A000084607F067F907F0F7FCBDE80840FBF71D
:10C5B0006DBA002007F0ACBC70B50C1E1A4E1546C3
:10C5C00018DB06236343F25AA2B1184B33F810006C
:10C5D000A0F10F039342A8BF1346154AB2F90620F3
:10C5E0001BB20F3A9342A8BF1346124A0020138190
:10C5F00007F08EFC002D0CDB062202FB05656B8824
:10C600003BB11BB20C4A8C2BA8BF8C23138107F0C3
:10C61000A1FC062101FB04640020A18807F02AF98F
:10C62000BDE87040FBF732BA704E002020FF0208D0
:10C63000B00200200457002054570020034B4FF055
:10C64000FF3293F900100020FFF7B6BFCC4D002059
:10C650002DE9F3470121644FDFF8B4A197F800807A
:10C66000624D0846FBF7B0FA614B1E7893F9004023
:10C6700006F105094FFA89F934BB95F90030B3B1D9
:10C680005C4B1B785BB195F900005B4A7142042357
:10C69000B0FA80F00093C9B24009FAF72DFE0134D8
:10C6A00064B24C45E8D1554B04221A7009E000F001
:10C6B00013FE0028E4D0FBF7F1F9514B1B78002B57
:10C6C000DED002B0BDE8F087012C21D0022C67D16A
:10C6D000404600F0E5FD95F90030CAF80000022B55
:10C6E00045D0444B1B78002BD9D095F90000454A22
:10C6F000A0F1020EC6F102012023DEF1000000933A
:10C70000C9B24FF03E0340EB0E00FAF7F5FDC6E765
:10C71000404600F0C5FD95F90030CAF80000012B35
:10C7200016D0344B1B78002BB9D095F90000364A4F
:10C7300000F1FF3CC6F101012023DCF10000009371
:10C74000C9B24FF03E0340EB0C00FAF7D5FDA6E767
:10C7500000F0C2FD0028E4D097F900200020114627
:10C76000FFF72AFF264B1B78002BDAD0A9E700F051
:10C77000B3FD0028B5D0FFF761FF214B1B78002BDC
:10C78000AFD09EE700F0A8FDB0B14FF0FF3197F9B0
:10C7900000200846FFF710FF194B1B7863B190E7A4
:10C7A000032C7FF47CAF404600F07AFD95F9003011
:10C7B000CAF80000032BE5D00E4B1B78002B3FF48A
:10C7C0006EAF95F90000114AA0F1030CC6F1030108
:10C7D0002023DCF100000093C9B24FF03E0340EB90
:10C7E0000C00FAF789FD5AE7CC4D0020D04D00200F
:10C7F000D14D00205502002084F502081D4E002076
:10C800003E4E002090F502087AF502089EF50208D7
:10C81000A44D00202DE9F04FAC4FAD4DB7F9089075
:10C82000012187B0B9F10009084618BF4FF001098E
:10C83000FBF7CAF9A74B1E7893F90040731D5BB252
:10C840000593002C40F0AB8095F90030002B00F0F0
:10C850009780A14B1B785BB195F900009F4A71420C
:10C860000423B0FA80F00093C9B24009FAF744FDFE
:10C870009B4BDFF8AC821B7888F80030032CC24653
:10C8800022D1984B4FF0000B83F800B095F900309F
:10C89000032B00F04981904B1B78ABB195F900B0A8
:10C8A00098F80000ABF10303D3F1000B4BEB030B43
:10C8B00001F0E4FA0022C6F1030103460092C9B276
:10C8C000894A5846FAF748FD4FF00408A8F10400D9
:10C8D000C0B244455FFA88FB8AF800001CD100F022
:10C8E000DFFC824B186095F90030A34200F04881CC
:10C8F000794B1B7883B195F900007D4AA0EB080EB7
:10C900000323A11BDEF100000093C9B24FF03E03E8
:10C9100040EB0E00FAF7F0FC4FF00508C345D5D107
:10C92000744BB3F908301BB9B9F1000F00F048811E
:10C93000062C19D195F90030062B00F03481664B96
:10C940001B788BB195F900006B4AA0F1060C2023EF
:10C95000C6F10601DCF100000093C9B24FF03E03BE
:10C9600040EB0C00FAF7C8FC4FF001090723059AC9
:10C97000013464B294427FF464AF604A13700BE0F8
:10C9800000F0AAFC00283FF464AFFBF787F85C4B8B
:10C990001B78002B3FF45DAF07B0BDE8F08F012C92
:10C9A00023D0022C7FF464AF95F90030022B64D0C1
:10C9B000494B1B78002B3FF45BAF95F900804D4B42
:10C9C000A8F10202D2F10008B3F9080048EB02080E
:10C9D00001F0FCFAC6F10201002203460092C9B23E
:10C9E000484A4046FAF7B8FC42E795F90030012B77
:10C9F0001BD0394B1B78002B3FF43AAF95F90080E0
:10CA0000B7F9080008F1FF31D1F1000848EB01083F
:10CA100001F0DCFAC6F10101002203460092C9B21E
:10CA2000394A4046FAF798FC22E700F055FC002806
:10CA3000DFD0204600F046FC344B0293344B019388
:10CA4000B7F908309FED337A33492F4807EE903A13
:10CA5000F8EEE77A002277EE877A0392FCEEE77A27
:10CA600017EE903A9BB200934FF48273FAF784FF6B
:10CA7000234B1B78002BBCD08EE700F02DFC002848
:10CA800096D0012000F01EFC244B02931949204B44
:10CA900001930022039231F9083F9FED1E7A194855
:10CAA00007EE903AF8EEE77A77EE877AFCEEE77ACF
:10CAB00017EE903A9BB200938C23FAF75DFF104B70
:10CAC0001B78002B3FF474AF66E700BF04570020CB
:10CAD000D04D0020D14D002055020020B0F50208B5
:10CAE0006C570020A84D002070F50208A44D0020CE
:10CAF0007AF502085457002067F502081D4E002001
:10CB00003E4E0020ACF5020860F50208B3C50108EE
:10CB100019A10108000000000C570020553F020831
:10CB2000CC4D0020C9C8C83E00F0D6FB00283FF419
:10CB3000B2AE012000F0C6FB98F800305FED076A46
:10CB40002048CDF80CB007EE103AB8EE477AF6EE72
:10CB5000007AE7EE267A1C4B02931C4B0193FCEE05
:10CB6000E77A5A4617EE903A9BB200934146642307
:10CB7000FAF702FF164B1B78002B3FF48CAE0BE745
:10CB800000F0AAFB00283FF4B3AEFAF7CFFE002373
:10CB90001A4619460F48FAF737FF0D4B1B78002B42
:10CBA0003FF4A6AEF8E600F097FB00283FF4C7AECE
:10CBB000FFF7F4FC064B1B78002B3FF4C0AEEBE60E
:10CBC0000623D4E670F5020889C50108F9A001081A
:10CBD0003E4E002051C6010808B500231A461946EA
:10CBE0000448FAF711FF044B01221A70034B00228C
:10CBF0001A8008BDBDCC0108884E0020AC4800203A
:10CC0000002007F085B90000094B9FED0A7AB3F9BF
:10CC1000003007EE903A084BF8EEE77A67EE877A35
:10CC200093ED007A054B67EE877AC3ED007A704783
:10CC3000A00200200AD7233CB0550020A802002003
:10CC400073B504460D4600F047FB30B1164B002289
:10CC50001A70FAF723FF02B070BD144B144E196816
:10CC600031B1186009B2012320463370F3F73CFD5F
:10CC70003378002BEFD00F4B0F48B3F9003007EE9D
:10CC8000903A00EB840494ED007AF8EEE77A01A87C
:10CC900067EE877ACDED017A01F05CFC014628460B
:10CCA000FAF7BCFBD7E700BF884E00206C4E00208F
:10CCB00055020020AC480020384F002001490220D6
:10CCC000FFF7BEBFC6F5020807EE902A9FED226A65
:10CCD0009FED227AF8EEE77A1FB577EE867A9DF817
:10CCE0001C200392F4EEC77AF1EE10FAD8BFF0EEF2
:10CCF000477A07EE103AF8EEC76A9FED197A069A5E
:10CD0000029276EE866A174A0192F4EEC76AF1EE55
:10CD100010FA58BFF0EE476AB1F90020BDEEE67A8E
:10CD2000FDEEE77A17EE103A07EE102AB8EEC77A52
:10CD3000F8EEE76A37EE067A37EE667ABCEEC77A27
:10CD400017EE102A92B2009217EE902A9B1AFAF769
:10CD500013FE05B05DF804FB00000000000000CFEA
:10CD60000000004F19A101082DE9F04F012185B005
:10CD70000846FAF729FFA44BA44C1E7893F90050FB
:10CD8000DFF8E89206F105085FFA88F8002D51D126
:10CD900094F90030002B40D09D4B1B785BB194F987
:10CDA00000009C4A71420423B0FA80F00093C9B29B
:10CDB0004009FAF7A1FA984B984F1B783B70052D64
:10CDC00040F08381964B4FF0000A83F800A094F95D
:10CDD0000030052B00F04E818D4B1B78A3B194F9E8
:10CDE00000A03878AAF1050EDEF1000A4AEB0E0A1F
:10CDF00001F044F80022C6F1050103460092C9B2D1
:10CE0000884A5046FAF7A8FA0135EBB298456DB258
:10CE1000BCD1854B08221A7009E000F05DFA0028A9
:10CE2000BAD0FAF73BFE814B1B78002BB4D005B08B
:10CE3000BDE8F08F012D27D0022D54D0032D00F036
:10CE40009580042DB7D194F90030042B00F0C580F3
:10CE50006F4B1B78002BAED094F90070744BA7F188
:10CE6000040ADAF10007B3F9080047EB0A0701F0FA
:10CE7000ADF8C6F10401002203460092C9B26D4A22
:10CE80003846FAF769FA96E794F90030012B17D083
:10CE90005F4B1B78002B8ED094F90070B9F900001D
:10CEA0007A1E5742574101F091F8C6F10101002264
:10CEB00003460092C9B2604A3846FAF74DFA7AE75B
:10CEC00000F00AFA0028E3D00023CDE900335A48E5
:10CED00040F2E7330A224946FFF7F6FE534B1B7830
:10CEE000002BD5D0A3E794F90030022B19D0484B82
:10CEF0001B78002B3FF45FAF94F90070BB1E5F42BC
:10CF00005F414E4B93ED000AFBF786F8C6F1020134
:10CF1000002203460092C9B2494A3846FAF71CFA81
:10CF200049E700F0D9F90028E1D044499FED457A5E
:10CF3000D1ED006ADFED447A444A4148E6EE877A53
:10CF40000023CDE9023377EE877A414B0193FCEE63
:10CF5000E77A17EE903A9BB200934FF4FA63FAF730
:10CF60000BFD324B1B78002BC1D060E794F90030E9
:10CF7000032B1CD0264B1B78002B3FF41CAF94F9DD
:10CF80000070344BA7F1030BDBF10007B3F9080085
:10CF900047EB0B0701F01AF8C6F103010022034624
:10CFA0000092C9B22C4A3846FAF7D6F903E700F0E6
:10CFB00093F90028DED0012000F084F9274B00937C
:10CFC00000224FF48273264923480192FFF77CFE2A
:10CFD000164B1B78002BCDD029E700F07DF90028F7
:10CFE0003FF436AF012000F06DF91E4B0093002294
:10CFF0008C231D490F480192FFF766FE0B4B1B78EF
:10D00000002B3FF425AF12E7D14D0020D04D00207A
:10D0100055020020DAF502086C570020CC4D0020A4
:10D02000A84D0020BCF502081D4E00203E4E0020F9
:10D0300054570020D1F50208E5F50208C848002041
:10D04000DFF5020800007A440000000018FCFFFF32
:10D050002D7E010804570020B5F5020801CC010817
:10D060000C570020553F02085C570020700200203A
:10D07000C9C8C83E00F030F900283FF4ADAE012029
:10D0800000F020F93B785FED066A4248CDF80CA02D
:10D0900007EE103AB8EE477AF6EE007AE7EE267A17
:10D0A0003D4B02933D4B0193FCEEE77A524617EE5F
:10D0B000903A9BB2009339466423FAF75DFC384BF3
:10D0C0001B78002B3FF488AEB1E6062D1BD0072D50
:10D0D0007FF49AAE94F90030072B49D0314B1B787E
:10D0E000002B3FF491AE94F900002F4AC71FC6F100
:10D0F0000701032378420093C9B24FF03E03784101
:10D10000FAF7FAF880E694F90030062B1CD0254B8C
:10D110001B78002B3FF478AE94F90070234BA7F1F5
:10D12000060CDCF10007B3F9000047EB0C0700F038
:10D130004DFFC6F10601002203460092C9B21C4A07
:10D140003846FAF709F95FE600F0C6F80028DED0A5
:10D1500000230193174B00931449154840F2E7331D
:10D160000A22FFF7B1FD0E4B1B78002BCFD05EE6F5
:10D1700000F0B2F80028B1D0FAF7D8FB00231A4625
:10D1800019460D48FAF740FC054B1B78002BA5D03B
:10D190004DE600BFBCF5020889C50108F9A00108E9
:10D1A0003E4E002055020020C6F50208A0020020D5
:10D1B000D5F5020809CC0108D9CB01080368002283
:10D1C0001A7041680B7801330B704368197801318C
:10D1D00001EB4101890001F0FC011046F9F720B88C
:10D1E000224A002310B51370214A1178137041B1FF
:10D1F00020481A461946FAF707FCBDE81040F9F72F
:10D200005FBF1D4C1D48B4F900200168642A01EB82
:10D2100002039BB211D109B2062909DD063B1BB2FC
:10D22000092B20DD40F2E7318B42A8BF0B4610E00E
:10D2300006310DDA06331BB2F2E7632A1BB203DCB8
:10D24000642BA8BF6423EBE7642BB8BF6423E7E734
:10D2500013469A421CBF23800023BDE8104018BF2C
:10D260000360F9F765B80A23F3E700BF904E00208A
:10D27000364E0020F1B20108700200206C4E0020F2
:10D28000054B1B78C3F3C0001B0704D5034BD878AC
:10D29000003818BF01207047B45B0020945B002069
:10D2A000014B53F82000704770F6020803480378DA
:10D2B0000BB903487047002343547047C8590020F6
:10D2C0002C5C0020024B1870024B00221A60704741
:10D2D000904E00208C4E0020024B002218781A70CD
:10D2E000704700BF364E00202DE9FF4715460A78EB
:10D2F0009DF8308006460078013202EB420200EBD6
:10D300004000920040000C4600F0FE0002F0FC01DC
:10D310001F46F8F785FF002D5ED0CDE90264B8F115
:10D32000000F53D1284601AA3946FAF79EF905465F
:10D330000198002850D04FF6FF71F8F779FF337845
:10D340000133DBB2142B3370ECD902A8FFF736FFA0
:10D35000E8E70024A846284601AA3946FAF785F9E5
:10D36000DDF804900546B9F1000F09D0B9F1200F9E
:10D370003BD0A9F12D03012B02D9B9F12B0F2ED1EE
:10D3800033781A19152A04DD042B02D902A8FFF7F5
:10D3900015FF3378B9F1000F18BF01345FFA84FA32
:10D3A00053FA84F43470BAF1000F12D0394601AA4E
:10D3B0004046FAF75AF90AF1FF3A80464FF6FF71F4
:10D3C00001985FFA8AFAF8F733FFECE7A8460024E1
:10D3D000C1E7B9F1000FBCD104B0BDE8F08701345A
:10D3E000E4B2B8F1000FB6D1B4E7002CC8D1B8F15F
:10D3F000000FAED008F10108ADE700002DE9FF41B4
:10D40000154607460E46FAF7E5F94FF000080446C0
:10D4100028460DB1FAF7DEF98DF80E808DF80F80F1
:10D420006EB92318152B0ADCC4F115031C1A04EB82
:10D43000D474641001238DF80E408DF80F30012351
:10D4400000933A46154B0DF10F010DF10E00FFF759
:10D450004BFFA6B19DF80E303BB100238DF80E3086
:10D460009DF80F3001338DF80F30002300933246C2
:10D470000B4B0DF10F010DF10E00FFF735FF4DB114
:10D48000002300932A46054B0DF10F010DF10E000C
:10D49000FFF72AFF04B0BDE8F08100BF0D76010858
:10D4A0000976010808B5EEF761F808490B68C31A58
:10D4B000002B074B05DB1A7800F2B630D2431A7006
:10D4C00008601878003818BF012008BD984E002069
:10D4D0009C4E00200F4B032210B51A7010B10E4B5A
:10D4E00000221A70EEF742F80C4B00F5FA70186043
:10D4F00041F28831022000F033FC0624013C14F094
:10D50000FF0405D000F0E2FB0220EEF731F8F5E76A
:10D5100010BD00BF55020020914E0020844E002017
:10D520001FB5174C2378FF2B28D0EEF71FF8154BAB
:10D530001B68C01A002821DB134B144A1B78127891
:10D54000013303F00F039A4218D022789FED100A9E
:10D55000032A97BF0F4B104B03EB82031B68039307
:10D560000023019303AB00930C4B1A1FA3F1080196
:10D57000A3F10C0003F062FCFF23237004B010BD84
:10D5800054020020304E0020A2550020A355002058
:10D5900000000000F8F502080000054368020020C2
:10D5A00010B50446EDF7E2FF084BDFED097A93ED85
:10D5B000007AB4EEE77AF1EE10FA4CBF0023FA23BA
:10D5C0001844044B1860044B1C7010BD500200201E
:10D5D000A4707D3F304E00205402002038B5EDF796
:10D5E000C5FF324B324C1B68C01A00282EDB314974
:10D5F000314AB1F92800C0F3031300F00F0052F8CC
:10D6000023301B69C340B1F92600B1F95A10C0F3A9
:10D61000031500F00F0052F825502D6925FA00F08F
:10D62000C007C1F303106FEA030352F82020126908
:10D6300001F00F0103F0010322FA01F158BF43F09A
:10D640000203C90758BF43F00403237023781B4922
:10D65000227803F0010392070A7848BF43F00203DF
:10D660009A420AD0022B09D0032B10D0012B18D0DC
:10D67000012A10D0022A04D00B7038BD5AB1032AF7
:10D68000FAD10F480278013A52B20270F4E7012A47
:10D69000F7D0022AF0D10A480278013252B2027061
:10D6A000EAE7002AEDD0032AE6D1F4E7844E002011
:10D6B000914E002078D0020878480020924E002039
:10D6C0009D4E002008B5F9F7FBFC02211420EDF770
:10D6D000DDFE02211320EDF7D9FE02212D20EDF70A
:10D6E000D5FEFFF77BFF024B00221A7008BD00BF7A
:10D6F0009D4E00202DE9F041EDF738FF0446FFF77D
:10D700000FFFFFF76BFF964B964A1B7813F004034D
:10D7100059D0117849B901201070934A934D13786C
:10D72000117043402B70FFF7D5FE914B914D1A6855
:10D73000A21A002A03DA2A78002A00F0F8808E491B
:10D7400004F164021A600B788C4A0E7810785BB290
:10D75000002BB8BF5B428642DBB236D1022B34D8F5
:10D76000002008700878864E1070042B3AD87F4B42
:10D770001B78002B6ED1834F834B3A689A429846B0
:10D7800005D1824A1378002B72D0013B137003F04D
:10D7900057FC33784010002B74D12A78002A40F0CF
:10D7A000DB803B68434500F0C480794B1B78002B3D
:10D7B00040F0BF80774B1868241A002CC0F2BE805E
:10D7C000FAF764F9BAE01370AFE7D81E0128C9D898
:10D7D0000B7813F0800F14BF6FF0040305230B7058
:10D7E0000523BFE76C4A1278002A3FD06B480268D5
:10D7F000002A37D007EE903AF8EE677AB1EE047A55
:10D80000C7EE876AA21A07EE902AF8EE677A86EECC
:10D81000A77ADFED637A67EE277A9FED627AF4EEFE
:10D82000C77AF1EE10FA1FDAB3EE0E7AF4EEC77A89
:10D83000F1EE10FAACBF0A23012304600A785A48BB
:10D8400052B25343052293FBF2F302681344036080
:10D8500000230B704F4A04F56A53183313600123F9
:10D86000337088E70123E8E76423E6E70123E5E76F
:10D870000C2313704D4A13880BB1013B1380012315
:10D88000337084E720B1494A128880B2824288D23C
:10D890002A78D2B9032B04D8012B05D90123337080
:10D8A00002E0042B00D13270414890F856302BB979
:10D8B000012380F8563008300AF0A0FE3D480AF0F7
:10D8C000BEFE3D4A012313702B700320F9F77CFB49
:10D8D000384801210AF0DCFE3B689847364B0022AD
:10D8E0001A702B787BB9214B00221A703B68434594
:10D8F0007FF45BAFEDF73AFE2C4B1A88001B904289
:10D9000088BF18804DE72B480AF09CFE002814BF02
:10D91000012300232B70E6D03B68434507D1EDF788
:10D9200025FE224B1A88001B904200D91880BDE8C2
:10D93000F081184B04F56A5418341C602B78002BC6
:10D94000F5D13278012A05D0032AF0D1BDE8F041A3
:10D95000F9F728BC3370EAE70028B6D093E700BF98
:10D96000914E0020944E0020A8480020364E002002
:10D97000A04E00203D4E00209D4E0020934E0020E2
:10D9800055020020384E0020E1D101085602002047
:10D99000884E0020804E0020904E00208C4E0020AB
:10D9A00000007A440000A0426C4E0020964E0020F9
:10D9B000484D0020504D0020344E0020024B187876
:10D9C000003818BF012070473F4E002038B50E4B7D
:10D9D0001B780546BBB9EBF731F82B185C1B2A2CDA
:10D9E00008DD591E0B4601391A7802F0C002802A60
:10D9F000F8D0F3E7054BE4B22246294618460CF06E
:10DA0000EDFC0022025538BD354E00203F4E00206F
:10DA10000EB403B5084B1A78824207D81870039ADF
:10DA2000064804AB2A2101930DF0D6FC02B05DF844
:10DA300004EB03B0704700BF354E00203F4E00207E
:10DA400007B501900091FFF73DFEDDE90032054981
:10DA50000120FFF7DDFFFAF719F803B05DF804EBDA
:10DA6000F9F76EBBEBF50208002938B5114B0446F7
:10DA700013DB1A7891421BDB20461970EAF7DEFFB0
:10DA80002044051B2A2D0ADD421E1046013A037868
:10DA900003F0C003802BF8D0F3E70021ECE7064B3E
:10DAA000EDB22A46214618460CF098FC0022425559
:10DAB00038BD00BF354E00203F4E002008B5012183
:10DAC000FFF7D2FFBDE80840F9F7E0BF10B5044604
:10DAD000F2F79CF938B1114B1868BDE810404FF0CF
:10DAE000FF31FFF7C1BF0E4B1B785B070BD50D4B0A
:10DAF0000D4A1878BDE810400121002814BF1846CF
:10DB00001046FFF763BF094B1B78012B02D01CB9ED
:10DB10000748E2E70748E0E710BD00BF58020020D1
:10DB2000B45B0020C85900202C5C0020D44E00209B
:10DB300013F602082BF602080A4B0B4A10B5002414
:10DB40001C700A4B1C70137843F04003137000F0F4
:10DB50005DFE21460648FFF787FFBDE81040F9F754
:10DB600095BF00BFA8480020B45B0020240200201D
:10DB700052F6020808B50748F9F7FCFF064B0122E8
:10DB80001A70064B00211868FFF76EFF044B054A18
:10DB90001A6008BD08F60208884E002058020020CE
:10DBA000344B0020F2F5020808B50020FFF78EFF85
:10DBB000FFF766FB30B1054B1B785B075EBF044B7C
:10DBC000044A1A60BDE8084000F078BEB45B00204B
:10DBD000344B002030D6020810B50B4B1C7814F0E3
:10DBE0007F040ED1FFF74CFB58B1084B1B6843B1C3
:10DBF000074A64246333B3FBF4F31468B4FBF3F40F
:10DC0000E4B2204610BD00BF7C4E00203C5C0020EA
:10DC1000D85B0020884208B510D081B1012803D814
:10DC20000D480021FFF720FFF9F74AFA0B4B0322BA
:10DC30001A70EDF79BFC0A4B6430186008BD012890
:10DC4000F2D80848FFF710FF074B1B78002BEBD1E9
:10DC5000F9F71CFFE8E700BF60F602085502002054
:10DC6000A04E002044F60208884E002008B503F0BC
:10DC700017FDBDE808400120F9F7E6BF10B503F035
:10DC80000FFD03F07DFA044610B1002003F0C8FD3B
:10DC90002046F9F7D9FFBDE81040F9F7F7BE08B5FF
:10DCA00004F0D2FDBDE80840F9F7CEBF08B503F097
:10DCB00067FABDE80840F9F7C7BF0000014B024A08
:10DCC0001A607047384E0020E1D1010870B5EDF7B9
:10DCD0004DFC1F4A546815462CBB1E4B997809B35E
:10DCE0001A78DE78013201399970D1B28E421970FA
:10DCF00003EB820108BF1C7033F822304A882B8066
:10DD000018446A8068606AB1134B144AB3F95830FA
:10DD1000C3F3031103F00F0352F82110012202FA9A
:10DD200003F38B6170BD001B0028FBDB0A4B0B4922
:10DD3000B3F95830C3F3031003F00F0351F8200078
:10DD40001033012101FA03F3836100235360E9E7F3
:10DD5000A44E0020AC4E002078D002087848002065
:10DD600070B50E4C06460D46A278E1788A4204D181
:10DD7000FFF7ACFF06F0D8FBF6E76378013304EB5E
:10DD8000830024F82360DBB2994202F1010208BF4C
:10DD9000002345806370A27070BD00BFAC4E0020B0
:10DDA000034B00221A804FF480625A80704700BFF4
:10DDB000AC4E002070B50A4441F22105914212D0C8
:10DDC00011F8014B038883EA042308241EB25B0088
:10DDD000002E9BB204F1FF34B8BF6B4014F0FF0477
:10DDE000F4D10380EAE770BD1FB5204B01930128F1
:10DDF0001F4B02930C461BD002281E4B91ED027A5A
:10DE0000DFED1D6A22D0D3ED027AB0EE006A77EE24
:10DE1000867AF4EE667AF1EE10FAC8BFF0EE667A12
:10DE2000B4EEE77AF1EE10FAC8BFF0EE477A18E0E8
:10DE300002A904F1080001F05DF801AA211D2046A5
:10DE400001F03CF800F044FF04B010BDD3ED027ABD
:10DE500077EE877AF4EEE67AF1EE10FA58BFF0EE3C
:10DE6000667ACDED037A02A903A8E4E70000C84270
:10DE70000000A0405C02002000007A436423584365
:10DE800000F17F02FF23B2FBF3F2D1B2642A104A01
:10DE90000CBF3123202310B5D37040F6761398427F
:10DEA000C1BF0A20B1FBF0F4B4FBF0F300FB134355
:10DEB000C6BF3033DBB220230A201371B1FBF0F36D
:10DEC00000FB13133033537125239371014810BDA8
:10DED000C04E0020C34E002042F20F73984288BF0C
:10DEE00042F21073204A83BFB0FBF3F33033DBB24E
:10DEF0002023B0F57A7F10B5937021BF0A244FF428
:10DF00007A73B0FBF3F1B1FBF4F323BF04FB1313FB
:10DF10003033DBB220236328D37081BF0A2464230B
:10DF2000B0FBF3F1B1FBF4F383BF04FB1313303305
:10DF3000DBB22023092888BF0A21137181BFB0FBFF
:10DF4000F1F4B4FBF1F301FB134330338CBFDBB2CC
:10DF500020230A215371B0FBF1F301FB1300303091
:10DF60009071024810BD00BFC04E0020C24E00207C
:10DF7000632881BF64230A21B0FBF3F2B2FBF1F303
:10DF800083BF01FB13233033DBB220230D4A092862
:10DF900088BF0A2110B588BFB0FBF1F4137181BFAF
:10DFA000B4FBF1F301FB13433033DBB298BF202302
:10DFB0000A215371B0FBF1F301FB13003030907173
:10DFC000014810BDC04E0020C44E0020002810B5EE
:10DFD00025DB632826DD0A21642390FBF3F2B2FBE4
:10DFE000F1F301FB13233033DBB209280E4AC8BF1B
:10DFF0000A211371C1BFB0FBF1F4B4FBF1F301FBD3
:10E0000013433033CCBFDBB220230A215371B0FB62
:10E01000F1F301FB130030309071044810BD404211
:10E020002D23E2E72023E0E7C04E0020C44E00206D
:10E03000002810B52B4B024615DA12F1630FC0F120
:10E04000000041DA2D220A21DA706422B0FBF2F4DA
:10E05000B4FBF1F201FB124230321A71B0FBF1F461
:10E06000B4FBF1F21AE0B0F57A7F2BDB0A224FF411
:10E070007A7190FBF1F4B4FBF2F102FB1141303103
:10E08000D970642190FBF1F4B4FBF2F102FB114171
:10E090003031197190FBF2F4B4FBF2F101FB124242
:10E0A00030320A215A71B0FBF1F201FB120030301C
:10E0B00098710D4810BD2022C5E7002AB4BF2D225B
:10E0C0002022EEE76328F6DC20210928D970197197
:10E0D000F3DD002AB4BF2D220A461A710A22B0FBD2
:10E0E000F2F2DDE7C04E0020C34E002010B52DED4A
:10E0F000028B90ED008AF2EE047A68EE277A17EE32
:10E10000900AEAF7E1F8264B0022EAF735F9B5EE76
:10E11000C08AF1EE10FA54BF224B234B0022E9F7DC
:10E1200075FF224B0022EAF751FAEAF7D5FB0028E7
:10E1300032DB0A2142F2107390FBF3F2B2FBF1F3EF
:10E1400001FB13233033DBB2194A53700A234FF417
:10E150007A71B0FBF1F4B4FBF3F103FB1141303100
:10E1600091706421B0FBF1F4B4FBF3F103FB1141B6
:10E170003031D1702E211171B0FBF3F103FB11008E
:10E18000B1FBF3F403FB141430303034907154714C
:10E19000BDEC028B501C10BD40422D23D4E700BFC4
:10E1A0000000594000001440000014C0000024404A
:10E1B000C04E002010B52DED028B90ED008AFAEED6
:10E1C000047AB4EEE78AF1EE10FA06D9DFED317A7F
:10E1D000B4EEE78AF1EE10FA05DBBDEC028BBDE888
:10E1E0001040FFF783BFF2EE048A68EE287A17EE3C
:10E1F000900AEAF769F8284B0022EAF7BDF8B5EE75
:10E20000C08AF1EE10FA54BF244B254B0022E9F7E7
:10E21000FDFE244B0022EAF7D9F9EAF75DFBB5EEE3
:10E22000C08AF1EE10FA04DBB4EEE88AF1EE10FADF
:10E230002DD4002828DB0A214FF47A7390FBF3F2E7
:10E24000B2FBF1F301FB13233033DBB2164A0A2190
:10E250009370642390FBF3F494FBF1F301FB1343FD
:10E260003033D3702E23137190FBF1F393FBF1F451
:10E2700001FB143401FB13033034303354719371B8
:10E28000BDEC028B901C10BD40422D23DEE7202305
:10E29000DCE700BF0000C842000059400000144005
:10E2A000000014C000002440C04E002010B52DED29
:10E2B000028B90ED008AF2EE047A68EE277A17EE70
:10E2C000900AEAF701F82A4B0022EAF755F8B5EE72
:10E2D000C08AF1EE10FA54BF264B274B0022E9F713
:10E2E00095FE264B0022EAF771F9EAF7F5FA031ECC
:10E2F0003ADB0A20224993FBF1F1B1FBF0F200FB7B
:10E3000012123032D2B21F4802700A2242F2107149
:10E31000B3FBF1F4B4FBF2F102FB11413031417077
:10E320004FF47A71B3FBF1F4B4FBF2F102FB11414B
:10E33000303181702E21C1706421B3FBF1F4B4FB44
:10E34000F2F102FB114130310171B3FBF2F102FB3A
:10E350001133B1FBF2F402FB141430343033447146
:10E360008371BDEC028B10BD5B422D22CBE700BF59
:10E3700000408F4000001440000014C00000244002
:10E38000A0860100C04E002010B52DED028B90ED4F
:10E39000008AF2EE047A68EE277A17EE900AE9F71F
:10E3A00093FF214B0022E9F7E7FFB5EEC08AF1EEBB
:10E3B00010FA54BF1D4B1E4B0022E9F727FE1A4BE3
:10E3C0000022EAF703F9EAF787FA1A4A0028B4BFED
:10E3D0002D232B2353704FF00A03B8BF40424FF454
:10E3E0007A71B0FBF1F4B4FBF3F103FB114130316E
:10E3F00091706421B0FBF1F4B4FBF3F103FB114124
:10E400003031D170B0FBF3F1B1FBF3F403FB141422
:10E41000303403FB1100147130302E24907154718C
:10E42000BDEC028B501C10BD0000244000001440C5
:10E43000000014C0C04E002010B52DED028B90EDF1
:10E44000008AF2EE047A68EE277A0C4617EE900AFC
:10E45000E9F73AFF214B0022E9F78EFFB5EEC08ABB
:10E46000F1EE10FA54BF1E4B1E4B0022E9F7CEFD11
:10E470001D4B0022EAF7AAF8EAF72EFA00282AD064
:10E4800001DA40422D24194A0A2354704FF47A715C
:10E49000B0FBF1F4B4FBF3F103FB114130319170A7
:10E4A0002E21D1706421B0FBF1F4B4FBF3F103FB36
:10E4B000114130311171B0FBF3F103FB1100B1FBDD
:10E4C000F3F403FB14143030303490715471BDEC0C
:10E4D000028B501C10BD2024D5E700BF00408F40A8
:10E4E00000001440000014C000002440C04E002072
:10E4F00008B52DED028B90ED008AB5EEC08AF1EEE5
:10E5000010FA48BFB1EE488AF2EE047A68EE277A34
:10E5100017EE900AE9F7D8FEB5EEC08AF1EE10FAD0
:10E5200054BF094B094B0022E9F770FD084B00224C
:10E53000EAF74CF8EAF7D0F9BDEC028B80B2BDE8FF
:10E540000840FFF7C9BC00BF00001440000014C021
:10E550000000244010B52DED028B90ED008AF2EE04
:10E56000047A68EE277A17EE900AE9F7ADFE264B9B
:10E570000022E9F701FFB5EEC08AF1EE10FA54BFB0
:10E58000224B234B0022E9F741FD224B0022EAF700
:10E590001DF8EAF7A1F9021E1F48B4BF2D232B2353
:10E5A00003704FF00A03B8BF524242F21071B2FB3F
:10E5B000F1F4B4FBF3F103FB1141303141704FF43E
:10E5C0007A71B2FBF1F4B4FBF3F103FB114130318A
:10E5D00081702E21C1706421B2FBF1F4B4FBF3F120
:10E5E00003FB114130310171B2FBF3F1B1FBF3F4E4
:10E5F00003FB141403FB1123303430334471837153
:10E60000BDEC028B10BD00BF00408F4000001440E5
:10E61000000014C000002440C04E002010B52DEDB5
:10E62000028B90ED008AB5EEC08AF1EE10FA48BF79
:10E63000B1EE488AF2EE047A68EE277A17EE900A75
:10E64000E9F742FE2D4B0022E9F796FEB5EEC08AAF
:10E65000F1EE10FA54BF2A4B2A4B0022E9F7D6FC00
:10E66000264B0022E9F7B2FFEAF736F9264A42F2D2
:10E670000F712023884213700ADD0A2442F21073BE
:10E6800090FBF3F1B1FBF4F304FB13133033DBB273
:10E69000B0F57A7F5370A1BF0A244FF47A7390FBD0
:10E6A000F3F1B1FBF4F3A3BF04FB13133033DBB27C
:10E6B000202363289370C1BF0A24642390FBF3F1E5
:10E6C000B1FBF4F3C4BF04FB131330334FF00A045F
:10E6D000CCBFDBB22023D37090FBF4F393FBF4F1B7
:10E6E00004FB1131303104FB1300117130302E2145
:10E6F00090715171BDEC028B034810BD00002440A5
:10E7000000001440000014C0C04E002010B52DEDD4
:10E71000028B90ED008AF2EE047A68EE277A17EE0B
:10E72000900AE9F7D1FD344B0022E9F725FEB5EE5A
:10E73000C08AF1EE10FA54BF304B314B0022E9F79A
:10E7400065FC00222F4BE9F741FFEAF7C5F82E4B95
:10E750000028B6BF2D22202240421A7042F20F72CA
:10E760009042C1BF42F210720A24B0FBF2F1B1FB39
:10E77000F4F2C3BF04FB12123032D2B22022B0F541
:10E780007A7F5A70A1BF0A244FF47A72B0FBF2F17B
:10E79000B1FBF4F2A3BF04FB12123032D2B220223A
:10E7A0009A700A226421B0FBF1F4B4FBF2F102FB8F
:10E7B00011413031B0FBF2F4D97002FB1400B4FB0C
:10E7C000F2F102FB1141CAB248B12E213032303091
:10E7D00019715A719871BDEC028B0B4810BD31B1A3
:10E7E0002E21303219715A7120229A71F3E72022BA
:10E7F0005A711A71F8E700BF000059400000144038
:10E80000000014C000002440C04E0020074A08B594
:10E810001378013B012B4FF0000005D81070ECF786
:10E82000A5FE034B1860012008BD00BFD44E002098
:10E83000CC4E0020074B10B51C78012C07D10222CA
:10E840001A70ECF793FE044B1860204610BD0020B0
:10E85000FCE700BFD44E0020CC4E0020044A002329
:10E860001370044A1360044A1360044A136070472B
:10E87000D44E0020D04E0020CC4E0020C84E0020A8
:10E8800008B50A4B1B78012B0CD1ECF76FFE084B37
:10E890001B68C01A4FF47A73B0FBF3F0054B1B688A
:10E8A000184408BD044B1868F1E700BFD44E00209F
:10E8B000D04E0020C84E0020CC4E002038B50B4D65
:10E8C0002A78012A10D0022A0BD1FFF7D9FF084B72
:10E8D000186001242C70ECF749FE064B18602046A6
:10E8E00038BDFFF7BBFFF4E70020F9E7D44E002066
:10E8F000C84E0020D04E0020024B1A78024B1A70EE
:10E90000704700BFD64E0020D74E0020054B197827
:10E9100001F0FF0211B100221A707047024811463F
:10E92000F1F7CEBAD84E0020F1F60208034B1B785F
:10E9300013B10220F1F7B0BE704700BFD74E0020E0
:10E94000024B1870024B1870FFF7F0BFD74E002033
:10E95000D64E002008B502210120ECF797FD0221D8
:10E960000020ECF793FD02210846ECF78FFDBDE88F
:10E9700008400020FFF7E4BF014B1870FFF7D6BF37
:10E98000D74E002038B53A4B1B78002B6FD0394951
:10E99000394AB1F90400394CC0F3031300F00F00F9
:10E9A00052F823301D69237825FA00F0C507B1F924
:10E9B0000200B1F90010C0F3031500F00F0052F887
:10E9C00025502D6925FA00F054BF43F0100303F0E1
:10E9D000EF03C007C1F3031001F00F0152F820202C
:10E9E000126922FA01F154BF43F0020303F0FD0360
:10E9F000CD07234D2A7854BF43F0040303F0FB03F3
:10EA0000D00723700DD51F4A107810F0010008D1EF
:10EA1000D90606D51C4A137843F01003137001F091
:10EA2000B3FB2B789A070ED5164B1B789B070AD59C
:10EA30002378980707D5144A1378012043F002037E
:10EA4000137001F0A1FB2B78590710D50D4B1B78E3
:10EA50005A070CD523785B0709D50B4A137843F086
:10EA600004031370BDE83840022001F08DBB38BDAF
:10EA7000D74E002078D0020878480020D54E0020DC
:10EA80007C560020D5560020D84E0020FFF77ABFD4
:10EA900010B504460846F1F76FFC0F48F1F76CFC1F
:10EAA0000E4B0F48002C08BF18460E4CF1F764FCC3
:10EAB00094F900203AB17F2A05D0BDE810400A48F9
:10EAC0000A21EAF7D9B809480A21EBF722F894F9A4
:10EAD0000030002BF1D110BD3FFC02088BF602087C
:10EAE00081F60208AA4800206C470020DC050020BF
:10EAF00038B51B4D1B481C4CF1F73EFCB5F9040022
:10EB00001A49C0F3031200F00F0354F822201069D1
:10EB1000D840C04300F00100FFF7BAFFB5F902008A
:10EB20001349C0F3031200F00F0354F822201069B8
:10EB3000D840C04300F00100FFF7AAFFB5F900007C
:10EB40000C49C0F3031200F00F0354F8222010699F
:10EB5000D840C043BDE8384000F00100FFF798BF3F
:10EB600078D0020890F6020878480020ACF6020837
:10EB7000B4F60208BCF60208F0B52E4B2E4C1978FC
:10EB80002278914285B044D022781A702378002BE5
:10EB90003FD0F1F713FC2948F1F7EEFB2378DE07AD
:10EBA00002D42378DD0636D5002001F0EFFA2448A0
:10EBB000F1F77AFC58252378980702D42378990630
:10EBC0002BD5012001F0E2FA1E48F1F76DFC592621
:10EBD00023785A0702D423785B0620D5022001F05F
:10EBE000D5FA1948F1F760FC5A27184C94F900201F
:10EBF000BAB17F2A15D016480A21EAF73DF820233A
:10EC0000CDE90173134A144900962B460020FEF704
:10EC1000FFFE05B0F0BD2025CDE72026D8E7202750
:10EC2000E3E70E480A21EAF774FF94F90030002B5D
:10EC3000E5D0E0E7D94E0020D84E0020C2F6020809
:10EC4000FAFB0208D1F60208D5F60208AA4800200D
:10EC50006C470020E8F60208D9F60208DC0500201F
:10EC600008B5164B90ED000AD3ED017A2DED048B1B
:10EC7000D0ED018A90ED028A90ED039A104878EE6B
:10EC8000A78AD3ED027A38EE278AD3ED007A30EEE8
:10EC9000270AF1F709FCB0EE680A0A48F1F704FC0C
:10ECA000B0EE480A0848F1F7FFFBB0EE490ABDECA8
:10ECB000048B0648BDE80840F1F7F6BB184F00206A
:10ECC00053D6020845D602084CD6020838D60208A8
:10ECD00008B50348FFF7C4FFBDE8084004F0BABD1B
:10ECE0005C02002008B50448FFF7BAFFBDE8084001
:10ECF000024804F07FBD00BF5C020020D055002018
:10ED0000034800F10C0300F10802011D02F000B9F4
:10ED10005C020020014802F011B900BF6802002027
:10ED200010B500202DED028B01F05AFA0120B0EE53
:10ED3000408A01F055FA064C022084ED008A84EDE9
:10ED4000010A01F04DFABDEC028B84ED020A10BD00
:10ED5000E44E0020F0B58DB00646FFF7E1FF00233A
:10ED60000B93194BD3F800C05F689C68CDF820C0A6
:10ED70000A9409970CAB13E90F0004AD85E80F0066
:10ED8000CDF810C00694059795E80F006C4684E80E
:10ED90000F00032001F024FA20468DED030A01F054
:10EDA000ADF90A4DFE2E17BF0CAB94E80F0005EB32
:10EDB000860503EB86060EBF85E80F0056F8303C4B
:10EDC0002B600DB0F0BD00BFE44E00205C020020BF
:10EDD00013B5084C9FED080A0023CDE9000304F1A8
:10EDE000080204F10C03211D204602F027F802B0AE
:10EDF00010BD00BF5C020020000000000A4AD0EDF8
:10EE0000006A92ED007AC6EE877A08B5074B08468D
:10EE100093ED037A77EE877AC3ED037AFFF7D8FF95
:10EE2000BDE8084001F0EEB9A80200205C02002015
:10EE300010B5D0ED007A1F4C2DED048BF5EE407A25
:10EE4000F1EE10FAB3EE047A18BFB0EE677A08BF9D
:10EE5000DFED197A82B0CDED017AD4ED027A8DED35
:10EE6000007AF4EEC17AF1EE10FAB0EE409AF0EECC
:10EE7000608AB0EE418A04D5684684ED021AFFF735
:10EE8000A7FF01A884ED009AC4ED018AFFF7A0FF57
:10EE9000D4ED027AF4EEC87AF1EE10FA04DD684699
:10EEA00084ED028AFFF794FF01F0ACF902B0BDECEB
:10EEB000048B10BD5C020020000005430346104691
:10EEC000044AD1ED000A92ED021A93ED000AFFF711
:10EED000AFBF00BF5C0200200A46011DFFF7EEBF76
:10EEE000034691ED001AD3ED010A93ED000A104696
:10EEF000FFF79EBF13B50A460549044603C96B4692
:10EF000083E8030021461846FFF7EAFF02B010BD70
:10EF10005C02002007B590ED007A22B319BB134ABA
:10EF2000D2ED027A77EE877A4BB9104B93ED027AE5
:10EF3000F4EE477AF1EE10FA48BFF0EE477A9FED13
:10EF40000C7A0C4B0193F4EEC77AF1EE10FA58BF2D
:10EF5000F0EE477A01A96846CDED007AFFF7CAFFC7
:10EF600003B05DF804FBDFED047ADBE75C02002010
:10EF700000007A430000A04100000000044B1A6822
:10EF8000044B1A60044B1A88044B1A80704700BF68
:10EF90006C020020DC4E002070020020E04E0020B9
:10EFA00008B5FFF7EBFF024B64221A8008BD00BFD3
:10EFB00070020020044B1A68044B1A60044B1A8834
:10EFC000044B1A80704700BFDC4E00206C0200200A
:10EFD000E04E002070020020064A074B02EB800240
:10EFE00003EB800312685A60044A02EB8002126845
:10EFF0001A61704780F702087402002074F7020853
:10F00000274B1A78002A49D0264A1278D10715D5FD
:10F01000D3ED017A90ED007AF4EEC77AF1EE10FAB2
:10F02000C8BFC0ED007AD3ED047A90ED007AF4EE1B
:10F03000C77AF1EE10FA48BFC0ED007A910715D5F6
:10F04000D3ED027A90ED017AF4EEC77AF1EE10FA80
:10F05000C8BFC0ED017AD3ED057A90ED017AF4EEE8
:10F06000C77AF1EE10FA48BFC0ED017A520715D504
:10F07000D3ED037A90ED027AF4EEC77AF1EE10FA4E
:10F08000C8BFC0ED027AD3ED067A90ED027AF4EEB5
:10F09000C77AF1EE10FA48BFC0ED027A704700BFA0
:10F0A00074020020E24E00202DE9F041614D074638
:10F0B0006148D5ED007A2DED068BD0ED009A90EDEC
:10F0C000018A90ED029AD0ED038A79EEE79AD5EDA8
:10F0D000017A38EE678AD5ED027AF5EE409A39EE7C
:10F0E000679AD5ED037AF1EE10FA78EEE78A86B0EA
:10F0F000B0EE40AA15D1B5EE408AF1EE10FA10D16B
:10F1000000239FED4E0ACDE9007300F1080200F1E3
:10F110000C03011D01F092FE06B0BDEC068BBDE8AC
:10F12000F08168EE087AE9EEA97AE9EE097AE8EE6C
:10F13000A87AB0EE670A09F0B9FFDFED417AB4EEC4
:10F14000E70AF1EE10FA0DD5F5EEC08AF1EE10FAED
:10F15000B4BFB1EE680AB0EE680AB4EEE70AF1EEA9
:10F1600010FAD9D4C0EE0A7A02AE4FF00008F7EEDA
:10F17000006AFCEEE77A17EE903A9CB2012C38BF99
:10F18000012407EE904AB8EE677A95E80F00C6EEC4
:10F19000877A86E80F0027EE80AA67EEA99A27EE05
:10F1A000888A27EE899A67EEA88AECF7DFF900F1E2
:10F1B000C805013CA4B26CB3ECF7D8F9431B002B93
:10F1C00034DB00F1C8050020F0F750FFDDED027AD6
:10F1D00077EEA97ACDE90078CDED027ADDED037AFC
:10F1E00077EE887AB0EE4A0ACDED037ADDED047A47
:10F1F00077EE897A05ABCDED047ADDED057A77EE11
:10F20000A87A04AA03A93046CDED057A01F016FECE
:10F210000028CED10023CDE900730A4BB0EE4A0A94
:10F220001A1FA3F10801A3F10C0073E705F07CF9A4
:10F23000CCE700BF5C020020F04E00200000000080
:10F24000BD378635FC4E00201FB51E4B9FED1E7A44
:10F25000D3ED007A1D4BB3F9003027EE877A07EE25
:10F26000903A1B4BF8EEE77A1B7867EE277A03A8F3
:10F27000CDED037A7BB1174BD3ED007AF5EE407AF2
:10F28000F1EE10FA18D0144B93ED027AF4EEC77A2F
:10F29000F1EE10FA10DC0023CDE900030F4B9FEDD7
:10F2A000100A1A1FA3F10801A3F10C0001F0C6FD1A
:10F2B000002005B05DF804FBB1EE040AFFF7F4FE90
:10F2C000F6E700BF6C0200200AD7233C7002002042
:10F2D000A05500208C550020F04E0020FC4E002050
:10F2E0000000000038B52E48FFF78AFE2D4B1B7832
:10F2F00013F00803044649D12B4D90ED037AD5ED68
:10F30000037AB4EE677AF1EE10FA3FD0274A12780A
:10F31000002A37D1264B2749D3ED017AB1F90010E5
:10F32000FDEEE77A013917EE903A1BB28B4205DA0F
:10F33000F1F744F82048F1F71FF8012295ED037A20
:10F34000D4ED037A1D4B77EEC77A93ED007AF5EE94
:10F35000C07AF1EE10FAB8BFF1EE677A67EE877AFD
:10F360009FED177AF4EEC77AF1EE10FA0CDDF1F7A3
:10F3700025F81448F1F700F8E3681348EB6001F052
:10F38000DDFD03E01A46D9E7002AF5D1FFF75CFF5F
:10F3900020B994E80F00044D85E80F0038BD00BF88
:10F3A000F04E0020A94800205C02002040570020B9
:10F3B00004570020BA020020FFF60208A80200202D
:10F3C000008022441AF70208FC4E00202DE9F84381
:10F3D000D0ED007A0E4C0F4E0F4DD4F80090B6F9D8
:10F3E00000802F68F5EE407A6423F1EE10FA338046
:10F3F0004FF07E5318BFC4ED007A2B60FFF772FF09
:10F40000C4F80090A6F800802F60BDE8F88300BF24
:10F410006C02002070020020A8020020C10705D560
:10F420000B4B1B78DA0748BF00F0FE00830705D5B9
:10F43000074B1B78990748BF00F0FD00420705D530
:10F44000034B1B785B0748BF00F0FB00704700BF11
:10F45000E24E0020B0B588B002AFFFF7DFFF38B34F
:10F46000194C1A4A1A4B1B4910F0010F08BF2246CB
:10F4700010F0020F08BF234610F0040F08BF21460A
:10F48000154C0091381D15490AF036FFF0F796FF2C
:10F4900094F900206D4672B17F2A0CD01048391DB6
:10F4A000EAF7B0F9381D0021FEF790FA0120AD46C9
:10F4B0001837BD46B0BD0B48391DEAF7A3F994F9DA
:10F4C0000030002BEED0E9E7FCD102085BF902081E
:10F4D00045D5020855FA0208AA4800208CF7020810
:10F4E0006C470020DC0500200B4B1B5C10B504466C
:10F4F0002BB9F0F763FF0948F0F73EFF0A230848ED
:10F5000007EE903A00EB8404F8EE677A94ED000A77
:10F5100080EE270A10BD00BF9EF7020839F70208E7
:10F52000A4F7020870B5F5EE400AF1EE10FA08BF34
:10F530002C4B4FEA80042DED048B04BF1B19D3ED37
:10F54000000A294BC5568AB0002D4FF00000D4BFE9
:10F5500000250125CDED040AB0EE408A00F040FE02
:10F560000120F0EE409A00F03BFE0220B0EE409AFF
:10F5700000F036FE0320F0EE408A00F031FE0AABC8
:10F580001C4400268DED090ACDED069A8DED079AF3
:10F59000CDED088A09AB08AA07A906A844F8106CA3
:10F5A00001F06CFC05AB04ED048A02930023019387
:10F5B00004AB009308AA09AB07A906A8059601F0B9
:10F5C000EDFB00F01FFEB5EEC08AF1EE10FACCBFE5
:10F5D00001230023AB4201D1FFF798F90AB0BDEC3B
:10F5E000048B70BDA4F7020836DA02080849094AFC
:10F5F000094B01EB800102EB8002D1ED007A92ED24
:10F60000007A77EE877A03EB8003C3ED007A7047C8
:10F61000004F00200C4F0020184F002010B40E4C5B
:10F620000123217883405BB2194321700B490C7888
:10F6300023430B700A490B4B5DF8044B01EB80012F
:10F6400003EB800309681960074B03EB800200237A
:10F650001360FFF7CBBF00BFE34E0020E24E002057
:10F660003CDA02085C0200200C4F002038B502286A
:10F670002DED028B04463CD81F4BDFED200AC3560C
:10F6800008EE103A1E4B03EB800393ED000AF7EEF1
:10F69000087A20EE270AB8EEC88A850020EE080A0C
:10F6A000FFF740FF174B2B44D3ED007A28EE278A53
:10F6B000B5EE408AF1EE10FA10D0DFED100AB1EE8F
:10F6C000480A2046FFF72EFF2046FFF70DFF204691
:10F6D000F0EE400A38EE080AFFF724FF2046FFF755
:10F6E0009DFFFFF70DFB084A084B2A442B44126884
:10F6F0001A60BDEC028B38BD36DA0208000000004B
:10F7000068F702085CF702085C020020F04E002057
:10F71000034B03EB800383ED000AFFF767BF00BFD5
:10F72000004F0020154B93ED007AB5EE407AF1EED4
:10F7300010FA1DD0D0ED007AB4EEE77AF1EE10FAAF
:10F7400019D90F4A0F4B92ED007AF4EE477AF1EE99
:10F7500010FA0AD0C2ED007A0B4AD2ED006AB7EE79
:10F76000007AA7EEE67A83ED007A93ED000A7047FF
:10F77000B7EE000A70479FED050A70478C550020D0
:10F78000284F002090020020A85500200000000013
:10F7900010B50020F0F796F9044610B10020F0F7FC
:10F7A00087F9204610BD0000D0ED006ADFED365A23
:10F7B00090ED016AF2EE047A36EEE77AF7B527EEBD
:10F7C000257A76EE677ABDEEC77A67EEA57A8DED7B
:10F7D000017A9DF904302D4CFDEEE77A83F30103A5
:10F7E00004EB8302CDED017A92ED007A9DF90420BD
:10F7F00082F3010204EB8205D5ED004A244D581C2A
:10F8000003EB43039F1805EB8707D7ED007A04EB62
:10F81000800700EB4000561CD7ED005A024405EB70
:10F82000820275EEC75A76EEC76A92ED007A37EE1D
:10F83000677A334487EE255A304405EB830305EBA2
:10F84000800004EB860493ED007A124BE5EE267AF5
:10F8500090ED005A93ED000A35EE475A36EE646A91
:10F8600085EE254AA4EE267AD4ED006A37EE677A53
:10F8700076EEE46AC7EE265A91ED007AE5EE867AD6
:10F88000A7EE270A03B0F0BD0AD7233CB0480020FA
:10F89000CC480020C84800200C4A0D490023C2E98A
:10F8A0000033C2E9023300220A60CA608A604A60FB
:10F8B00008490A60084A1370084A1370084A13700E
:10F8C000084A1370084A1370704700BFD0550020D3
:10F8D00090550020BC550020A3550020A2550020C3
:10F8E000A5550020A4550020BA55002010B51B4B8B
:10F8F0001B4A18781378C01A10F00F002BD0194942
:10F900000B780C4653B1022806D8013B13F0FF03D5
:10F9100002D00B70002010BD002323701478124910
:10F92000642304FB03106343CB5CDB07F2D40F4971
:10F93000046E0B681B1B0B6013780D49013303F039
:10F940000F030B7014780B4A13789C42E3D10B78A9
:10F95000DBB21370DFE7054B1860DCE7A25500202F
:10F96000A3550020BA550020484F0020B455002070
:10F97000A4550020A55500202DE9F843C66C91ED53
:10F98000000A07EE906A2DED048BB8EE678A0746F1
:10F9900028EE000A144609F037FAF0EE408A94ED9A
:10F9A000000A28EE000A09F02FFAFCEEE87ABD6D95
:10F9B00017EE908AFCEEC07AB8F1780F38BF4FF09E
:10F9C000780817EE909A07EE908AB8EE679A07EEDD
:10F9D000905AF8EEE78AB9F1780FF5EE408A38BF11
:10F9E0004FF07809F1EE10FA1DBF69EE497A38EE52
:10F9F000A87AE8EE087A9FED500A18BF87EE870ACA
:10FA000009F002FA6B42FCEEC07A17EE904A07EE5C
:10FA1000909AF8EE679A07EE903AF8EEE77AF5EEEC
:10FA2000407AF1EE10FA1DBF28EE488A77EEA77AE9
:10FA3000A9EEA98A9FED400A18BF88EE270A09F0AF
:10FA400071FABD6A2B1BFCEEC07A17EE901A591A98
:10FA500037D5F5EE408AF1EE10FA29EE099A38EE24
:10FA6000A88A66D007EE905AF8EE677AB0EE497A27
:10FA700097EE887AF1EE007AA9EEA97A68EEA77A75
:10FA800087EE270A09F0C0F9B5EEC00AF1EE10FAC8
:10FA9000D8BF9FED290AFCEEC07AB0EE490A17EEF6
:10FAA000904AAC4228BF2C4607EE904AF8EE677A9F
:10FAB000A7EE880A09F0FAFAFCEEC07A002117EEE8
:10FAC000906AA6EB080307EE903AF8EE677ADFED4E
:10FAD0001B6A87EEA87AA6EB09034FF0FF3527EEE5
:10FAE000267AFCEEC77A07EE103AB8EE477A17EEA0
:10FAF000902AC7EE287A67EEA67AFCEEE77A17EE30
:10FB0000903A0AB1B5FBF2F54FF0FF300BB1B0FB04
:10FB1000F3F0BDEC048BFC620C44C7E90E23C7E98B
:10FB200010503C63C7F850807E63C7F85490BDE81E
:10FB3000F8839FED010AA5E7000000000024F449C6
:10FB400010B504462DED028BA0B390ED038AD0EDE5
:10FB5000026AF4EE486AF1EE10FA03D151B30B7861
:10FB6000DA0727D523789B0713D4D4ED057AF1EE75
:10FB7000677A11B391ED027A94ED046A77EEA77A71
:10FB8000A6EE677AB4EEC78AF1EE10FA58BFB0EE6F
:10FB9000478AF4EE486AF1EE10FA0BD0237843F06E
:10FBA00001032370204603F03BF848B1237803F0AB
:10FBB000FE032370BDEC028B10BD9FED037ADBE7E3
:10FBC00084ED028AF6E700BF0BD7233B2DE9F8430B
:10FBD0001549164F0C783A780978013C914204F0A7
:10FBE0000F04D5B21ED0DFF8488000214FF0640921
:10FBF000AC4217D009FB04F318F803301B0705D4F7
:10FC000004FB09863046FFF79BFF3146013C04F0B8
:10FC10000F043B78AB42EBD0A54203D0013505F091
:10FC20000F05F6E7BDE8F883A2550020A555002092
:10FC3000484F002038B50C462DED028B154688B391
:10FC400003789B0723D491ED027A90ED028AB4EEFB
:10FC5000C78AF1EE10FA1AD5D0ED057AD0ED046A14
:10FC6000F1EE677A77EEA77AA6EEE78AB4EEC78A56
:10FC7000F1EE10FA0BD50B7843F001030B70084638
:10FC800002F0CEFF88B1237803F0FE03237094EDD9
:10FC9000027AD4ED037AB4EE677AF1EE10FA04BF7B
:10FCA000044B1D70BDEC028B38BD024B84ED028A03
:10FCB0001D70ECE7A55500202DE9F843144BDFF843
:10FCC00058901C78134FE4B200254FF0640899F85F
:10FCD0000030A34219D008FB04F3FB5C1B0712D4CD
:10FCE00004FB08764DB9224631462846FFF7A2FFAD
:10FCF000013404F00F043546E9E7284602F090FF8E
:10FD00000028F0D0F4E72E46F2E7BDE8F88300BF04
:10FD1000A5550020484F0020A25500202DE9F047AE
:10FD20002DED048B444B454A1E78454B1F7882B01D
:10FD3000F6B2FFB26421B74242D100259FED418A5D
:10FD4000DFF8F8802C464FF06409B7EE009ABE4207
:10FD500048D009FB06FA06FB098518F80A201107A6
:10FD600038D495ED020A09F0A1F9F0EE408A2CB3DF
:10FD70002378DA0703D418F80A30DB071ED5237876
:10FD800043F001032370204602F04AFF90B994ED3E
:10FD9000010A09F08BF9C9EE007A01AA69462046EA
:10FDA00028EE278A68EEA77A8DED008ACDED017ADC
:10FDB000FFF7E2FD237803F0FE0323702C460BE0EF
:10FDC0007B1E03F00F0301FB03F0105C0007B4D5AA
:10FDD0001F46B0E7F0EE488A013606F00F06B0EE97
:10FDE000688AB4E715B32B7843F001032B702046E3
:10FDF00002F016FFB0B995ED010A09F057F9B7EE18
:10FE0000007AC7EE007A01AA694628469FED0E7A6D
:10FE100028EE278A67EE877A8DED008ACDED017A8C
:10FE2000FFF7AAFD2B7803F0FE032B7002B0BDECA8
:10FE3000048BBDE8F08700BFA3550020484F002089
:10FE4000A255002000000000CDCC4C3D08B5084B69
:10FE5000084A1B781278013B03F00F039A4203D043
:10FE6000FFF7B4FEFFF728FFBDE80840FFF756BFD5
:10FE7000A2550020A55500202DE9F041494B1B78E3
:10FE80002DED028B002B00F08880474D474EB5F9D1
:10FE9000083096ED007A023307EE903AF8EEE77AF2
:10FEA000F4EEC77AF1EE10FA77D4414B9FED418A18
:10FEB0001C78DFF82081404FE4B298F80030A3426C
:10FEC00026D0642303FB04739A691AB9DA690AB964
:10FED0001B6ACBB1642303FB0473D3ED097A93ED62
:10FEE000010AB8EE677AD3ED0A7AF8EE677AC7EEC0
:10FEF000278A09F0DBF828EE800AB4EE480AF1EE12
:10FF000010FAC8BFB0EE408A013404F00F04D4E701
:10FF10002A4BD6ED007A93ED007A294BF0EE676A12
:10FF2000E8EE076AB0EE667AF4EEC77AF1EE10FA00
:10FF3000D3ED006A08DCB4EEE67AF1EE10FAD4BF35
:10FF4000F0EE477AF0EE667A1E4B93ED007AB4EE4F
:10FF5000E77AF1EE10FA09DDDFED1B6A27EE267A6B
:10FF6000DFED1A6AA7EEA67AF0EE477AC3ED007AC3
:10FF7000174BFDEEE77AB3F90630BDEC028BA3F127
:10FF80000F0217EE903A1BB29342A8BF13462B8183
:10FF90000020BDE8F04103F0BBBFBDEC028BBDE823
:10FFA000F08100BFA15500200457002098020020D6
:10FFB000A355002000000000484F00209C020020B4
:10FFC000940200202856002048E17A3F00D7A33C45
:10FFD000B0020020A255002037B5174B174D1978F5
:10FFE000174B1A7891421BBF1B78164A164B642197
:10FFF00016BF01FB03231C7893F85C40A4B1EBF718
:020000040802F0
:10000000B5FA2B685BB964302860FF24FF222046D4
:10001000009232230121E9F74DFEC4B205E0C01A77
:100020000028B8BFFF24F1E72C60084B1C7003B018
:10003000BDE83040FFF720BFA25500203C5600200D
:10004000A3550020484F00206C570020485700203F
:10005000174B1B78F7EE006A3BB3164BD3ED007AD3
:10006000F5EE407AF1EE10FA1FD0B6EE007A67EEA8
:10007000877A9FED117A67EEA77A67EE877A86EE28
:10008000A77A0E4B83ED007A0D4BDFED0E6AB3F9C4
:10009000003007EE903AF8EEE77A0B4B67EEA67A5F
:1000A00067EE877AC3ED007A7047B0EE667AE8E7CC
:1000B0004149002088550020DB0F4940B055002001
:1000C000A00200200AD7233CA80200200A4B1B787C
:1000D00013B5044673B10830FFF724FB01A920468D
:1000E0008DED010AFFF760FBD4ED027A37EE800A4E
:1000F00084ED020A02B010BDA05500200A4B1B7807
:1001000013B5044673B10830FFF70CFB01A9204674
:100110008DED010AFFF748FBD4ED027A37EEC00AF5
:1001200084ED020A02B010BDA055002008B5FFF70B
:100130002FFB0D4B0D4A1B78DBB213700C4A13706A
:100140000C4A13700C4B64221A700C4A0023136083
:100150000B4A4FF47A71118010B11846EFF718FC72
:10016000084B01221A7008BDA3550020A25500209B
:10017000A5550020A4550020BA550020B4550020F4
:10018000B8550020D456002003F0A0BA10B504469C
:1001900003F0B6FA07EE900A044800EB8400B8EECC
:1001A000E70AD0ED007A20EE270A10BD384F002074
:1001B00070B5084C084D094E22782B789A4205D12B
:1001C00033881BB9BDE87040EFF7DABD0020EFF7C8
:1001D0004DFFF1E7A2550020A3550020B85500209F
:1001E00010B5044603F046FA054B07EE900A03EB00
:1001F0008403B8EEE70AD3ED007A20EE270A10BD9B
:10020000384F002070B5074C074D084E22782B78E8
:100210009A4201D133881BB10020EFF727FFF5E7A1
:1002200070BD00BFA2550020A3550020B855002086
:100230002DE9F04FD04F15685668DFF884A3994632
:100240003B682DED0A8BED1A7B689046F61A926892
:10025000BB6895B0D31A04460193D8F80C00FB682C
:100260000291C31AB0EE408A4FEA890B40D0C34ACC
:100270001178B9B9C24AB2F900C0C24AD2ED017AC6
:10028000FDEEE77A0CF1FF3C17EE902A12B294458E
:1002900008DD0391F860F0F791F8BB48F0F76CF8CF
:1002A00003990B4607EE903A0AEB0B0292ED007AA7
:1002B000B64ADFEDB76AF8EEE77A67EE877A92ED35
:1002C000087AF5EEC07AF1EE10FA27EE267AB8BF7A
:1002D000F1EE677AB4EEE77AF1EE10FA08D5D8F8C5
:1002E0000C30FB60F0F76AF8AA48F0F745F80023F5
:1002F00007EE903ADA44F8EEE78ADAED007A0199EF
:1003000068EEA78AEA0F002EB8BF42F00202002969
:10031000B8BF42F00402F5EEC08A002BB8BF42F02D
:100320000802F1EE10FAB4BFF1EE687AF0EE687AE6
:10033000B6EE00BA77EE8B7A0023FCEEE77A2370F4
:1003400017EE90AA944B84F8482007EE905AF8EEE6
:10035000E79AD3ED007A019A69EEA79A07EE906AC0
:10036000B8EEE7AAD3ED017ACDED049A2AEE27AADA
:10037000DDED017A8DED05AAF8EEE7AAD3ED027A5C
:1003800085EAE5706AEEA7AAA0EBE570002AD3ED36
:10039000037ACDED06AA86EAE671B8BF5242A1EB18
:1003A000E6710528C4E9060168EEA78A226200F317
:1003B0006481052900F36181052A00F35E81F5EE71
:1003C000C08AF1EE10FA9FED757AB4BFF1EE687A4B
:1003D000F0EE687A77EE877AC4ED047AD4E90623E2
:1003E000216AC4F824A0934238BF13468B4238BF19
:1003F0000B46534538BF5346052BA36240F2218478
:10040000674B1B7884F85C3072B1664B664AB3F96F
:100410003C30C3F3031103F00F0352F821101033E3
:10042000012202FA03F38B61E36973B15D4B5E4A0B
:10043000B3F93630C3F3031103F00F0352F8211060
:100440001033012202FA03F38B61236A73B1554B17
:10045000554AB3F92230C3F3031103F00F0352F8E6
:1004600021101033012202FA03F38B61474DBAF1D8
:10047000000F40F0E88395ED119AB4EEC89AF1EEC2
:1004800010FA01DCB0EE489AD4ED047A474B9FEDA8
:1004900048CA93F80090474BB7EE008AC8EE27BAD7
:1004A0001B78A9EB030909F00F092BEE899A8CEE52
:1004B000090A08F07DFDA9F10203052B064615D8AF
:1004C0002B691B1A002B11DD5B00B3FBF9F307EE60
:1004D000903AF8EEE77AFDEEE77A17EE903A1E448E
:1004E00007EE906AF8EEE77A8CEE279AFFF750F95C
:1004F000314A266613683344136010B10020EFF7C9
:1005000047FAD4ED047AD4F828B069EE277A04AE1D
:1005100067EEA7CA07EE90BAB8EE67CAC4ED01CA83
:100520002CEE090A08F070FCBCEEC00A234884EDEA
:10053000130A08AA0323F7EE007AB6EC017AB0ECAE
:10054000016A27EE097AB5EEC07AF1EE10FAA2EC54
:10055000017AB8BFB1EE477AB4EEC76AF1EE10FA8D
:1005600030D5C6EE076AF4EE676AF1EE10FA48BFBE
:10057000F0EE667A26E000BFD055002040570020FC
:10058000BA02002004570020FFF60208E0550020C0
:10059000008022441AF70208384F002000000000B3
:1005A0006C57002078D0020878480020A25500201F
:1005B00000247449A4550020B4550020045600209E
:1005C000A8020020013B13F0FF03B6D128EE899A60
:1005D00095ED0C6AB5EEC09AF1EE10FAB4BFB1EE2B
:1005E000497AB0EE497AB4EEC76AF1EE10FA08D54E
:1005F000C6EE076AF4EE676AF1EE10FA48BFF0EE55
:10060000667AF4EEC87AF1EE10FA21D59DED087AFB
:1006100027EE277AB8EE400A8DED087A9DED097A2B
:1006200027EE277A20EE270A8DED097A9DED0A7ACA
:1006300029EE279A27EE277A67EEA77ABCEEC00A42
:1006400067EEAC7A8DED0A7A84ED130AC4ED017A77
:10065000D4E90623266A42EA030050EA06016BEE5B
:100660008CCA4DD195ED0E0A2CEE800A08F0CCFB19
:10067000FCEEC07A17EE90EA8EE0289BD3ED007A6C
:10068000F5EE407AF1EE10FA7FF4A6AE2AEE0A0AF1
:10069000A9EEA90AAAEEAA0A08F008FD84ED040A48
:1006A0009CE6013BDBB20B70B9F1000F13D1124B8A
:1006B0001249B3F94630C3F3031003F00F0351F8A6
:1006C00020001033012101FA03F38361202313700A
:1006D00095ED109AD1E6002BFAD1074B074AB3F9F2
:1006E0004630C3F3031103F00F0352F82110012227
:1006F00002FA03F38B61EBE778D002087848002018
:10070000BAF1000F00F0FE8195ED0D0A039320EE83
:100710002C0A019208F078FBD948019A0068039BE3
:10072000FCEEC07A834517EE90EA00F2EE815AB1F2
:10073000D4480068704507D200FB0BF00EFB02FCAA
:10074000844588BFB0FBF2FE5BB1CE4A5268724569
:1007500007D202FB0BF203FB0EF0904288BFB2FB04
:10076000F3FE5EB1C74B9B68734507D203FB0BF3E7
:1007700006FB0EF29A4288BFB3FBF6FE626A5AB1DC
:10078000C04BD968714507D201FB0BF10EFB02F398
:100790008B4201D9B1FBF2FE07EE90EAB8EE670A90
:1007A000C4F858E0C0EE2C7ACDED0C9AC4ED057A71
:1007B0008DED0DAACDED0EAACDED0F8ABAF1000F89
:1007C00000F025829FEDB00A0CAA0423F2EC017A16
:1007D000F5EE407AF1EE10FA03F1FF3318BFA7EE01
:1007E000A70A13F0FF03F1D108F060FCC8EE007A0D
:1007F00069EEA79A2AEE27AA6AEEA7AA68EEA78A48
:10080000CDED0C9A8DED0DAACDED0EAADFF8ACA2C0
:100810009E4ECDED0F8AB9F1000F00F00C829AEDDB
:10082000007ADFED9B7AB4EEE77AF1EE10FA00F190
:100830000282D6ED016A9DED0DAA96ED006ADDED0E
:100840000CAA96ED027ADDED0E9AD6ED03BADDED37
:100850000F7ADFED905A66EECA8AE6EE6A8AE7EE14
:10086000698AEBEEE78AF4EEE58AF1EE10FA00F31E
:10087000DF81DFED895A9FED840AF4EE658A7AEE16
:10088000C6AA3AEE66AA79EEC79A77EEEBBAF1EE0F
:1008900010FA10AA48BFF0EE658ACDED10AA8DEDD2
:1008A00011AACDED129ACDED13BA11464FF00409FD
:1008B000F1EC017AF5EE407AF1EE10FA09F1FF332E
:1008C00018BFA7EEA70A13F0FF09F1D1019208F0B3
:1008D000EDFBC8EE007A019A4B4667EEA99A67EEE7
:1008E000AAAA27EE8AAA67EEAB7ACDED129AD4EDCA
:1008F000059ACDED10AA8DED11AACDED137AF2EC8B
:10090000017AF5EE407AF1EE10FA1ED055F8231078
:10091000F5EEC07AF1EE10FA07EE101AB4BFF1EE60
:10092000676AF0EE676AB8EE477A66EEA96AF4EE97
:10093000C76AF1EE10FA08DDC7EE279AF5EEC09A05
:10094000F1EE10FAB8BFF1EE699A0133042BD6D15B
:1009500038EE680A20EE0B0A08F0A8FB4F4BD4EDE6
:10096000046A93ED007A29EE877AF4EEC86A27EEDE
:10097000007A38EE400AF1EE10FAC7EE007A4BD555
:100980009FED477AF4EEC78AF1EE10FA44D5F5EE02
:10099000C08AF1EE10FAB7EE007ABFEE006A58BFD7
:1009A000B0EE476A66EE288A9FED3E7AF4EEC78A7B
:1009B000F1EE10FA00F13A8138EE688A9FED3A7A4A
:1009C00028EE078ABCEEC88A18EE103A9BB2B3FA3A
:1009D00083F3113B1BB23549354A01EB830102EB2E
:1009E0008303D1ED005A93ED007AB5EEC06AA8EE0C
:1009F000A57AF1EE10FAC8BF9FED2E6A66EEA99AAD
:100A0000C8BF36EE477AC9EE876AF4EE667AF1EE31
:100A100010FAC8BFF0EE667A94ED017ADAED006A5A
:100A2000B4EEE67AF1EE10FA58BFB0EE667AB4EEA4
:100A3000E77AF1EE10FAD8BFF0EE477A94ED057A36
:100A4000DFED1D6A94ED046AC4ED037A0CAB0FCBA5
:100A5000B1EE477A37EE077AF0EE665AE6EE475A7D
:100A600086E80F00029BB0EE657A002B00F0E6806E
:100A7000F4EEE75AF1EE10FAD8BFF0EE657A1FE017
:100A8000244F0020C0550020000000002C560020FC
:100A9000BD378635EFFF7F3FEFFF7FBFAC550020AE
:100AA000F30435BF59D9003300000047F0F70208BE
:100AB000B0F70208DB0F49400BD7233BBC550020A1
:100AC000C4ED027AD4ED017A23788DED0B9AF4EE21
:100AD000C77AF1EE10FA94BF032201221343237068
:100AE00008AB0FCB5D4D85E80F006368CAF8003096
:100AF00098E80F0087E80F00012015B0BDEC0A8BC5
:100B0000BDE8F08F95ED0F0A00E6F2B1544909688F
:100B100071451AD207EE901A06EE90EAB8EE677A9F
:100B200007EE902AF8EE666AF8EE677A27EE0C7AFE
:100B300066EEA76AF4EEC76AF1EE10FAC2BF87EE5E
:100B4000270AFCEEC07A17EE90EAF3B1444A5268E5
:100B500072451AD207EE902A06EE90EAB8EE677A4E
:100B600007EE903AF8EE666AF8EE677A27EE0C7AAE
:100B700066EEA76AF4EEC76AF1EE10FAC2BF87EE1E
:100B8000270AFCEEC07A17EE90EAF6B1344B9B6868
:100B900073451AD207EE903A06EE90EAB8EE677AFD
:100BA00007EE906AF8EE666AF8EE677A27EE0C7A3E
:100BB00066EEA76AF4EEC76AF1EE10FAC2BF87EEDE
:100BC000270AFCEEC07A17EE90EA626A002A3FF428
:100BD000E3AD234BDB687345BFF4DEAD07EE903A1F
:100BE00007EE102A06EE90EAF8EE677AB8EE477A3A
:100BF000F8EE666A67EE8C7A66EE876AF4EEE76A6C
:100C0000F1EE10FA7FF7C8AD87EE870A30E569EE9E
:100C1000AB9A2AEE2BAA6AEEABAA68EEAB8ACDEDB0
:100C20000C9A8DED0DAACDED0EAAEFE50023D2E6CC
:100C3000DFED0C7AF0E6DFED0C7AFFE6F0EE667A97
:100C40003EE7002059E709490B780A46002B7FF45C
:100C500028ADB9F1000F3FF42AAD3EE590550020D4
:100C6000C05500200BD7233B00000000BB550020DF
:100C70002DE9FF479146214A128806460B46002A75
:100C800037D11F4D1F4FA8462C783878241AE443DB
:100C900014F00F0008D103938DED020AEFF7E6F987
:100CA0009DED020A039BEFE72C78174895F800C0EA
:100CB000CDF800904FF0640A324600210CFB0A0088
:100CC000FFF7B6FAE4B20646A8B12A783B789A4212
:100CD00008BF0E4B04F1010404F00F0408BF83F8B1
:100CE00000A088F80040FFF7B1F8304604B0BDE836
:100CF000F0870026F9E70126F7E700BFB855002086
:100D0000A2550020A3550020484F0020BA550020CE
:100D10002DE9F0471C4D1D4E2F4628783378C01A18
:100D2000C04310F00F0002D1EFF7A0F9F5E795F8F6
:100D30000080DFF864A028784FF06409C4B24A4606
:100D4000002100FB09A009F0D1F909FB04F30822F6
:100D50000AF803200AEB03040D4B0FCB183484E888
:100D60000F002A7833789A4208BF0A4B08F101082D
:100D700008F00F0808BF83F8009087F80080BDE8EE
:100D8000F0470020EEF704BEA2550020A355002036
:100D9000D0550020BA550020484F0020F0B51D4620
:100DA000224B1B8885B00F461646002B3BD1204CAA
:100DB00090ED000AD4ED057A20EE270A08F0F8F845
:100DC000D4ED067A97ED000A009020EE270A08F08D
:100DD000EFF8D4ED077A96ED000A019020EE270A8D
:100DE00008F0E6F8D4ED087A95ED000A029020EEBE
:100DF000270A08F0DDF80F4B03901B780C9A9DF83A
:100E00002C101B0744BF0C4BD8600A9B684693ED1F
:100E1000000AFFF72DFF044610B10020EEF7B8FDE1
:100E2000204605B0F0BD0024FAE700BFB855002009
:100E3000E0550020A9480020D055002000B58BB017
:100E40000068096812681B68069006A88DED050AFF
:100E5000079108920993FFF739F905AB02939DF8C2
:100E6000343001930C9B009308AA09AB07A906A88C
:100E7000FFF794FF0BB05DF804FB00002DE9F04193
:100E80001F4C90ED000AD4ED057A0E4620EE270A9D
:100E90001546984608F08CF8D4ED067A96ED000ACF
:100EA00020EE270A074608F083F8D4ED077A95ED7F
:100EB000000A20EE270A064608F07AF8D4ED087AF0
:100EC00098ED000A0F4C20EE270A054608F070F84E
:100ED0000D4B1A780D4B1B789A42C4E90076C4E991
:100EE000025003D0BDE8F041FFF712BF04F10C033C
:100EF00004F10802211D2046BDE8F04102F0C0BB0C
:100F0000E0550020D0550020A2550020A355002018
:100F10001FB50068096812681B6800906846019157
:100F200002920393FFF7D2F803AB02AA01A9684625
:100F3000FFF7A4FF05B05DF804FB000008B50D4BFA
:100F4000D0ED007A93ED080A20EE270A08F030F879
:100F5000094B0A491A780A4BC8601B789A4203D099
:100F6000BDE80840FFF7D4BEBDE808400C310320BF
:100F700002F0A0BBE0550020A2550020D055002073
:100F8000A355002010B51048104C01210022F0ECB0
:100F9000017AF8EE677A90ED047A67EE877A01328B
:100FA000FCEEE77AD2B217EE903A994238BF194672
:100FB000042AE4EC017AEAD1054A4FF0FF33B3FB8F
:100FC000F1F3136010BD00BFE0550020C0550020B4
:100FD000244F00200D490E4A08B5F7EE006A04239D
:100FE000B1EC017AC6EE877A013B13F0FF03E2EC25
:100FF000017AF5D1074B1A1FA3F10801A3F10C00E8
:10100000FFF786FFBDE80840FFF7BCBFF45500209E
:10101000384F002068020020BCEEC00A034B10EEDF
:10102000102A43F82020FFF7ADBF00BFE055002095
:10103000024B03EB800080ED090A7047E055002069
:10104000044B18684FF6FF73800A984228BF184671
:1010500080B27047B455002008B55320F0F700FA6D
:1010600020B1F0F793FA114B83ED000A4220F0F71C
:10107000F7F920B1F0F78AFA0D4B83ED000A46200C
:10108000F0F7B2F970B1F0F781FA0A4BB5EE400A09
:1010900083ED000AF1EE10FA074B14BF0122002283
:1010A0001A7008BD9FED050AEFE700BF9802002007
:1010B000940200209C020020A155002000000000A6
:1010C0000148FEF7E9BB00BF4056002010B5224C96
:1010D0002DED048B94ED009AD4ED018A94ED028AF3
:1010E000FFF750FFFEF7B4FF0020FEF77FFA002065
:1010F000FDF772FF0120FEF779FA0120FDF76CFF82
:101100000220FEF773FA0220FDF766FF134B002062
:1011100093ED000AEFF754FBFFF75CFFD4ED007A84
:10112000F4EE497AF1EE10FA0DD1D4ED017AF4EE35
:10113000687AF1EE10FA06D1D4ED027AB4EE678A3D
:10114000F1EE10FA05D0BDEC048BBDE81040FDF7C0
:10115000BFBDBDEC048B10BD5C02002044560020D6
:1011600008B540F29E23984206D0EFF72DF90348C8
:10117000EFF702F9012008BD0020FCE730F8020873
:101180002DE9F0412DED028BA2B04FF000080025B3
:10119000CDF80480ADF80250EEF776FB044650B966
:1011A000EFF70CF96448EFF7E7F8204622B0BDEC02
:1011B000028BBDE8F08101266A23604F029332461C
:1011C0000DF10203694602A83D70ADF802508DF89A
:1011D0000060EEF773FB5A490DF10203482202A8A2
:1011E000EEF76CFB574B0FCB07AC84E80F000DF10B
:1011F00002031022214602A8EEF760FB52490DF1CE
:101200000203042202A8EEF759FB50490DF1020334
:101210000C2202A8EEF752FBFF238DF81030324665
:101220000DF1020304A902A8EEF748FB0DF1020339
:101230000422214602A8CDF81C80EEF73FFB444B68
:101240001B68079304220DF10203214602A8EEF762
:1012500035FB03233F498DF810308DF81C300422F4
:101260000DF1020302A8EEF729FB0DF1020332464D
:1012700004A902A8EEF722FB0DF102033246214633
:1012800002A8EEF71BFB34490DF10203242202A849
:10129000EEF714FB0DF102030C22214602A8C4E96B
:1012A00001550795EEF70AFB0A25CDF80480013DAC
:1012B00015F0FF0508D004220DF102030DEB020129
:1012C00002A8EEF7FBFAF2E7032301220DEB02017D
:1012D0008DF801308DF80C3002A80DF10203656025
:1012E000CDE904550795EEF7E9FA0DF10203012265
:1012F00003A902A8EEF7E2FA082221460DF1020343
:101300000DEB0200EEF7DAFA08220DF1020304A950
:101310000DEB0200EEF7D2FA0A24CDF80480013C6E
:10132000A4B2DCB104220DF102030DEB020102A80C
:10133000EEF7C4FAF3E700BF48F80208425600206F
:10134000E055002068CB0208AC550020004F00207B
:101350008C550020C8480020CC480020FF238DF881
:101360001C3001220DF1020304A902A88DF81040DF
:10137000EEF7A4FA0DF10203012207A902A8EEF785
:101380009DFA1022214607A808F0B0FE0DF10203D5
:10139000102207A902A8EEF791FA0DF1020301222B
:1013A00007A902A88DF81C40EEF788FAAB499FED1B
:1013B000AC8AAC4E0DF102030C2202A8EEF77EFAC5
:1013C0004FF07E530A93A84B0B9493ED047ADA689E
:1013D0000792C7EE087A142207A902A807ADCDED3F
:1013E000087AD3ED057A67EE887A0DF10203CDED28
:1013F000097AEEF763FA1423ADF81C3002220DF1DE
:10140000020307A902A8EEF759FA984B93ED047A64
:10141000DA680792C7EE087A0C2207A902A8CDED78
:10142000087AD3ED057A27EE888A0DF102038DED57
:10143000098AEEF743FA0DF10203012207A902A877
:101440008DF81C40EEF73AFA894B1B88ADF81C303A
:1014500002220DF1020307A902A8EEF72FFA85492F
:101460000DF10203062202A8EEF728FA0DF102039D
:10147000012207A902A88DF81C40EEF71FFA0FCE33
:101480000FC596E80F0085E80F000DF1020320223A
:1014900007A902A8EEF712FA0DF10203012204A92E
:1014A00002A88DF81040EEF709FA73490DF1020316
:1014B000012202A8EEF702FA70490DF1020304229C
:1014C00002A8EEF7FBF904220DF102030DEB020175
:1014D00002A8CDF80480EEF7F1F92022214607A8F2
:1014E00008F004FE0DF10203202207A902A8EEF77E
:1014F000E5F964250323CDE90935CDE90B53CDE9A1
:101500000D331E23CDE90F33CDE91133CDE913336C
:1015100040220DF1020307A902A8CDE91544CDE947
:101520000755EEF7CBF91022214607A808F0DEFD9B
:101530000DF10203102207A902A8EEF7BFF910224D
:10154000214607A808F0D2FD0DF10203102207A9D9
:1015500002A8EEF7B3F904220DEB02010DF102032C
:1015600002A8CDF80480EEF7A9F90DF102030C22D0
:1015700007A902A8CDE907440994EEF79FF96C2268
:10158000214607A808F0B2FD0DF102036C2207A95D
:1015900002A8EEF793F93A490DF102030C2202A8D2
:1015A000EEF78CF9082237490DF102030DEB02002A
:1015B000EEF784F9344B03930C220DF1020304A9D6
:1015C00002A8CDE9044406948DF80140EEF776F9BF
:1015D00001220DEB02010DF1020302A8EEF76EF9F4
:1015E0000DF10203042203A902A8EEF767F93B7884
:1015F0004BBB029CBDF802302449ADF810300422E8
:101600000DF10203643C02A8A4B20295EEF756F96C
:101610000DF10203022204A902A8EEF74FF9EEF73A
:10162000CDFE1B482146EEF7F7FEBDF81010194815
:10163000EEF764FF1848EEF79FFE2046FFF790FD97
:101640003B7818433870EEF725F9397811B913480B
:10165000FCF70AFA3C7884F00104A6E5704E0020FD
:101660000AD7233E78CB02080457002054570020A5
:101670004C020020AAFB02084149002088550020A6
:101680002C4F00201C49002000004040E0FB0208D5
:1016900054F8020866F80208C8DC0208E4FB0208F5
:1016A0002F4B3048304970B5304D04241A4655F858
:1016B000046B43F8046B013C50F8046B1E6114F09A
:1016C000FF0451F8046B1E62F1D144F620631361EC
:1016D000274B5363274B9363274BD3630023136438
:1016E0005364264A26491160264A1360936053606A
:1016F000254A1360EFF7D8F8244BC8221A804622F7
:101700005A80F022DA8050229C801A815C81204B22
:10171000204ADA60204A1A61204A5A61204B214A45
:10172000DA60214A1A61FF20204A5A61F5F72EFC3F
:101730001F4B204A1C70204B20461A60FDF700F911
:1017400002F096F81D4B1E4A1A601E4A5A60FFF7B7
:10175000BDFCEEF733FEBDE870401B48EEF70CBE53
:10176000E0550020D0FB0208C0FB0208B0FB0208D5
:101770000000484400401C460000FA44AC550020DC
:101780006F12033D004F002044560020704E002091
:101790000457002000007441C0EC1E3E00D0BA4344
:1017A000545700200080B942F775204000FC0E45D8
:1017B000414900200000E03F885500201C490020DE
:1017C0000080224400800E4473F8020838B50D46AC
:1017D000144690B9EEF7F2FD0D48EEF7CDFD284620
:1017E000EEF7CAFD4CB10B4C94F9002032B17F2AC0
:1017F00004D009480A21EEF726FA38BD07480A2125
:10180000E8F787F994F90030002BF6D0F1E700BF34
:1018100096F80208AA4800206C470020DC0500204A
:101820002DE9F84F05462DED028B80F0010708B930
:10183000EEF7C4FDC948CA4CEEF79EFDC948EEF765
:101840009BFD94F90030002B00F0B0827F2B00F05C
:10185000AD82C5480A21EEF7F6F90DB9EEF7AEFDF7
:10186000C248EEF789FD94F90030002B00F0A88201
:101870007F2B00F0A582BC480A21EEF7E4F9BC4EAC
:10188000B5B9BC492A462846FFF7A0FF3378002B9C
:1018900000F0AA8294F90030002B00F09B827F2B8D
:1018A00000F09882B0480A21EEF7CDF9EEF786FDF8
:1018B0003178B148EEF7B0FDB04BB14893ED000A76
:1018C000EEF7F2FD94F90030002B00F091827F2BAF
:1018D00000F08E82A4480A21EEF7B5F90122A94949
:1018E0002846FFF773FF4FF0FF313846F0F77EFFD1
:1018F000A54901222846FFF769FF0DB9EEF75EFD05
:10190000A24EA34896ED090AEEF7CEFD96ED0A0A1F
:10191000A048EEF7C9FD96ED0B0A9F48EEF7C4FD0F
:1019200096ED0C0A9D48EEF7BFFD94F90030002BB0
:1019300000F068827F2B00F065828B480A21EEF769
:1019400082F9974901222846FFF740FF0DB9EEF7CB
:1019500035FDD6ED007A9348B8EE670AEEF7A4FDA0
:10196000D6ED017A8B48B8EE670AEEF79DFDD6ED0D
:10197000027A8948B8EE670AEEF796FDD6ED037A4B
:101980008648B8EE670AEEF78FFD94F90030002B19
:1019900000F042827F2B00F03F8273480A21EEF76D
:1019A00052F9814901222846FFF710FF0DB9EEF7E1
:1019B00005FD96ED0D0A7D48EEF776FD96ED0E0AD3
:1019C0007B48EEF771FD96ED0F0A7A48EEF76CFD55
:1019D00094F90030002B00F029827F2B00F0268242
:1019E00061480A21EEF72FF9734901222846FFF7D3
:1019F000EDFE0DB9EEF7E2FCD6ED047A6F48B8EED5
:101A0000670AEEF751FD96ED100A6D48EEF74CFDB2
:101A100096ED110A6748EEF747FD6A4B6A4893ED69
:101A2000000AEEF741FD94F90030002B00F0088227
:101A30007F2B00F005824C480A21EEF704F9634938
:101A400001222846FFF7C2FE0DB9EEF7B7FC604E43
:101A5000604896ED000AEEF727FD96ED010A4D4825
:101A6000EEF722FD96ED020A4B48EEF71DFD94F9C4
:101A70000030002B00F0EE817F2B00F0EB813A4824
:101A80000A21EEF7E0F8544901222846FFF79EFEAE
:101A90000DB9EEF793FC514B51481978EEF7BCFCA9
:101AA000504B3D4893ED000AEEF7FEFC94F90030F0
:101AB000002B00F0D9817F2B00F0D6812A480A2123
:101AC000EEF7C1F8EEF73CFE002800F0B280DFF838
:101AD0002491DFF8F4A0DFF8C0B00026C846002744
:101AE0000DB9EEF76BFC40483946EEF795FC3146F0
:101AF0005046EEF791FC5846EEF73EFC94F9003064
:101B0000002B00F0BB817F2B00F0B881D8F80000DB
:101B1000E6F7DAFB41EC100B13480521E7F7A0FFCD
:101B200094F90030002B00F0B9817F2B00F0B681D2
:101B30000D480A21EEF787F80137032F08F10C084A
:101B4000CED10136032E09F10409C7D10DB9EEF744
:101B500035FC2648264EEEF70FFC4DE099F80208BA
:101B6000AA480020B0F802086C470020B6F8020826
:101B700041490020D3F80208F1F8020888550020F6
:101B8000FAF80208FDF802080DF90208E0550020F5
:101B90002AF9020849D6020850D602083CD60208A3
:101BA00033F9020854F902085DF90208A6F902089F
:101BB00081D802083FD60208AFF9020803FA0208EA
:101BC000F7F80208AC5500200CFA02080FFA0208D8
:101BD000004F00201CFA020825FA0208A055002038
:101BE00038FA02088C55002041FA02084CFA020823
:101BF000C8480020CC48002094F90030002B00F0A9
:101C000057817F2B00F054813068E6F75DFB41EC93
:101C1000100BC4480521E7F723FF94F90030002B8F
:101C200000F055817F2B00F05281BE480A21EEF76B
:101C30000AF8BD49BD4EDFF84483DFF84493DFF86E
:101C400044A301222846FFF7C1FD00270DB9EEF796
:101C5000B5FB39464046EEF7DFFB31884846EEF7E4
:101C6000DBFB71885046EEF7D7FBB188B048EEF742
:101C7000D3FB94F90030002B00F035817F2B00F06E
:101C80003281A8480A21EDF7DEFF0636002F00F06A
:101C90002881A8493A462846FFF798FD0DB9EEF786
:101CA0008DFBA54EA54896ED030A9FEDA58AEEF79C
:101CB000FBFB96ED040AA34880EE080AEEF7F4FB5E
:101CC000A14896ED050A20EE080AEEF7EDFB94F91F
:101CD0000030002B00F011817F2B00F00E81914825
:101CE0000A21EDF7B0FF0DB9EEF768FB974E984863
:101CF00096ED030AEEF7D8FB96ED040A914880EEC4
:101D0000080AEEF7D1FB904896ED050A20EE080A86
:101D1000EEF7CAFB94F90030002B00F0F8807F2B1F
:101D200000F0F5807F480A21EDF78DFF89490122F7
:101D30002846FFF74BFD0DB9EEF740FB864B874871
:101D4000B3F90010EEF768FB94F90030002B00F0B7
:101D50001B817F2B00F0188172480A21EDF773FF79
:101D60007F4901222846FFF731FD0DB9EEF726FB2A
:101D70007C4D7D48EEF700FB95ED010A7B48EEF7C0
:101D800093FB95ED000A7A48EEF78EFB94F900304C
:101D9000002B00F003817F2B00F0008161480A21B5
:101DA000EDF751FFBDEC028BBDE8F88F71480A21B9
:101DB000E7F7AFFE94F90030002B3FF44EAD48E555
:101DC0006C480A21E7F7A5FE94F90030002B3FF498
:101DD00056AD50E567480A21E7F79BFE94F90030BD
:101DE000002B3FF463AD5DE56348EEF7C5FA5DE5B2
:101DF00060480A21E7F78DFE94F90030002B3FF48C
:101E00006DAD67E55B480A21E7F783FE94F9003082
:101E1000002B3FF496AD90E556480A21E7F779FE8E
:101E200094F90030002B3FF4BCADB6E551480A21CF
:101E3000E7F76FFE94F90030002B3FF4D5ADCFE506
:101E40004C480A21E7F765FE94F90030002B3FF477
:101E5000F6ADF0E547480A21E7F75BFE94F900305C
:101E6000002B3FF410AE0AE642480A21E7F751FE84
:101E700094F90030002B3FF425AE1FE6D8F800009F
:101E8000E6F722FA41EC100B3A480521E7F7E8FDA6
:101E900094F90030002B3FF443AE37E635480A2171
:101EA000E7F737FE94F90030002B3FF445AE3FE6EC
:101EB0003068E6F709FA41EC100B2E480521E7F7E8
:101EC000CFFD94F90030002B3FF4A7AE9CE62948E3
:101ED0000A21E7F71EFE94F90030002B3FF4A9AE6B
:101EE000A3E60127B2E623480A21E7F712FE94F998
:101EF0000030002B3FF4C9AEC3E61E480A21E7F7C5
:101F000008FE94F90030002B3FF4EDAEE7E61948E7
:101F10000A21E7F7FEFD94F90030002B3FF406AFED
:101F200000E700BF6C47002057FA0208704E0020FF
:101F30007FFA020882FA02080457002090FA020889
:101F40000AD7233E49FA0208FAF80208545700203B
:101F500099FA0208A2FA02084C020020B0FA02081C
:101F6000B9FA02081C490020D7FA0208A2DB0208CD
:101F7000DFFA0208DC050020E6F8020873FA02081E
:101F80007CFA020835D6020809480A21E7F7C1FDA4
:101F900094F90030002B3FF4E3AEDDE604480A215B
:101FA000E7F7B7FD94F90030002B3FF4FBAEF5E600
:101FB000DC0500202DE9F04FA5B002AF0023BB8067
:101FC000EDF762FC044648B9EEF7F8F9C348EEF7BE
:101FD000D3F920468C37BD46BDE8F08F6423012439
:101FE000BB6004223B1D07F10C01009407F10800BF
:101FF000EDF790FC0222B91D00943B1D07F108008B
:10200000EDF788FCB648032207F10C0108F0D4F97B
:1020100000B3FB7B0BB13F23BB81EEF7CFF9B14897
:1020200007F10C01EEF7D6F9AF48EEF7A5F9AF4B83
:1020300001221A70AE4B187828B9AE4B1B78012BD1
:1020400001D1FFF7EDFBEDF725FCA84B1C7884F0E0
:102050000104BEE74FF0000BB8802246C7F810B06D
:102060003B1D0094791C07F10800EDF753FC7D78C7
:102070009F4C0335AD00EB1DDB08EA46AAEBC3021B
:102080009546A2EBC302A2EBC30302AE95460DF147
:1020900008089D46237883F001032A4600933146C1
:1020A0003B1D07F10800EDF735FC2378924983F0DA
:1020B0000103009304223B1D07F10800EDF72AFC01
:1020C000237883F001032A46009341463B1D07F124
:1020D0000800EDF71FFC23780DF1080983F00103D8
:1020E00000932A463B1D494607F10800EDF712FC14
:1020F000237883F00105002B47D0804900953B1DD4
:10210000042207F10800EDF705FC23787C4983F0F1
:102110000103009304223B1D07F10800EDF7FAFBD1
:102120002378784983F00103009304223B1D07F1D3
:102130000800EDF7EFFB2378734983F00103009368
:1021400004223B1D07F10800EDF7E4FB23786F49FB
:1021500083F00103009304223B1D07F10800EDF713
:10216000D9FB05252378013D83F0010315F0FF0518
:1021700000934FF0040207F1040329D007F1100186
:1021800007F10800EDF7C6FBECE77A786049DFF865
:1021900098C1DFF898E102329A42ACBF56F82300AA
:1021A00042F210709A4241F8040BAABF08EB830078
:1021B0006046006808619A42A8BF09EB830003F1FA
:1021C0000103ACBF00687046042B0862E4D194E7B9
:1021D000504907F10800EDF79DFB23784E49D5469D
:1021E00083F0010300930C223B1D07F10800EDF77B
:1021F00091FB237883F00103009301223B1D07F13B
:10220000140107F10800EDF785FB237883F0010343
:10221000009304223B1D07F11C0107F10800EDF7B4
:1022200079FB23783D4983F00103009304223B1D91
:1022300007F10800EDF76EFB237883F00103012519
:10224000009304223B1D07F1100107F10800EDF790
:1022500061FB3B1D2A4607F11401009507F10800B8
:10226000EDF758FB3B1D00952A4607F11C0107F1CD
:102270000800EDF74FFB237813B9294A396911603B
:102280003A7D032A54D13A7F032A51D183F00103C6
:10229000009324493B1D242207F10800EDF73AFB87
:1022A000237883F0010300930C223B1D07F11C01EE
:1022B00007F10800EDF72EFB0A25013D15F0FF059B
:1022C0004FD0237883F00103009304223B1D07F1D4
:1022D000100107F10800EDF71DFBEEE748F80208D2
:1022E000E0FB0208E2FA020803FB02084256002063
:1022F00041560020A7480020F05500201456002029
:10230000185600201C56002020560020245600207D
:10231000E0550020AC550020004F0020445600201E
:10232000C8480020CC4800200080DE43000048421E
:102330000BB9EEF719FC3D7D3B7F4FF6FF765D4311
:10234000013D2378ADB2B54283F00103A8D00093DC
:1023500004223B1D07F1100107F10800EDF7DAFA3E
:10236000EEE701252A4600953B1DB91C07F1080040
:10237000EDF7D0FA2A4600953B1DF91C07F108003D
:10238000EDF7C8FA237808226B40009307F1140197
:102390003B1DB818EDF7BEFA237808226B40009376
:1023A00007F11C013B1DB818EDF7B4FABD78FB78B6
:1023B0004FF6FF765D432378013DADB283F0010314
:1023C000B542009307F1040307D0042207F110017E
:1023D00007F10800EDF79EFAEDE7012207F114017D
:1023E00007F10800EDF796FA237883F001030093D4
:1023F00001223B1D07F11C0107F10800EDF78AFAE5
:10240000237883F00103009310223B1D07F11C0188
:1024100007F10800EDF77EFA237883F001030093BB
:1024200001223B1D07F11C0107F10800EDF772FACC
:102430002378CA4983F0010300930C223B1D07F166
:102440000800EDF767FA237883F001030093142264
:102450003B1D07F11C0107F10800EDF75BFA23783B
:10246000BBB9D7ED077AF4EE677AF1EE10FA10D621
:10247000BB4A9FEDBC7AC2ED037AD7ED087AD7ED5F
:10248000096A67EE877AC2ED047AC6EE877AC2EDF2
:10249000057A83F00103009302223B1D07F11C0122
:1024A00007F10800EDF736FA237883F00103009373
:1024B0000C223B1D07F11C0107F10800EDF72AFA79
:1024C000237883F00102BBB9D7ED077AF4EE677A7F
:1024D000F1EE10FA10D6A44B9FEDA27AC3ED037A69
:1024E000D7ED087AD7ED096A67EE877AC3ED047AEB
:1024F000C6EE877AC3ED057A00923B1D012207F1F3
:102500001C0107F10800EDF705FA237883F00103B9
:10251000009302223B1D07F11C0107F10800EDF7B3
:10252000F9F923781BB9B7F91C00F4F72FFD002344
:10253000FB613B84237883F00103009306223B1D5B
:1025400007F11C0107F10800EDF7E4F9237883F0A7
:102550000103009301223B1D07F11C0107F1080054
:10256000EDF7D8F9237883F00103009320223B1D77
:1025700007F11C0107F10800EDF7CCF9237883F08F
:102580000103009301223B1D07F1140107F108002C
:10259000EDF7C0F9237883F00103009309223B1D76
:1025A00007F11C0107F10800EDF7B4F9237843B9EE
:1025B0006E4B3A7F1A706E4BD7F81D201A6001F0EF
:1025C00057F923786B4E83F00103009320223B1DC3
:1025D00007F11C0107F10800EDF79CF9237883F05F
:1025E0000103009340223B1D07F11C0107F1080085
:1025F000EDF790F9237883F00103009310223B1D3F
:1026000007F11C0107F10800EDF784F9237883F046
:102610000103009310223B1D07F11C0107F1080084
:10262000EDF778F9237883F00103042207F11C0108
:10263000009307F108003B1DEDF76CF94E48EDF7EC
:102640009BFE237883F001030C2207F11C01009309
:1026500007F108003B1DEDF75DF94848EDF78CFEEA
:10266000237883F0010300936C223B1D07F11C01CA
:1026700007F10800EDF74EF92378C7F81CB083F096
:102680000103C7F820B0C7F824B00C22009307F16B
:102690001C013B1D07F10800EDF73CF92378384990
:1026A000082283F001030093B8183B1DEDF732F9BF
:1026B000237883F0010300930C223B1D07F11C01DA
:1026C00007F10800EDF726F9237883F00103009362
:1026D00001223B1DF91C07F10800EDF71BF92378D7
:1026E00083F00103009304223B1D07F1140107F15D
:1026F0000800EDF70FF9B868643880B2FEF730FDD6
:102700003070002848D0EDF759FEB9681D481E4DBD
:102710006439EDF781FE1D4840F29E21EDF77CFE05
:1027200095F9002082B17F2A0ED019480A21EDF7D1
:102730008AFA2378002B7FF47DAC3378002B7FF46A
:1027400079ACFEF7C3FC75E412480A21E7F7E1F91A
:1027500095F90030002BECD0E7E700BF704E002069
:10276000045700200AD7233E545700204149002037
:10277000885500204256002011FB020823FB020866
:102780001C49002034FB0208AA4800203CFB020838
:102790006C470020DC050020BA88FB889A420FD0E5
:1027A00001233370EDF710FEF9881748EDF734FE7A
:1027B0001648B988EDF730FE1548EDF7DDFDB8E7AE
:1027C0002378002B7FF436AC124DEDF7F7FD95F929
:1027D000002082B17F2A0ED00F491048E7F703F896
:1027E000B9680F486439EDF717FE0E48B988EDF760
:1027F00085FE0D48E1E708490C48E6F7F4FF95F936
:102800000030002BECD0E7E744FB020864FB020831
:1028100069FB0208AA480020E0FB02086C47002080
:1028200079FB020866F80208C8DC0208DC05002013
:1028300010B5044C01232370FFF7BCFB0023237069
:1028400010BD00BF4156002010B5FFF7F1FF044650
:1028500018B1BDE81040FFF7ADBBFEF721FFFEF752
:102860008FFCEDF7ABFD0248EDF786FD204610BD6D
:1028700096FB02083E4B3F4A1B68B3FBF2F23C2337
:1028800053434FF47A72B3FBF2F39B08F0B503D0D5
:102890001A46013A00BFFCD13749384A3848157802
:1028A000B1F9382002F00F04C2F3031215F0010F42
:1028B00050F82270334A4FF001061FBF06FA04F4A5
:1028C000BC61FF24147002BF1034167006FA04F4C1
:1028D000B1F9246008BFBC6106F00F04C6F303160B
:1028E00015F0020F50F826704FF001061FBF06FAD0
:1028F00004F4BC61FF24547002BF1034567006FA11
:1029000004F4B1F9486008BFBC6106F00F04C6F3D7
:10291000031615F0040F50F826704FF001061BBF88
:1029200006FA04F4BC611034FF2409BF06FA04F46B
:1029300094709670BC61B1F90C4004F00F01C4F3BF
:10294000031415F0080F50F824404FF0010015BF94
:1029500000FA01F11031A16100FA01F119BFFF2164
:10296000D170A161D07013B1013B00BFFCD1F0BDAB
:10297000B801002040420F0078D00208D556002050
:10298000784800209D5600202DE9F74F944895493E
:1029900003780A689BB1002303706AB1924A0B6006
:1029A0001370924B924A1B781178994204D0137895
:1029B000013303F00F03137003B0BDE8F08F002A5A
:1029C000FAD08C498C4B8D480A681B680078DFF878
:1029D00044A2DFF844B29B1A834228BF0346D8B210
:1029E00013440B60019001215446DAF80000DBF833
:1029F000002000EB0208B8F1000FCAF800800CDBE1
:102A00007F48804A92F9005002682A4402607E4A58
:102A10001268A8EB0202CAF800206768DBF80420FD
:102A20001744002F67600ADB7548764A92F9015017
:102A300042682A444260744A1268BA1A6260A66800
:102A4000DBF808201644002EA6600ADB6C486D4AAD
:102A500092F9025082682A4482606B4A1268B21A64
:102A6000A260E568DBF80C201544002DE5600ADB68
:102A70006348644A92F903C0C2686244C260624A11
:102A80001268AA1AE260DFF8949121B9D9F800001F
:102A900008B1E6F705FDB8F1000F0DDB5B4A5C49B4
:102AA000B2F93A20C2F3031002F00F0251F82000ED
:102AB000012101FA02F28261002F0DDB534A5449D1
:102AC000B2F93420C2F3031002F00F0251F82000D3
:102AD000012101FA02F28261002E0DDB4B4A4C49C2
:102AE000B2F92020C2F3031002F00F0251F82000C7
:102AF000012101FA02F28261002D0DDB434A4449B3
:102B0000B2F90E20C2F3031002F00F0251F82000B8
:102B1000012101FA02F28261D9F8000010B100210E
:102B2000E6F7BEFCD9F8000010B10021E6F7B8FCCA
:102B3000B8F1000F0EDB354A3549B2F93A20C2F33D
:102B4000031002F00F0251F820001032012101FAA7
:102B500002F28261002F0EDB2C4A2D49B2F934209B
:102B6000C2F3031002F00F0251F8200010320121CD
:102B700001FA02F28261002E0EDB244A2449B2F9E6
:102B80002020C2F3031002F00F0251F8200010328F
:102B9000012101FA02F28261002D0EDB1B4A1C4961
:102BA000B2F90E20C2F3031002F00F0251F8200018
:102BB0001032012101FA02F28261019B2BB1D9F896
:102BC000000010B10021E6F76BFC019B03F1FF3917
:102BD00019F0FF0301933FF4EFAE002105E700BFBA
:102BE000D4560020805600207C560020A25500209C
:102BF000A3550020D8560020BC5600208456002043
:102C0000885600209D5600209856002078D0020853
:102C1000784800206C560020A856002090480020DC
:102C2000024B1B681B1A58425841704780560020BF
:102C3000F8B5A14EA14DA24F01211C20E8F726FCBA
:102C4000B6F93830C3F3031203F00F03012455F82B
:102C50002220103304FA03F3936121461220E8F78F
:102C600015FCB6F92430C3F3031203F00F0355F833
:102C70002220103304FA03F3936121462420E8F75D
:102C800005FCB6F94830C3F3031203F00F0355F8FF
:102C90002220103304FA03F3936121460620E8F75B
:102CA000F5FBB6F90C30C3F3031203F00F0355F82C
:102CB0002220103304FA03F3936121460320E8F73E
:102CC000E5FBB6F90630C3F3031203F00F0355F822
:102CD0002220103304FA03F3936121461E20E8F703
:102CE000D5FBB6F93C2002F00F03C2F303121B2000
:102CF00055F8221003F1100204FA02F204FA03F369
:102D00008A618B612146E8F7C1FBB6F9362002F0F3
:102D10000F03C2F30312112055F8221003F1100221
:102D200004FA02F204FA03F38A618B612146E8F7A0
:102D3000ADFBB6F9222002F00F03C2F303122320E9
:102D400055F8221003F1100204FA02F204FA03F318
:102D50008A618B612146E8F799FBB6F9462002F0BB
:102D60000F03C2F30312052055F8221003F11002DD
:102D700004FA02F204FA03F38A618B612146E8F750
:102D800085FBB6F90A2002F00F03C2F303121D20DF
:102D900055F8221003F1100204FA02F204FA03F3C8
:102DA0008A618B612146E8F771FBB6F93A30C3F3CB
:102DB000031203F00F0355F82220103304FA03F333
:102DC00093619361B6F93C30C3F3031203F00F0330
:102DD00055F8222004FA03F393613B78214623F04F
:102DE00001031A203B70E8F751FBB6F93430C3F306
:102DF000031203F00F0355F82220103304FA03F3F3
:102E000093619361B6F93630C3F3031203F00F03F5
:102E100055F8222004FA03F393613B78214623F00E
:102E2000020310203B70E8F731FBB6F92030C3F302
:102E3000031203F00F0355F82220103304FA03F3B2
:102E400093619361B6F92230C3F3031203F00F03C9
:102E500055F8222004FA03F393613B78214623F0CE
:102E6000040307203B70E8F711FBB6F90E30B6F902
:102E70004610C3F3031203F00F0355F8222010335A
:102E800004FA03F393619361C1F3031301F00F019B
:102E900055F823308C409C617A210020ECF7A8FD86
:102EA0000020ECF775FD62B6064B07221A70BDE8EC
:102EB000F840FFF7DFBC00BF78D002087848002058
:102EC000E34E0020D556002010B50468086811684C
:102ED000034AC2E9004091601B68D36010BD00BF87
:102EE000885600202DE9F843B74C22687ABB4FF48E
:102EF000FA67236843BBFCF7F9FC206020B3B34DAD
:102F0000DFF8D882B24E2068037813F0080300F08F
:102F10001E8200F1240300F1200200F11C01183090
:102F2000FFF7D2FF002398F8002023602B7033783E
:102F30009A421FBF3378013303F00F033370FCF75D
:102F4000D5FC20600028DED13846BDE8F883A14BCF
:102F5000A1491B6809688B420FD39C4A0023137058
:102F600023609B4A9D4B1B78117899421FBF1378B1
:102F7000013303F00F031370B9E7994909688B42D5
:102F800000F29180974E936B3568AB4240F2898096
:102F90009549964B086896491B680F689549964A6B
:102FA000D1F800C012686B4300218E4698465FEA54
:102FB000520ED207A3FB0813A3FB08135908C1FB49
:102FC0000C2EA3FB08135908C1FB072EA3FB081303
:102FD0005908C1FB002E5FEA9E12884BDFF844C2FD
:102FE0001B78874F9A40DCF8003013F0010F41D175
:102FF000844B1868844BB0FBF3FE844BB0FBF3F3B7
:10300000734538BF7346402B38BF402303F55171D9
:10301000B0FBF1F1396003F5D271B0FBF1F1490871
:10302000796003F1D401B0FBF1F18908B96003F1D3
:103030006C01B0FBF1F1C908F96003F13801B0FB94
:10304000F1F10909396103F11E01B0FBF1F1490900
:10305000796103F11101B0FBF1F18909B961D9017D
:1030600001F5A861C9090123B0FBF1F1C909F961B2
:10307000CCF8003062480721012350F8047B9742C6
:1030800007D201395B0011F0FF014FEA5202DBB2B7
:10309000F3D15F495F4FB7FBF2F73D440B703560EA
:1030A00027E7526B99E75C4909688B4240F2E98057
:1030B0005A4F5B4D3B782968002B40F0B580536B2D
:1030C000506DD2F844C0484AA0EB030E4FF440764E
:1030D00006FB0EF61660181A454A4FF4F066704368
:1030E000106044484FF4A06202FB0EF20260424AB4
:1030F000D80110603D4AC2F800C001223A703F4A30
:10310000DFF820C112783E4E03FA02F2DCF80030FC
:1031100013F0010F41D13B4B18683B4BB0FBF3FE62
:103120003A4BB0FBF3F3734538BF7346402B38BFBF
:10313000402303F55177B0FBF7F7376003F5D277FB
:10314000B0FBF7F77F08776003F1D407B0FBF7F720
:10315000BF08B76003F16C07B0FBF7F7FF08F76033
:1031600003F13807B0FBF7F73F09376103F11E079A
:10317000B0FBF7F77F09776103F11107DB0103F576
:10318000A863DB09B0FBF3F3DB09F361B0FBF7F7EE
:103190000123BF09B761CCF80030194E0720012385
:1031A00056F8047B974207D201385B0010F0FF000D
:1031B0004FEA5202DBB2F3D11548164FB7FBF2F7D4
:1031C00039440370296094E6805600207C56002024
:1031D000A3550020D8560020BC560020A255002040
:1031E000A4560020C0560020E0560020E4560020DF
:1031F000E8560020EC560020F0560020D65600205D
:103200004C560020B8010020404B4C0020A1070084
:103210008456002080841E00B85600209C56002052
:10322000C456002048560020D36B8B4227D9634BED
:10323000634A1B6812686348634E644F00683668CF
:103240003F684B4394460022964698465FEA5C0EE0
:103250005FEACC7CA3FB0823A3FB08235A08C2FB2C
:1032600007CEA3FB08235A08C2FB06CEA3FB082304
:103270005A08C2FB00CE5FEA9E1C63463FE7536DCF
:103280003DE7534D2B68002B5FDA524BD06C1B7817
:10329000514F524998403B6813F0010F40D1504BB9
:1032A0001A68504BB2FBF3FC4F4BB2FBF3F3634590
:1032B00038BF6346402B38BF402303F55176B2FB3D
:1032C000F6F60E6003F5D276B2FBF6F676084E609F
:1032D00003F1D406B2FBF6F6B6088E6003F16C0675
:1032E000B2FBF6F6F608CE6003F13806B2FBF6F64E
:1032F00036090E6103F11E06B2FBF6F676094E6141
:1033000003F11106DB0103F5A863DB09B2FBF3F35C
:10331000DB09CB61B2FBF6F60123B6098E613B6097
:103320002E490722012351F8046B864207D2013A45
:103330005B0012F0FF024FEA5000DBB2F3D12B4AE0
:1033400013702B4BB3FBF0F028602F68D1E5D0F859
:1033500018E0D0F81CC0BEF1000218BF0122BCF179
:10336000000F01D042F00202016A09B142F00402EA
:103370002A70204D1A4EDFF87090D0F84C80002251
:103380002A601D4D2A603268164DB2FBF9F9B2FB76
:10339000F5F74F4538BF4F46402F38BF402707F558
:1033A0005177B2FBF7F25208424527D94FEA480855
:1033B000424523D90133DBB2F6E700BFE4560020D3
:1033C000F0560020E0560020E8560020EC56002081
:1033D000AC020020D6560020485600204C56002053
:1033E000B8010020404B4C0020A10700845600206B
:1033F00080841E00C4560020C0560020826A5B4FA5
:10340000DFF8B8819A403A60594F88F80030C2F12D
:103410000009C7E90099C7E90299476A4FEA4709D5
:10342000544F4900C7E90219534952000A60534AF0
:1034300000211160C26A52499A400A60026B02FA86
:1034400003F3504A1360504B90F8482019784FEA24
:103450004E0E4FEA4C0C9142C7F800E0C7F804C08A
:1034600002D01A70FFF706FAFBF78CFA474B4FF0C1
:10347000FF321A602268464C176D536B106CD91BD3
:103480004FF440724A43FB1A22604FF4F0625343F8
:10349000404A1360404A4FF4A0634B4313603F4BD4
:1034A000FA011A603E4B18603E4B00221A7098F8E1
:1034B000003007FA03F33C4F3A6812F0010F3B4A21
:1034C0003ED130683A4CB0FBF5F1B0FBF4F4A142C8
:1034D00038BF2146402938BF402101F55174B0FB67
:1034E000F4F4146001F5D274B0FBF4F46408546091
:1034F00001F1D404B0FBF4F4A408946001F16C046D
:10350000B0FBF4F4E408D46001F13804B0FBF4F447
:103510002409146101F11E04B0FBF4F46409546140
:1035200001F11104C90101F5A861C909B0FBF4F466
:10353000B0FBF1F1A409C9099461D16101223A609B
:103540001A480721012250F8044B9C4207D2013946
:10355000520011F0FF014FEA5303D2B2F3D11549E3
:10356000154F0A70B7FBF3F7EEE400BFBC5600201E
:103570006C560020A856002098560020D8560020EF
:10358000A4560020B8560020D5560020AC020020DA
:10359000E0560020E8560020EC560020F0560020AF
:1035A000E45600209C560020485600204C5600202F
:1035B00020A107008456002080841E00D6560020DB
:1035C0002DE9F04772B6284D286870B100224FF4FB
:1035D0008031E5F743FF28680021E5F761FFB0F58A
:1035E000803F02D32868E5F73AFEDFF880A00A267C
:1035F0000027D0464FF6FF7962B6DAF8003043B9BB
:10360000FFF7C2F9DAF800301BB9FFF76BFCCAF814
:103610000000D8F800304B451A4628BF4A469B1A8E
:10362000C8F80030174472B6286810B10021E5F7D9
:1036300037FF013E16F0FF0600F1020402D0A74258
:10364000DAD33C46286860B10022611CE5F706FF2A
:1036500028680021E5F724FFA04202D92868E5F791
:10366000FEFD62B6BDE8F08790480020DC560020E1
:10367000FFF7A6BF014B53F8200070478856002083
:1036800030B585B0CDE9022105460193FCF7BAFDBE
:10369000FCF77EF8DDE90132044603992846FFF77E
:1036A00013FC2CB1002005B0BDE83040ECF770B938
:1036B00005B030BD38B50D460446FCF7A3FD024BFE
:1036C0002A6843F8242038BD8856002010B50446E7
:1036D000FCF75EF8074B53F82420074B43F82420EF
:1036E000064B01221A7020B1BDE810400020ECF713
:1036F0004FB910BD88560020C8560020D45600206F
:10370000014B53F820007047C8560020F0B572B640
:10371000022865D1334F344EB7F94800C0F3031384
:1037200000F00F0056F82350B7F922302C69C3F38C
:10373000031203F00F0356F822C01033012202FADD
:1037400003F3CCF81830294B1A68294BB2FBF3F27B
:103750003C23C44053434FF47A7CB3FBFCF39B08F7
:1037600004F0010404D09C46BCF1010C00BFFBD165
:1037700000290CBF0021102100EB010C012101FAEE
:103780000CF1A9611BB11946013900BFFCD1B7F991
:10379000201001F00F07C1F3031132F0404256F838
:1037A00021604FF0010101FA07FCC6F818C002D0F1
:1037B000013A00BFFCD11037B940B1611BB11A46C4
:1037C000013A00BFFCD1002C14BF0022102210448B
:1037D000012202FA00F0A86113B1013B00BFFCD145
:1037E00062B6F0BD78D0020878480020B801002009
:1037F00040420F0010B5044601681048ECF730FE57
:1038000061680F48ECF72CFEA1680E4C0E48ECF7EF
:1038100027FE94F900203AB17F2A05D0BDE8104078
:103820000A480A21E5F728BA09480A21E6F771F99A
:1038300094F90030002BF1D110BD00BFF4FB020859
:1038400045D60208AA4800204CD602086C47002042
:10385000DC0500201FB5054A07CA01AB83E8070055
:103860001846FFF7C7FF05B05DF804FB8856002037
:103870007047000020B9034BFF2928BFFF211970B2
:10388000704700BF6C570020431C0BBF044B054B17
:10389000987A18221CBF02FB0030807A704700BF64
:1038A000545700200457002010B5124C124B1349F6
:1038B000B4F94C002DED028B93ED018AEBF7E7F89C
:1038C000DFED0F7AB4F94C300E49B4EEE78ABDEC67
:1038D000028B03F00F02F1EE10FAC3F30313ACBF37
:1038E0000020102051F823100244012393408B61E3
:1038F00010BD00BF78D002080457002064CC020835
:1039000000004842784800202DE9F8431C4B1D4E2A
:103910001D4D8022074688461A704FF01509012474
:10392000B6F95830C3F3031209F1FF3955F82210E4
:1039300003F00F0304FA03F319F0FF098B6112D0AF
:103940001920E7F715FEB6F95830C3F3031203F058
:103950000F0355F82220103304FA03F3936150202B
:10396000E7F706FEDCE7094B09494A46B8F1FF3F95
:1039700018BF19463846BDE8F843ECF7A1BA00BFB6
:10398000A748002078D0020878480020FEFB0208F3
:103990001BFF0208414A4249B2F90830D2ED015AF0
:1039A00070B5404C7BB107EE903AF8EEE77ABBEE8B
:1039B000097A77EEE57AF4EEC77AF1EE10FA02D4DE
:1039C000394B1D7925B101230B709FED380A0AE0B0
:1039D000B3EE097AF4EEC77AF1EE10FA06DD0123B0
:1039E0009FED330A0B70C4ED005A70BD0E789FED49
:1039F0002F5A3048304B26B180ED005A83ED025AE1
:103A00000D7094ED007A93ED020AD2ED056A37EE5F
:103A1000657AB0EE406A96EE876A9FED287AD2ED1D
:103A2000046AA6EE070A90ED006A83ED020A37EEFB
:103A3000866AB5EEC06AF1EE10FA2BD4DFED1C4AAF
:103A400084EEA67AB4EEC76AF1EE10FAD8BFB0EEF3
:103A5000467A92ED036A80ED007A67EE867A26EE6A
:103A6000877AC3ED007A77EE877A83ED017A37EEB5
:103A7000800A30EE050AB5EEC00AF1EE10FAA4D4C1
:103A8000DFED0B7AB4EE670AF1EE10FAC8BFB0EEC4
:103A9000670AA8E79FED057ADBE700BF045700201F
:103AA000A457002090570020F4560020000000008A
:103AB00000007F439457002098570020D0CC4C3D05
:103AC000404A4149B2F9083010B573B107EE903A57
:103AD000D2ED015AF8EEE77ABBEE097A77EEE57A95
:103AE000F4EEC77AF1EE10FA04D501230B709FEDC6
:103AF000370A0AE0B3EE097AF4EEC77AF1EE10FA6B
:103B000004DD01239FED320A0B7010BD0C7892ED9D
:103B1000040A9FED2E6A2F482F4B2CB1002480ED14
:103B2000006A83ED026A0C70D0ED006A77EEA66A37
:103B3000F5EEC06AF1EE10FA40D49FED255A85EEFD
:103B4000007AF4EEC76AF1EE10FAD8BFB0EE667AEA
:103B5000D2ED036A214980ED007A67EEA67AD1EDB5
:103B6000006A92ED055AC3ED007A20EE077A93EDD4
:103B7000020A83ED017A76EEE56AF0EE404AD5EE70
:103B8000264ADFED176AC1ED005AA4EEA60A77EEC9
:103B9000877A83ED020A37EE800A30EE060AB5EE28
:103BA000C00AF1EE10FAA2D4DFED097AB4EE670A8A
:103BB000F1EE10FAC8BFB0EE670AA6E79FED037AF0
:103BC000C6E700BF54570020BC02002000000000E0
:103BD00000007F4380570020845700207C5700203E
:103BE000D0CC4C3DF8B50C4609B3324DECF7ECFBAC
:103BF00095F900208AB17F2A0FD02F480A2221464A
:103C0000E5F749FE2D48ECF7B7FB002211461046B8
:103C1000ECF756F99FED2A0AF8BD2A480A222146F8
:103C2000E5F739FE95F90030002BEBD0E5E72649A2
:103C30004FF0400C65466319AC46C3F347055B1073
:103C400031D0AC4232D0AC4530D05A1E970031F959
:103C500022608642EFDC31F9232082424FEA830E54
:103C60001FDB0F447144B7F90240B1F902301B1B4E
:103C700007EE103A831BF8EEC77A07EE103AB8EE5B
:103C8000C77A921B27EE877A07EE902AF8EEE76A4A
:103C9000C7EE267A07EE104AB8EEC70A37EE800A5A
:103CA000BAE72C46C6E79FED090AB5E7BAEE0E0A59
:103CB000B2E700BFAA4800206C47002001FC0208C0
:103CC00000000000DC050020AAFD02080000964369
:103CD0002149F0B5002240273C4613192746C3F37B
:103CE00047045B1031D0A24232D0A74230D05D1ED3
:103CF000AE0031F925508542EFDC31F923208242B4
:103D00004FEA830C1FDB8B196144B3F90240B1F910
:103D100002301B1B07EE903A431BB8EEE77A07EE22
:103D2000903AF8EEE77A521B67EE277A07EE102AF0
:103D3000F8EEC76A87EEA67A07EE904AB8EEE70A71
:103D400037EE000AF0BD2246C6E79FED040AF9E708
:103D5000BAEE0E0AF6E700BFAAFD0208000096437D
:103D600010B50A4C0021B4F90200FFF73BFF84EDC7
:103D7000010A074CB4F90200FFF7AAFF84ED010A1B
:103D8000EBF75AFF034B00221A7010BD04570020B6
:103D9000545700202657002070B5564E564D2DED35
:103DA000028B01212820E7F771FBB6F95030C3F3ED
:103DB000031203F00F03012455F82220103304FAF4
:103DC00003F3936121460820E7F760FBB6F9103052
:103DD000C3F3031203F00F0355F82220103304FA43
:103DE00003F3936121462720E7F750FBB6F94E30E5
:103DF000C3F3031203F00F0355F8222004FA03F370
:103E0000936121462520E7F741FBB6F94A30C3F319
:103E1000031203F00F0355F8222004FA03F3936111
:103E200000211F20E7F732FB00212020E7F72EFBBF
:103E30004FF47A712046EBF7DBFD2046EBF7A8FD47
:103E400021462620E7F722FBB6F94C30C3F30312D4
:103E500003F00F03103355F822209C409461FA20A0
:103E6000264CE7F785FBB1EE048A0523A380F0EE2C
:103E7000488AB4F900000021FFF7B4FEB4EEC80A86
:103E8000F1EE10FA03D52388103B2380F1E740F2CE
:103E900013139FED1B8AE380B4F902000021FFF7A2
:103EA000A1FEB4EEC80AF1EE10FA18DC154CB4F914
:103EB0000000FFF70DFFB4EEE80AF1EE10FA12D49D
:103EC000114C9FED126AB4F90000FFF701FFB4EE48
:103ED000C60AF1EE10FA09DD10302080F3E763889E
:103EE00010336380D8E710382080E0E7BDEC028B08
:103EF00070BD00BF78D0020878480020B0020020D2
:103F000000808943B8020020245700200000164397
:103F10000E4BB3F9082010B50D4C9AB1D3ED017AD0
:103F2000FDEEE77A043A17EE903A023399B21BB2EB
:103F3000934207DA2180E7F719FB00F59C40203017
:103F4000606010BD00236360FBE700BF04570020E2
:103F50001C5700200E4BB3F9082010B50D4C9AB138
:103F6000D3ED017AFDEEE77A043A17EE903A023388
:103F700099B21BB2934207DA2180E7F7F7FA00F50E
:103F80006A406030606010BD00236360FBE700BFE3
:103F900054570020705700201A4B2DE9F04100249F
:103FA0001C70194B194DB3F90630194F194EDFF833
:103FB00068800F3B03EAE3732B812046FFF7A8FFDD
:103FC000AC72B7F95030A8F80840C3F3031203F0FD
:103FD0000F0356F822200125103305FA03F39361ED
:103FE000FFF7B8FFB7F9103088F80A40C3F303129F
:103FF00003F00F0356F82220103305FA03F3936100
:10400000BDE8F081A1550020B00200200457002037
:1040100078D002087848002054570020074BB3F9A5
:104020000830552B07DC064BB3F908000528D4BF30
:104030000020012070470120704700BF0457002076
:104040005457002010B50246FFF7E8FF044620B1A0
:104050005AB1BDE81040EBF7F9BE31B1FAF7D6FB23
:104060002046BDE81040F9F731BD10BD044B1A8859
:104070005A80044B1A885A80034B01221A707047E9
:104080000457002054570020265700200A4B0B49A4
:10409000B3F9082093ED017A094B07EE902AF8EE68
:1040A000E77A084AF4EEC77AF1EE10FAD8BF1A465A
:1040B0000020F9F7ADBC00BF045700201FFC020828
:1040C000CBFE0208D6FE0208034B00221A601A71CA
:1040D000DA601A74704700BF28570020244B1B7801
:1040E000012B73B5044616461ED10191ECF76CF90D
:1040F0000198204DECF740F91F48ECF73DF9002CF2
:1041000029DB95F90030E3B17F2B1AD01B480A2236
:104110002146E5F7C0FB95F9003003B37F2B1ED095
:1041200016480A21EBF78FFDFFF736FF144B1A787C
:104130002AB90122214630461A70FFF7E5FB02B08A
:1041400070BD10480A222146E5F7A5FB95F900301D
:10415000002BE0D0DAE70C48ECF70EF9DBE7094872
:104160000A21E5F7D6FC95F90030002BDCD0D7E723
:10417000A7480020AA48002024FC02086C47002021
:1041800078570020DC05002042FC0208014A024961
:10419000FFF7A4BFE1FE020846FC0208014A0249FB
:1041A000FFF79CBFEEFE020858FC0208F8B5264B4C
:1041B0001B780BB9FFF75AFF244B254C5D88002272
:1041C0001A802280B3F908206D42002A2DB236DC15
:1041D0009F7A003F18BF01271E4EB6F902205242B7
:1041E000954202DD0020FFF7D1FF3FB1B6F9003064
:1041F0005B429D4202DA0020FFF7D0FFB4F908309D
:10420000002B1EDCA57A003D18BF0125124BB4F926
:104210000220B3F900309A4203DA4FF0FF30FFF783
:10422000B5FF85B10D4BB4F90220B3F900309A42C5
:1042300009DDBDE8F8404FF0FF30FFF7AFBF0127C1
:10424000CAE70125E2E7F8BD265700200457002001
:1042500054570020B002002024570020B80200204C
:10426000F8B56C496C4E0B7832786C4C6C487E2BF0
:1042700066D902F003056B4A6B4F927A2A44D2B298
:1042800032706A4EB6F950C0032A0CF00F05CCF319
:10429000031C8CBF0022102257F82CC02A44012591
:1042A00005FA02F2CCF81820DFF8A0C122789CF8B9
:1042B0000AC002F003026244D2B22270B6F910C002
:1042C000032A0CF00F04CCF3031C8CBF0022102235
:1042D00057F82CC0224405FA02F2554CCCF81820AD
:1042E0000278247802F0030202EB54020270B6F95D
:1042F0004E00032A00F00F04C0F303108CBF00220D
:10430000102257F8200022447F3B9540DBB28561A4
:10431000484A04330B70137883F0010313700BB118
:10432000F9F75CF9444D297804299ABF4C1CE4B292
:104330000024052946D8DFE801F0515E62696B3937
:1043400093420ED3394A384DB2F95020C2F30316C6
:1043500002F00F0255F826601032012505FA02F22C
:10436000B26122789A420ED8304A2F4CB2F910200E
:10437000C2F3031502F00F0254F825501032012445
:1043800004FA02F2AA6102789A42C1D8274A264862
:10439000B2F94E20C2F3031402F00F0250F8244089
:1043A0001032012000FA02F2A261B1E7234A137829
:1043B0000BB9052313701378013BDBB21370002B8C
:1043C00018BF0C4602202C70ECF778F9FAF75EFB68
:1043D0001B4A13880BB1013B1380F8BD194A1378AF
:1043E00001335BB20F2B01DC1370EBE7002313707A
:1043F000FFF7DCFEE6E71F20EBF7F0F8E2E7094AFB
:10440000114B11881B880B441380DBE72020F3E756
:104410000E4AF5E7BF020020A8570020A75700204A
:1044200041570020045700207848002078D0020827
:1044300048570020A5570020BE020020A6570020A4
:10444000B8550020BD0200206447002054570020CA
:10445000FFF706BF70B51D46BDF81430BDF81060FB
:1044600007EE903A6B1C18BF25EAE57304462B480B
:1044700014BFDBB2012300EBC3031B7923B100237C
:1044800023710023A36070BD92ED007AD4ED026A1F
:10449000F4EE476AF1EE10FA09D0B5EEC07AF1EE0B
:1044A00010FACCBF0123002384ED027A2371237913
:1044B000022B0ED0032B29D0012BE4D1D1ED006AC1
:1044C00094ED027AF4EEC76AF1EE10FADBD402231F
:1044D0002371B8EEE77AD4ED027A77EEC77A91EDE0
:1044E000007AB4EEE77AF1EE10FA07DBE7F73EF870
:1044F0004FF47A7303FB06002060C4E7E7F736F851
:104500002368C01A0028BEDB032323712846044A0F
:104510000449BDE87040FFF7E1BD00BFF45600203C
:10452000FBFE0208BBFE0208F0B5954B1B7885B078
:10453000002B40F0B180934B1B780BB905B0F0BD58
:10454000914F924DFFF70CFCE7F710F8B7F90630E2
:1045500095ED017A07EE903AF8EEE77A0446F4EE2C
:10456000C77AF1EE10FA00F1D480894E33791BB985
:104570003368002B40F0B080B5F908308549864893
:1045800007EE903A4FF0040CF8EEE77A2823CDE9D5
:10459000003C03AA0023CDED037AFFF75BFFB7F9D8
:1045A000043095ED017A07EE903AF8EEE77AB4EE32
:1045B000E77AF1EE10FA0BDDB7F9063007EE903A24
:1045C000F8EEE77AB4EEE77AF1EE10FA00F19080B7
:1045D0000023724FAB727B68A3B1E31A002B11DB8F
:1045E0003B8895ED017A07EE903AF8EEE77AF4EE23
:1045F000C77AF1EE10FA40F3AA80694A69490020AF
:10460000FFF76CFD684D2B68E31A002B04DBFFF706
:104610004BF904F6C4132B60644DDFED657A95ED1C
:10462000017AB4EEE77AF1EE10FA6BDC614F7B6849
:10463000A3B1E31A002B11DB3B8895ED017A07EE5D
:10464000903AF8EEE77AF4EEC77AF1EE10FA66DD0A
:10465000534A54494FF0FF30FFF740FDB5F9083099
:10466000327B12B9B06800283CD107EE903A0221A3
:10467000F8EEE77A1423CDE900314F484F49CDEDEC
:10468000037A4FF0FF3303AAFFF7E4FE337B4BB10D
:104690000023AB7205B0F0BD494801220021EBF7C1
:1046A0000FFC48E7D5ED017AB1EE047AF4EEC77A53
:1046B000F1EE10FAEDDB9FED3E7AF4EEC77AF1EE03
:1046C00010FAE6D8FFF7FCF9FDEEC07A17EE903A43
:1046D000C3F34703AB72DDE7E31A002BA4BF01234A
:1046E000337149E7241A002CA4BF01223273BCE7BE
:1046F0000020FFF74FF9FDEEC07A17EE903AC3F3B2
:10470000470366E72F4A30494FF0FF30FFF7E6FCDA
:104710008CE72C4A2C490020FFF7E0FC25E7B5F98F
:1047200008308BB1FDEEC77A191F17EE902A0232BE
:1047300010B2884292B207DA3A80E6F717FF00F526
:104740006A406030786089E700227A6088E7B5F9CE
:1047500008208AB1FDEEC77A043A17EE903A023388
:1047600019B291429BB207DA3B80E6F7FFFE00F5F3
:104770009C402030786045E700237B6042E700BF23
:10478000FC48002026570020B002002004570020DB
:10479000F456002008570020285700201C570020FE
:1047A0000CFF0208ACFE02084C57002054570020B2
:1047B000000016437057002034570020585700203F
:1047C00017D60208E1FE020846FC0208F8B5314C93
:1047D00094F90030013205460E4614BF5427422793
:1047E0007BB37F2B2DD02C482021EBF72CFA94F9AA
:1047F00000307BB37F2B2DD027483946EBF723FAC7
:1048000094F900307BB37F2B2DD023483A21EBF76E
:104810001AFA94F900307BB37F2B2DD02868E3F788
:1048200053FD41EC100B1C480221E5F719F996EDF8
:10483000000A1A48EBF738FEBDE8F8400220E6F718
:1048400097BE17482021E5F764F994F90030002B52
:10485000CDD0C8E712483946E5F75BF994F9003046
:10486000002BCDD0C8E70E483A21E5F752F994F96C
:104870000030002BCDD0C8E72868E3F725FD41ECD8
:10488000100B07480221E5F7EBF894F90030002BF4
:10489000CDD0C3E7AA4800206C4700206AFC02087C
:1048A000DC050020184B37B55A68B3F90830174CAF
:1048B000009207EE903AF8EEE77A054601A96846BD
:1048C0006FF00402CDED017AFFF780FF636800937B
:1048D000B4F9083007EE903AF8EEE77A4FF0FF327D
:1048E00001A96846CDED017AFFF770FF68B2FEF7C7
:1048F000CBFF01460648EBF78FFDA17A0548EBF7A1
:104900008BFD03B030BD00BF04570020545700207A
:104910006DFC020871FC02082DE9F04F2DED0E8BA5
:104920008BB0CDE908230C468146E6F71FFEC74B46
:10493000D9ED00AA804608F6C412601C1A6015BFA3
:10494000C34BDFEDC47A03EBC4033C251FBFB3F9AF
:1049500006300F3B07EE903AF8EEE77A18BF1425C1
:10496000F4EEE7AAF1EE10FA07DDBB480BB0BDECA0
:104970000E8BBDE8F04FEBF7FFBCB848DFEDB89AFF
:10498000DFEDB8BA9FEDB8BA9FEDB8CA9FEDB89AFF
:10499000EBF7F2FCFFF700FB611C17BFB54AB64B03
:1049A000182303FB04237F229A724FF47A736B431C
:1049B000049343440693B14BCDF80880621C4FF03A
:1049C000010A83F800A014BF23460023F1EE087A01
:1049D000DBB27AEEE7AA0EEE103AF4EE007A4FF070
:1049E00000034FF07F07CDF800A0DFF8D0A2CDF88C
:1049F000148018BFF0EE67BA08BFB0EE4BCAB0EE35
:104A0000698AB0EE69DAF0EE69CA0193B0EE69AA7C
:104A10003D4603939B46F0EE698AE6F7A7FD984B67
:104A20001B7803F0FF0206460792002B00F0E2809D
:104A3000FFF796F9631C17BF8E4A8F4B182303FBB1
:104A40000423D3ED018A814AF4EE698A1368F1EEFA
:104A500010FAF4EE498AC8BFF0EE689AF31AF1EE44
:104A600010FA48BFB0EE689A002B05DBFEF71CFF7A
:104A7000764A06F6C4131360009B03B3D9ED007A9F
:104A8000F4EEE78AF1EE10FA40F3B480029BF11ADB
:104A9000A1F59C53083B002BC0F2AC80601C16BFF4
:104AA0007448754A1822A7EB050318BF02FB0402DD
:104AB000C3F347039372D9ED009A0391B046D9ED41
:104AC000007AF4EEE87AF1EE10FA01DC002390E0CF
:104AD000A6EB0803A3F59C52083A002AF6DBBBF1CB
:104AE000000F00F02381039A9A180DEE902A039A82
:104AF000D31A5D431DEE903A95FBF3F53D44132D1B
:104B000040F39580EB2D00F390807F2D40F3928051
:104B10002F46C5F1FE055B483946EBF7A1FC294657
:104B20005948EBF79DFC5948B0EE490AEBF7BCFC3D
:104B30005748B0EE690AEBF7B7FCBBF1020F40F340
:104B4000F58007EE905AF8EEE77AB1EE007A67EE5C
:104B5000877A39EEC99A9FED4F7A4F4829EE079A26
:104B6000B6EE007A29EE079A87EE898ADFED4B7A56
:104B7000B8EEED9AB0EE480A29EE279AEBF794FCCE
:104B80004748B0EE490AEBF78FFC621C40F0988072
:104B900028EE0B8A434878EE087AC7EE89CA28EED9
:104BA000099AF0EE087A89EE27DAEBF7E5FB3E4842
:104BB000B0EE480AEBF778FC3C48B0EE6C0AEBF735
:104BC00073FC3B48B0EE4D0AEBF76EFC9AF90030EF
:104BD00093B37F2B30D037480A21EBF734F8264ABD
:104BE000EB195B10937299ED009A079B02960BF1FB
:104BF000010B009399ED007AF3EE0E7A37EE277AE7
:104C0000F0EE67DAB4EEE87AF1EE10FA40F1918056
:104C10001148EBF7B1FB194B00221A700BB0BDEC39
:104C20000E8BBDE8F04FFFF7B7B9EB2570E71427FF
:104C30003D4670E72F466EE71F480A21E4F769FFFB
:104C40009AF90030002BCAD0C5E700BF4C570020AE
:104C5000B002002000000C4376FC0208A1FC020810
:104C600000000000ABAAAA3ECDCC4C3E9A99193F59
:104C700000401C4604570020545700202402002006
:104C800026570020B5FC0208BDFC0208C2FC020841
:104C9000C9FC0208DB0F4940D0FC02086F12833ABE
:104CA000D6FC0208DCFC0208ECFC0208F2FC02085C
:104CB000F8FC02086C470020DC050020AA48002010
:104CC00028EE0C8A8A4878EE087A28EE09DAC7EED0
:104CD00089CAEBF751FB8748B0EE480A2DEE2BDA74
:104CE000EBF7E2FB8448B0EE6C0AEBF7DDFB8348A0
:104CF000B0EE4D0AEBF7D8FB9AF900306BB17F2B81
:104D00000BD07F480A21EAF79EFF7E4A182303FB57
:104D10000423EA1952109A7265E77B480A21E4F7E6
:104D2000F8FE9AF90030002BEFD0EAE7631CECD1D3
:104D300055E7059BF31A002B26DB1EEE100AFFF742
:104D4000B1FD9AF900305BB37F2B29D06C480A2162
:104D5000EAF779FF06F5FA630593019B002B32D140
:104D6000F4EECA8AF1EE10FA23DD049BF4EEEA8A2F
:104D70003344F1EE10FAB0EE00AA069338EE8AAA98
:104D8000CCBF012300230193029B984588BFF61AEC
:104D90005E4B98BFA6EB08069E4220D95C4838E7D8
:104DA00059480A21E4F7B5FE9AF90030002BD1D01A
:104DB000CCE7069BF31A002BE6DB564A5649204601
:104DC000FFF78CF9E0E7D9ED007A77EEED7AF4EEB3
:104DD000E87AF1EE10FAD7DD504A5149EFE7089B27
:104DE0005B457CDABBF1020F79DD4E484E4E4F4DEC
:104DF000EBF7C2FA4E4B4F48B4F1FF3F18BF1E46C7
:104E0000EBF7BAFA3046EBF7B7FA4B48B0EE480A80
:104E1000EBF74AFB95F90030002B45D07F2B43D0B0
:104E200037480A21EAF70FFF4248EBF7A5FA304668
:104E3000EBF7A2FA4148B0EE6C0AEBF735FB95F9B7
:104E40000030002B39D07F2B37D02D480A21EAF7CC
:104E5000FAFE3848EBF790FA3046EBF78DFA38480F
:104E6000B0EE4D0AEBF720FB95F9003073B37F2BC2
:104E70002CD023480A21EAF7E6FE099B7BB19FED7F
:104E8000317ACDEE077A01340CBF2F4B1D4B6CEEFF
:104E900087CA83ED038AC3ED04CAC3ED057A0BB05C
:104EA000BDEC0E8BBDE8F08F17480A21E4F731FE08
:104EB00095F90030002BB7D0B2E713480A21E4F788
:104EC00028FE95F90030002BC3D0BEE70E480A211A
:104ED000E4F71FFE95F90030002BCED0C9E7F8F7B4
:104EE00009FC1A4B1B78002B7FF497AD93E600BFAB
:104EF000FEFC0208ECFC0208F2FC0208F8FC0208C6
:104F00006C47002004570020DC050020804F120071
:104F10000EFD02080CFF0208ACFE0208FBFE0208B0
:104F2000BBFE02082CFD020842FC0208AA48002031
:104F300034D6020889FD02089AFD02089EFD020887
:104F4000A2FD02080AD7233E545700202402002065
:104F500038B5174D2B7803B3164CE6F707FB2368DB
:104F6000C01A002819DBE6F701FB2B784FF47A72A0
:104F700002FB03002060104C7F2394F90050237043
:104F80000020FFF78FFC94F900303BB17F2B05D058
:104F90000A480A21EAF757FE257038BD08480A2159
:104FA000E4F7B7FD94F90030002BF5D0F0E700BF2F
:104FB0005057002044570020AA4800206C4700208A
:104FC000DC0500202DE9F04F2DED048B7C4B7D4F4F
:104FD0001A78DFED7D8ADFF804B2DFF8048287B04B
:104FE00000264FF0010909EE100A039102921E708B
:104FF00087F800900196BFEE008AB24635460493CA
:10500000BBF9083007EE903AF8EEE77AF4EE487A0A
:10501000F1EE10FA0FD09BED017A039BF4EEC77A04
:10502000002B7ED1F1EE10FA4CBF4FF0010A4FF089
:10503000000AB0EE678AE6F799FA019BC31A002BC3
:10504000044627DB00F57A7319EE100A0193FFF787
:1050500029FC5E48EBF790F9002D7AD098F90020F2
:1050600005F51C531033002A63D07F2A61D04FF41A
:105070007A70191B0A22B1FBF0F15548E4F7EAFBFC
:1050800098F90030002B77D07F2B75D050480A213B
:10509000EAF7D9FD0020EAF7E9FFE6F767FA9BEDAA
:1050A000017A4C4B78EE477A1860F5EEC07AF1EE53
:1050B00010FAB8BFF1EE677A002D66D1F7EE006AFC
:1050C000F4EEE67AF1EE10FA06D540F60553B9F1A2
:1050D000000F18BF1D462544BAF1000F11D016B1BC
:1050E000A31B002B0DDB78EEC78AF7EE087AF4EEEF
:1050F000E78AF1EE10FA5FD404F56A466036F0EE06
:10510000478A3B78002B49D10020049B1A46029B1A
:10511000137007B0BDEC048BBDE8F08F4FF00009B1
:105120006EE7F1EE10FA47D4B0EE678A4FF0000A4E
:1051300081E7191B0A224FF47A70B1FBF0F126487F
:105140000593E4F787FB98F90020059B002A97D088
:105150008DE798F9003033B17F2B04D03F211C48F4
:10516000EAF771FD8CE71C483F21E4F7D2FC98F97F
:105170000030002B84D0F1E717480A21E4F7C9FC7E
:1051800098F90030002B85D080E7F0EE086AF4EE45
:10519000667AF1EE10FAC8BF25469DE7002DBDD016
:1051A000A4F51C54103C641B002CB7DB00203870A5
:1051B000F8F78CFC0120A8E73B78002BA4D0F5E79A
:1051C000A155002024020020003C1C46A6FD020838
:1051D0006C47002028490020DC05002004570020EF
:1051E000AA4800202DE9F04F2DED028B774FDFED1F
:1051F000788ADFF8ECB185B000264FF00109029003
:1052000087F800900196BFEE008AB2463546BBF99A
:10521000083007EE903AF8EEE77AF4EE487AF1EECD
:1052200010FA0FD09BED017A029BF4EEC77A002BA7
:105230007CD1F1EE10FA4CBF4FF0010A4FF0000A9A
:10524000B0EE678AE6F792F9019BC31A002B044679
:1052500028DB00F57A7300200193FFF723FB5D48FC
:10526000DFF88481EBF788F8002D77D098F90020DB
:1052700005F51C531033002A60D07F2A5ED04FF40E
:105280007A70191B0A22B1FBF0F15348E4F7E2FAF5
:1052900098F90030002B74D07F2B72D04E480A2131
:1052A000EAF7D1FC0020EAF7E1FEE6F75FF94B4BA5
:1052B00018604B4B93ED017A78EE477AF5EEC07AA1
:1052C000F1EE10FAB8BFF1EE677A002D62D1F7EE79
:1052D000006AF4EEE67AF1EE10FA06D540F60553D0
:1052E000B9F1000F18BF1D462544BAF1000F11D0C7
:1052F00016B1A31B002B0DDB78EEC78AF7EE007A00
:10530000F4EEE78AF1EE10FA5BD404F56A466036F3
:10531000F0EE478A3B78002B45D1002005B0BDEC6C
:10532000028BBDE8F08F4FF0000970E7F1EE10FA44
:1053300047D4B0EE678A4FF0000A83E7191B0A22B0
:105340004FF47A70B1FBF0F126480393E4F782FA48
:1053500098F90020039B002A9AD090E798F9003032
:1053600033B17F2B04D03F211B48EAF76CFC8FE759
:105370001C483F21E4F7CDFB98F90030002B87D083
:10538000F1E718480A21E4F7C4FB98F90030002B34
:1053900088D083E7F0EE086AF4EE667AF1EE10FA50
:1053A000C8BF2546A1E7002DBDD0A4F51C54103C74
:1053B000641B002CB7DB00203870F8F787FB012056
:1053C000ACE73B78002BA8D0F5E700BF2402002013
:1053D000003C1C46A6FD02086C470020284900201E
:1053E00054570020DC050020AA48002038B5204C86
:1053F0000546EAF7E3FF94F90030EBB17F2B1BD0B1
:105400001C485421E3F738FC94F90030EBB17F2BB2
:105410001BD018480A222946E4F73DFA94F90030D7
:10542000EBB17F2B1BD013482021E3F725FCBDE80F
:1054300038401148EAF7A0BF10485421E4F769FB4F
:1054400094F90030002BDFD0DAE70C480A22294615
:10545000E4F721FA94F90030002BDFD0D9E70748B0
:105460002021E4F756FB94F90030002BDFD0DAE777
:10547000AA4800206C470020A0D80208DC050020C4
:1054800008B508B1FFF7B2FF08BD08B501210078E3
:10549000E6F74AF8BDE80840FF20EAF70DB910B575
:1054A00004468078EAF7D2F820780021BDE8104061
:1054B000E6F73AB82DE9F04104460E461746E6F7FE
:1054C00055F800F59675EAF7DBF8FF28E0700DD186
:1054D000E6F74CF8401B0028F5DB1123637000252C
:1054E0002046FFF7D2FF2846BDE8F081FE2822D1F2
:1054F00039463046EAF7CCF8EAF7C2F88046EAF7D0
:10550000BFF80F4B1D78C5B10022DFF838C0134635
:10551000974209D9B15C81EA132101323CF811109C
:1055200081EA03239BB2F3E740EA082080B2984265
:10553000D6D01B23D2E70F23D0E70125D0E700BF49
:10554000C00200202200030810B50C46E6F70EF852
:105550000444EAF795F8FF2806D0E6F707F8001BA1
:105560000028F6DB002010BD0120FCE7F7B505465A
:1055700014460E46FFF793FF4FF416712846FFF7C7
:10558000E3FF46F040028DF80020C4F307628DF877
:105590000120C4F3074200238DF802208DF8044057
:1055A000C4F307226846174C8DF803208DF80530A8
:1055B0000522074610F8011B013A81EA430312F065
:1055C000FF02E35CF6D15B0043F001038DF8053088
:1055D000062417F8010B013CEAF76EF814F0FF04FB
:1055E000F7D10C2E01D1EAF74BF80024EAF748F87E
:1055F0000306E87003D50134B4F5807FF6D103B01B
:10560000F0BD00BF22FF0208F8B50023037143700C
:10561000027004460F46E5F7A9FF00F5FA65EAF7C0
:105620000BFB20780121E5F77FFF20780121E5F7CA
:105630002DFFE9F7F3FF0520A070EAF707F80A2627
:10564000FF20013EEAF738F816F0FF06F8D1EAF736
:10565000F3FA002211462046FFF788FF0128024690
:10566000E0700BD0E5F782FF401B0028F1DB01233F
:1056700063702046FFF709FF002062E03B212046CF
:10568000FFF774FF431E58425841304B1870EAF739
:10569000D3FA4FF4D57208212046FFF767FF05289B
:1056A0001DD101232371EAF7C7FA2379022B0CBF1E
:1056B0004FF080460026002237212046FFF756FF94
:1056C000324629212046FFF751FF0246E070C8B15B
:1056D000E5F74CFF401B0028EDDB0A23C8E7042652
:1056E000E9F7CEFF013E16F0FF06E070F8D1AA28D8
:1056F00001D10223D6E7E5F739FF401B0028C8DBBC
:105700000223B5E72379022B14D13A212046FFF773
:105710002DFF08B10823ABE7E9F7B2FF00F0C000A6
:10572000C02804BF03232371E9F7AAFFE9F7A8FF04
:10573000E9F7A6FF2046FFF7A8FE062F02D8A770BC
:105740000120F8BD1823637096E700BFC002002057
:105750002DE9F0410379032B0E460446174618BF86
:105760004E0203254FF00408324611212046FFF770
:10577000FDFE80B184F801802046013DFFF785FEE3
:1057800015F0FF0511D000220C212046FFF7EEFE98
:1057900000236370E8E74FF4007239462046FFF7B4
:1057A00089FE0028E8D0BDE8F0812846FBE700002C
:1057B000DFF858C0F8B5044602F2FF170846002586
:1057C000511E11F8013F83EA15238F423CF8133034
:1057D00083EA05252EB2ADB2F3D11146E9F774FF85
:1057E000280AE9F769FFF0B2E9F766FFE9F748FF31
:1057F00000F01F03052BE07006D0132320466370D2
:10580000FFF743FE0020F8BD0120FCE7220003085B
:1058100070B50379032B18BF490215460A461821B3
:105820000446FFF7A3FE064618BB2A46FE21204683
:10583000FFF7BEFF0546A0B14FF416712046FFF7F3
:1058400083FE054690B132460D212046FFF78EFEBD
:1058500018B116236370002503E0E9F711FF002853
:10586000F7D12046FFF711FE284670BD172363705D
:10587000F7E70623EEE710B5021D04460121C069D3
:1058800000F002FE38B1A3692BB96368A3616378A5
:1058900063F07F03637010BD2DE9F84342691F4B2D
:1058A0009A42054603D900273846BDE8F883FFF73A
:1058B000E2FF0028F7D000F0FDFC07460028F2D0F8
:1058C000EB696E681A7C5B691548DFF86080DFF869
:1058D0005090023E96401E44124B01241C70124B05
:1058E0004FF4007200211E6004F000FCEB691A798D
:1058F000A2420AD9D8F800004A46A119FFF788FF4A
:105900000028D0D00134E4B2F0E71A7C4FF40073E1
:1059100003FA02F26B6913446B61C5E7DFFF1F00F6
:10592000B4570020B0570020B4590020BC590020C3
:10593000003910B518BF01210446C06800F0E4FC2E
:1059400018B1237C014800EB431010BDB457002070
:10595000002270B5013813462E2410F8015F202D67
:1059600008D0082A02BFCC545D1CEBB20678CE5496
:105970005D1CEBB20132D2B20B2AEED10022CA5426
:1059800070BD10B5C3780C460BB9002010BD023BAA
:10599000012B05D82F230B7000234B700120F5E756
:1059A0000021FFF7C5FF0028EFD02146FFF7D0FF09
:1059B000F4E70000F0B501F10B03202403F8014DDA
:1059C0009942FBD1044600250726204614F8013BE6
:1059D00003B32F2B1ED02E2B04D10A2E08D008255E
:1059E0000A26F2E70E4F17F8010B18B18342FAD1DD
:1059F000002014E0AE4212D3202B10D97F2B0ED002
:105A0000A3F1610019289CBF203BDBB2681C4B55F9
:105A1000C5B2DAE710600878203818BF0120F0BD61
:105A20002202030838B5C27804460D460AB10020A8
:105A300038BD91F82030102B0ED10223C3704B8C4F
:105A400082615B01436100230120C4E90133E56108
:105A500060702374E360EBE7202BE8D10323C3706D
:105A6000496A816100F11402284600F0ABFC00286D
:105A7000E9D1DCE72DE9F84FC37804460F46164616
:105A80001BB94FF0FF30BDE8F88F4378DB07F8D53E
:105A900043698268DFF8C0A0DFF8C0B09B1AB34248
:105AA00038BF9EB2B046B8F1000F50D0E578A1687B
:105AB000E069022DC1F308094FEA51221BD1406A67
:105AC0001044C9F500754545B4BFADB24546B5F5BE
:105AD000007F03D1DAF80020904227D1002100F0A6
:105AE00013FC0028CDD01B4B2A4603EB0901384696
:105AF00004F0D4FA22E00579013D2A40D5B2B9F18B
:105B0000000F03D115B951B9A2696260E2696068FA
:105B1000117C52690238884010442844D1E76168FA
:105B2000221D00F017FC0028F0D1AAE701463A46F2
:105B3000DBF80000FFF70CFE0028A2D0A368A8EB5A
:105B400005082B442F44A3601FFA88F8ABE730B256
:105B500099E700BFB4570020B4590020BC59002079
:105B600007B501220DF10701FFF784FF01280CBFE3
:105B70009DF807004FF0FF3003B05DF804FB2DE9FE
:105B8000F047C378012B80468A46174661D983685F
:105B900013F01F035DD102B113704FF000092022F2
:105BA00051464046FFF766FF202805D0003818BF51
:105BB00001204042BDE8F0879AF80050002D4BD0FC
:105BC000E52D01D02E2D04D1002FE8D087F80090CC
:105BD000E5E767B39AF80B2002F03F020F2A26D1BF
:105BE000BAF81A601EBB05F01F056C1EE3B2012B4C
:105BF0001DD804EB440304EB8303184617FA83F320
:105C000035461C46042DEAB205F1010115D80AEB10
:105C10004505B5F80120D2B20D2903F8012B0D4638
:105C2000F0D19AF800305A0648BF84F80D909AF8DF
:105C30000B301B07B3D440B2BCE70A2A9BBF05F167
:105C4000FF350AEB45050AEB4102EA8888BF9288D6
:105C5000E1E74FF0FF30ADE72846ABE738B5C37852
:105C6000012B044601D8002038BD8368C3F34315D7
:105C7000FFF776FF0028F6DBA36803481F33A36015
:105C800000EB4510F0E700BFB4570020F8B5C3782B
:105C900004460E460BB90020F8BD42698A42FAD389
:105CA000022B02D1A6600120F6E711B9C0E901116B
:105CB000F9E7C36981681D7C4B1E05F10902751E59
:105CC000D340D540AB4200D869B9A3696360271DB2
:105CD000002DE7D06168E0693A4600F03BFB013DEA
:105CE0000028F5D1D7E7ED1AF1E7000038B5C37801
:105CF000054633B390F90130002B1EDA0121FFF77E
:105D000017FE0446E8B10378E52B1AD0EB78012B97
:105D10009CBF6B69C361AB694383C3F30F43838249
:105D20000A4B1B682BB100F1160118309847238BE2
:105D300063826B7803F07F036B70BDE8384000F03E
:105D4000B9BA01232B70002038BD00BFAC5700202A
:105D500010B50446FFF7CAFF0023E37010BD10B56D
:105D6000C37804460BB1FFF7F3FF204610BD0000D7
:105D700073B5C378012B04460D4602D0002002B053
:105D800070BD42789207F9D542698A42F6D3002A5B
:105D900040D08668FFF77AFF0028EFD0E069BDB9F0
:105DA000A16900F0CFFB0028E8D0A56163786561A8
:105DB00063F07F0363702046FFF798FF0028DDD073
:105DC000B5422946204628BF3146FFF75FFFD6E798
:105DD000616801AA00F0BEFA0028CFD0E0690199FD
:105DE00090F82030102B14BF0B4B4FF6F7739942ED
:105DF00094BF00230123002BD8D100F0A3FB00287F
:105E0000BCD06168E0696FF0704200F005FB0028CB
:105E1000CCD1B3E71846B2E7F7FFFF0FF8B5234B35
:105E200003EB41160446F77AC06917F0110F1546C7
:105E30004FEA411202D015F0120F31D11C4F2174DC
:105E400013443F68E760998A0A04A261598B1143A1
:105E5000A161F27A12F0180213D1DB6963610123A8
:105E6000E370002105F00F03EA06C4E90111637035
:105E700010D4AB0617D561692046BDE8F840FFF79E
:105E800005BF102A0CD104F1140200F09BFA38B1BE
:105E90000423E5E72046FFF76BFF0028E9D1F8BDB2
:105EA0000020E070FBE70120F9E700BFB4570020B5
:105EB000B45900202DE9F0470C469946CB69C361DF
:105EC0000546002120461746FFF7E0FEDFF8F4A064
:105ED0004FF00008A66863699E421CD22046FFF777
:105EE000BDFEC6F34316014618B303783BB1E52B5C
:105EF00022D1B8F1000F05D04FF00108EAE7B8F160
:105F0000000F08D1DAF80030EB602E740B78002B0C
:105F1000F2D14FF0010809F04203422B09D1B8F148
:105F2000000F13D0012128462E7CFFF701FD044607
:105F3000B0B90020BDE8F0870B22384604F0A0F885
:105F40000028C7D119F0800F28D0F2E7E378022BA0
:105F5000EFD02046FFF7A0FC0028EAD0174C4646B9
:105F600020220021204604F0C1F83B6823607B68B2
:105F700063603B892381BB7AA372114B1B68A3B179
:105F800004F10E0104F110009847238A63822383F1
:105F9000E389E38200F08EF90028CAD04A463146F0
:105FA0002846BDE8F047FFF739BF21222274A373CA
:105FB000282208236274E373E7E700BFB457002088
:105FC000AC570020B45900202DE9F04397B0984613
:105FD0000023074601928DF818308DF81B308DF89C
:105FE00038308DF83B300D4651B900240EA8FFF72C
:105FF000B6FE06A8FFF7B3FE204617B0BDE8F08353
:10600000C378002BF1D113782F2B10D00C4606AE9D
:10601000B146019801AA03A9FFF7CCFC0028E4D0FF
:10602000019A13782F2B1AD101320192F8E7CB781D
:10603000023B012B0DD9C9690EA8FFF7F3FC00281C
:10604000D3D00EAC019A13782F2BE0D101320192FC
:10605000F8E70C46F6E74B4634461E46D9E783B1CF
:10606000012303AA21463046FFF724FF0028BCD0B5
:10607000AC4202D02046FFF76BFE4E45EBD10EAB93
:10608000EAE72146434603AA3846FFF713FF0446D2
:10609000ACE710B500210446FFF76AFE60B10121AC
:1060A0002046FFF745FC38B1E52303700023E37079
:1060B000BDE8104000F0FEB8002010BD10B588B05B
:1060C00000230A468DF800308DF803300146022384
:1060D0006846FFF779FF044618B16846FFF7D9FF15
:1060E00004466846FFF73BFE204608B010BD00009E
:1060F0002DE9F74F1646C278012A834688462DD1EE
:10610000427891072AD5520720D4DFF888A1B146FA
:10611000DBF80850B9F1000F00F09180DBF81C00AB
:106120000779013F07EA552717F0FF07C5F3080570
:106130001CD1DDB9DBF80410002948D1DBF81820A8
:1061400092B95846FFF797FB80B907E0416982682A
:106150009142DAD0FFF79AFD0028D6D101228BF8C0
:1061600000204FF0FF3081E0CBF80420DBF81C105A
:10617000DBF80420087C4969C5F50074A4B24C45DD
:10618000A2F1020228BF4C4682400A44B4F5007FC7
:10619000174436D13A4A3B48116800688F4201BF24
:1061A00000218AF800104FF0FF3111604246394655
:1061B000FFF72EFB0028D1D0DBF80820A9EB04095B
:1061C0002244CBF80820A0441FFA89F9A0E701AACD
:1061D00000F0C0F80028C1D0DBF81C20019992F82B
:1061E0002020102A0AD14FF6F772914294BF002264
:1061F0000122002AA5D1CBF80410B7E7224B99421F
:10620000F4E7ADB9DBF80810DBF8142091420FD3A6
:1062100000F050F80028A1D001228AF80020184A86
:1062200017601A4B22464146581903F037FFC3E75F
:106230000121384600F068F80028F2D18EE7DBF83B
:1062400014109BF80120A94206D2CBF8145062F03A
:106250007F028BF8012004E00D49096809B1002E86
:10626000F5D19BF80120130703D430B203B0BDE889
:10627000F08F5846FFF73AFD0028F6D16EE700BFD1
:10628000B4590020BC590020F7FFFF0FB45700207D
:10629000AC570020B057002013B5044608460191C2
:1062A000E2F7CCFB019982B2204602B0BDE8104073
:1062B000FFF71EBFF8B50F4F3A78CAB10E4B0F4E1D
:1062C0000F4A19683068FFF7A3FA044610B9002492
:1062D0002046F8BD0B4D296839B1094A3068FFF7EF
:1062E00097FA0028F3D000232B6000233B70EFE7E0
:1062F0000124EDE7B0570020B4590020BC5900201C
:10630000B4570020B859002070B50E4E3368834250
:1063100005460C460ED0FFF7CDFF10B900242046ED
:1063200070BD094B094A18682946FFF711FA002881
:10633000F4D03560012314B1054A1370EFE71C4611
:10634000EDE700BFB4590020BC590020B45700202D
:10635000B0570020C36801338B4270B505460C4628
:10636000164601D2002070BD90F82030102B11D1BC
:10637000C36903EB1120114B1B68984210D195F8AB
:106380002030102B0E4B11D1E4B233F814303360AF
:106390000120E8E7202BE5D1C36903EBD110EAE740
:1063A0000021FFF7B1FF0028E9D1DBE704F07F040B
:1063B00053F8243023F07043E9E700BFB4590020BC
:1063C000B45700202DE9F341DFF8488001910446DD
:1063D000154600264FF40077019901AA2046FFF7E1
:1063E000B9FF88B1237C94F8202007FA03F3102A20
:1063F0001E44019B0BD14FF6F770834294BF0020DF
:1064000001200028E8D02E6002B0BDE8F0814345AD
:10641000F4E700BFF7FFFF0F0129F8B505460C466A
:10642000174601D80020F8BDC36801338B42F9D369
:1064300090F82030102B1DD1C66906EB11260121E2
:106440003046FFF761FF0028ECD095F82030102B84
:1064500008BFE4B20A4B16BF04F07F0423F814709F
:1064600043F824702B7E012B81BFAB68F618054BD7
:106470001E60D8E7202BD5D1C66906EBD116DEE722
:10648000B4570020B85900202DE9F74FC3681468AD
:1064900006460F46904603F1010B34B301344FF02A
:1064A000000925464FF0000AF368534518D95D45A9
:1064B00088BF022501AA2946304688BF2C46FFF72F
:1064C00049FF68B1019A6B1CB2B91A1BBA4214D1C8
:1064D0006FF0704229463046FFF79EFF074688B9A5
:1064E0000027384603B0BDE8F08F4B1ED3F10009FA
:1064F000046849EB0309D4E71C460AF1010A1D466A
:10650000D2E75546AC4209D205F1FF3A2A46514638
:106510003046FFF781FF0028F3D1E1E7D8F80010FB
:1065200041B9C8F80040B9F1000FDAD00134346045
:106530004F46D6E722463046FFF76EFF0028F0D1DF
:10654000CEE7000073B50223114E036005460C46EA
:1065500001AA21462846FFF7FDFEB0B100222146E0
:106560002846FFF759FF80B195F82030019C102B89
:1065700009D14FF6F7739C4294BF002001200028F8
:10658000E6D002B070BDB442F6E70020F9E700BFE4
:10659000F7FFFF0FF8B5414B196002230360404B32
:1065A000002119703F4B80F8201019603E4B0546C2
:1065B0004FF0FF3018601446D2B1042A01D90020F0
:1065C000F8BD0846FFF7A0FE0028F8D0374A02EBD6
:1065D000041393F8AE315B06F1D11B3402EB0414C3
:1065E000D4F80A30632BEAD9D4F80640002CE6D060
:1065F00000212046FFF788FE0028E0D02B4BB3F89F
:106600000B20B2F5007FDAD1197C0029D7D0DA89C6
:10661000002AD4D05A7B002AD1D0297600212A71B1
:10662000297401272E7C07FA06F18A4204D0711CD6
:10663000072E2974F6D9C2E7D98A01B9596ADA89CD
:10664000A96002EB040CC5F81CC0B3F811206A84E1
:1066500097B21A7C01FB02C2790101F2FF116A6252
:1066600002EB51226A61B3F8131001B9196AA41A36
:106670000C44F44040F6F4729442EC6003D80C23CE
:1066800085F820309BE74FF6F472944285BFDB6AB1
:106690006B621023202385F8203091E7BC5900203D
:1066A000B0570020B8590020B4590020B45700203A
:1066B00038B50446084623681968FFF762F9206870
:1066C0006268036811781D783DB1682911D80133DB
:1066D0000360137801331370F1E7682909D82F227A
:1066E0001A702268136801331360626813780133EB
:1066F000137038BD08B50248FFF731FB08BD00BF75
:10670000645C002008B50248FFF729FB08BD00BF04
:10671000445C00200021FFF7B9BA00000E4A13784C
:1067200023F00F0310B513700C4B002119600C4BB4
:1067300019600C4B19700C4B04464FF4A0720B48B7
:10674000197003F0D3FC0A4BFF2202212F201A708C
:10675000E4F79CFE204610BDB45B0020D85B00200F
:106760003C5C0020915B0020E3590020505A00203F
:10677000905B002030B50139034600222E2411F829
:10678000015F202D06D0082A08BF03F8014B0D78C1
:1067900003F8015B0132D2B20B2AF0D100221A7049
:1067A00030BD0000C37A9A0711D40B4A03F01803D6
:1067B000102B13780CBF0121002161F30413137017
:1067C00007D0037A472B02D1437A7E2B01D10020D8
:1067D00070470120704700BFB45B002070B5094EC0
:1067E00088B005460024324669462846FFF7C7F9B7
:1067F000002804DD6846FFF7D5FF0444F3E7204690
:1068000008B070BDC8590020F0B50E4F89B00546DC
:106810000E4600243A4669462846FFF7B0F900289C
:106820000ADD6846FFF7BEFF0028F3D0B44205D169
:1068300005486946FFF79EFF09B0F0BD0134E4B298
:10684000E8E700BFC85900202C5C0020F0B50E4FCF
:106850000E4E89B005460C463A4669462846FFF773
:106860008EF900280EDD6846FFF79CFF0028F3D064
:1068700069463046FFF77EFF3146204603F05CFD57
:106880000028E9D109B0F0BDC85900202C5C0020D7
:10689000B0B582B000AF7860E2F7D0F800F10C0339
:1068A00023F00703ADEB030D7A680B49684603F04C
:1068B00023FD6D460DF1030414F8010F18B104F027
:1068C00055FD2070F8E72846EEF790FC0348EEF7F8
:1068D000B4FC0837BD46B0BD29D6020830D6020840
:1068E000034A1378190744BF43F004031370704739
:1068F000B45B002008B5084B00221A70074A1378D1
:1069000023F044031370F6F7BBFC20B1BDE8084048
:106910000348FFF71DBA08BD18490020B45B0020EA
:10692000945B002008B5FFF7E5FF044A137823F0D5
:10693000280343F02003137008BD00BFB45B0020A0
:1069400070B586B0431C01932F23037001238DF88B
:106950000F3001AB0493104E104D0DF10F03059352
:1069600000243378E1B28B4206D905EB411104A82B
:10697000FFF79EFE0134F4E79DF80F305A2B06D83E
:10698000074904A8FFF794FE019B013B0193019B7B
:1069900000221A7006B070BDE3590020505A002042
:1069A000945B002008B501460348E9F713FDBDE8F4
:1069B00008400248E9F7E0BC320203088CD702081D
:1069C000F8B50546E2F73AF8144F002304464E2185
:1069D00028463B7003F0DBFC0646A0B9631E2B443F
:1069E0000D225A700A229A700022DA700B4829464A
:1069F000FFF752FC3B7883B1E9F7E6FCBDE8F840CD
:106A00000748E9F7B9BC202103F0C1FC2A21451C45
:106A1000304603F0BCFC431EE2E7F8BD945B002067
:106A20004602030810B5094C2046FFF75FF92046DF
:106A3000FFF78EF9064A137823F003031370054B12
:106A400000221A60044B01221A7010BD945B0020D2
:106A5000B45B0020D85B0020FD48002070B50B4CD3
:106A600088B006462046FFF755FE0FCC6D460FC591
:106A700094E80F0085E80F00F1B26846FFF7C4FE06
:106A80006846FFF76CF908B070BD00BF0C5C0020D1
:106A900070B50B4C88B006462046FFF73BFE0FCC86
:106AA0006D460FC594E80F0085E80F003146684633
:106AB000FFF7CCFE6846FFF752F908B070BD00BF83
:106AC0000C5C002030B50B4C89B02046FFF722FE4D
:106AD0000FCC6D460FC594E80F0085E80F0068469F
:106AE000FFF77CFE04466846FFF739F9A0B209B00B
:106AF00030BD00BF0C5C00202DE9F04F85B014467E
:106B000000AF564A7B601368DFF86CA1F86013F0A1
:106B100001030D4608D18AF800308AF80330504846
:106B20000123136003F06BFA4E4A136813F001035C
:106B300007D14D494D480B70CB700123136003F012
:106B40005EFA23782F2B58D1494B2B60FB68013418
:106B500013B1484B00221A702B68474EBB602F219F
:106B6000204603F014FCA042EB4680462BD9021BC2
:106B7000D2B202F1080303F4FC73ADEB030D21461E
:106B800068463A6003F02AFC3A6800230DF80230A8
:106B90007B68E9464BB1394B93F9003083B37F2BC7
:106BA0002ED037484946E2F72DFE3046FFF7D0F8A1
:106BB000296801234A463046FFF706FA044648BBD7
:106BC0004846FFF7EFFEFB68DD468BB12D682D4E82
:106BD0000FCD0FC695E80F0086E80F00254B2A4A17
:106BE0001B781178B3FA83F35B0963F345111170D5
:106BF00020461437BD46BDE8F08F224B2B60ABE733
:106C000022484946E2F7FEFD1C4B93F90030002B69
:106C1000CBD0C6E72868BB68984201D0FFF798F848
:106C2000FB682E6083B1134A1378092B0CD8184CDB
:106C3000591CB44604EB43141170BCE80F000FC498
:106C40009CE80F0084E80F000B4A074B08F1010491
:106C5000564514BF16461E46DD4680E7C059002043
:106C600005670208C4590020645C0020F56602082C
:106C7000B85B0020E3590020445C0020AA480020B3
:106C80006C4700200C5C0020B45B0020DC05002079
:106C9000505A002070B50E4E347874B1013CE4B205
:106CA00034709CB1631E0B4C04EB43140FCC0A4DA3
:106CB0000FC594E80F0085E80F00307820B9074A27
:106CC000137843F02003137040B270BD044CEDE71D
:106CD000E3590020505A00200C5C0020B45B0020D7
:106CE000B85B002030B5074D074C0FCD0FC495E8B9
:106CF0000F0084E80F00054A137843F02003137057
:106D000030BD00BFB85B00200C5C0020B45B0020ED
:106D100010B5244C244823786FF3C3032370C37841
:106D20000BB1FFF715F821480F220021FEF76CFC8C
:106D300068B9E9F743FB1E48E9F71EFB23781B07F8
:106D400026D5FFF7CFFF1B4B03221A7010BD01227F
:106D500016491948FFF71EFC024640B91349164868
:106D6000FFF718FC18B9E9F72FFB1448E4E71249BC
:106D70000D48FEF757FE18B9E9F726FB1048DBE788
:106D8000237843F008032370E9F718FB0D48D3E795
:106D90000D4B1B78002BD6D00C484FF0FF31F6F787
:106DA00063FED0E7B45B0020B85B0020045C0020E9
:106DB0005D02030855020020DC5B00206902030825
:106DC0007D0203088E020308A7480020BB030308C6
:106DD000F0B5244D95F90030002B8BB040DB224CF0
:106DE000237858073CD4190722D595F900201F496C
:106DF0001F4F3032684603F07FFA1D48FFF78AFCC8
:106E0000002202A93846FEF7BAFE002815DD02A8C6
:106E1000E1F714FE44B2013C64B2631C0FD00AAB2C
:106E20001E1916F8200C04F0A1FA06F8200CF2E75F
:106E3000FFF76EFF23781A07D7D4FF230FE09DF8E2
:106E400011307E2BDCD00522694602A803F0B4FA8B
:106E50000028D5D16846FFF71BFD2B7801332B7036
:106E60000BB0F0BD905B0020B45B00209A020308D9
:106E7000B85B0020024B00221A70FFF733BF00BF3F
:106E8000905B00201D4B1E4AB3F95E30C3F3031123
:106E90002DE9F04152F821201A4F156903F00F0334
:106EA000DD4005F001053B7885F00104A34222D0C6
:106EB000154E337843F020033370F0F795F8D0B1D6
:106EC00097F800803C709DB94FF4FA70E9F7E4FB45
:106ED000FFF71EFF337813F0080F08BF0024214688
:106EE0004046F6F797FE34B1BDE8F041FFF7C2BF68
:106EF000FFF718FDF3E7BDE8F08100BF78D0020886
:106F000078480020C1020020B45B0020044B1B78AD
:106F1000C3F3C0001B0701D5FFF7D4BD704700BF06
:106F2000B45B00200C4A0D4900231370D3700C4A47
:106F30001370D3700A22013A0B70CB7001F120015B
:106F4000F9D1084B192159701A71074B83F8202089
:106F5000064B1A70DA707047B85B0020505A002058
:106F60000C5C0020045C0020DC5B0020945B0020B3
:106F700038B50948094CFEF7F2FEA4F5A075203C8F
:106F80002046FEF7ECFEAC42F9D10548FEF7E7FEDD
:106F90000448FEF7E4FE38BD945B0020905B0020BF
:106FA0000C5C0020B85B00202DE9F04FDFF8D49195
:106FB0006E4C9DB0804600AF0E464A4607F1100168
:106FC0004046FEF7DCFD002840F3CB80FB7E03F05B
:106FD0001803102B6CD107F110013846EA46FFF771
:106FE000C9FB002E58D03378002B55D03046E1F73E
:106FF00025FD002583463846E1F720FD5844093039
:107000005B4B20F00700ADEB000D002D0CBF3146AF
:107010001946684603F0C8F93946684603F0A8F9EE
:10702000534B6846194603F0A3F9002387F8303024
:1070300087F833303A460123414607F13000EB46EA
:10704000FEF7C2FF70B9E9F7B9F94A483946E9F7DE
:10705000C1F994F9003013B37F2B20D046480A21A0
:10706000E8F7F1FD07F1300CBCE80F0007F150051F
:107070000FC59CE80F0085E80F00594607F1500046
:10708000FFF792FF07F15000FEF769FE07F13000AD
:10709000FEF765FED54690E70125AB46ABE73748DE
:1070A0000A21E2F736FD94F90030002BDAD0D5E75B
:1070B00007F11000FFF776FB00283FF47EAF304861
:1070C00007F11001FFF756FB46B194F9003013B3F6
:1070D0007F2B20D028483146E2F785FB94F9003019
:1070E00013B37F2B20D026492348E2F77CFB94F989
:1070F000003013B37F2B20D01F482021E8F7A3FDD9
:1071000094F9003013B37F2B20D0F96A1A480A2271
:10711000E2F7E4FB51E719483146E2F764FB94F9E2
:107120000030002BDAD0D5E715491448E2F75BFBB5
:1071300094F90030002BDAD0D5E710482021E2F78F
:10714000E8FC94F90030002BDAD0D5E7F96A0B4857
:107150000A22E2F7C3FB94F90030002B3FF42DAF75
:10716000D3E77437BD46BDE8F08F00BFAA480020C2
:107170006BFC0208A30203086C470020DC0500201A
:107180002C5C0020C859002030B50C4B1B781B0725
:1071900089B011D50A4D0A48FFF7BCFA0FCD6C46ED
:1071A0000FC495E80F0084E80F0068460021FFF740
:1071B000FBFE6846FEF7D3FD09B030BDB45B00208E
:1071C000B85B00201FB51848184CC378FBB169465E
:1071D000FEF7D7FB94F9003083B17F2B0ED0144813
:1071E0006946E2F700FB94F90030A3B17F2B12D07F
:1071F0000F480A21E8F727FD04B010BD0D48694685
:10720000E2F7F1FA94F90030002BECD0E7E70A48F6
:10721000E9F7B2F8E7E707480A21E2F77AFC94F9C0
:107220000030002BE8D0E3E7945B0020AA48002060
:107230006C470020DC050020B702030873B5164C2C
:1072400001917F23054694F900602370E9F7B6F8B1
:107250001248E9F791F8124B1248012D18BF184651
:10726000E9F78AF801991048E9F7B4F894F9003081
:1072700043B17F2B06D00D480A21E8F7E4FC2670C5
:1072800002B070BD0A480A21E2F743FC94F90030CD
:10729000002BF4D0EFE700BFAA480020CD0203087E
:1072A000C7020308C1020308540303086C47002007
:1072B000DC0500205A4B1B781B07F7B505460C462A
:1072C00064D501294DD0022900F0968029B90146E4
:1072D0000220FFF7B3FF534B1C70FFF70BFB00239B
:1072E0002A4601A90120FFF707FC044600284DD0DB
:1072F0004D4D0199024601232846FEF765FE002800
:1073000000F08980494F6B693B60494B494D4A48C1
:1073100095F9006000221A607F232B702146E9F75F
:1073200059F839684548E9F7E9F895F90030002B34
:1073300068D07F2B66D042480A21E8F784FC414898
:10734000E9F71AF820462E70FFF7A2FB3E4B18789B
:10735000002188420CBF20461846F6F737FB2E70F6
:1073600014E0F5F78DFF20B929462046FFF766FFA8
:10737000B3E72C4C23785BB1E9F726F83348E8F7FC
:10738000FBFF002232481146E8F79AFD03B0F0BD3A
:10739000304F274E3846FFF7D3FA22782E4B31680C
:1073A00043F82210E9F70AF82C482946E9F712F8C1
:1073B00021782B48C1EBC101C1EB01113944E9F738
:1073C00009F831681B4E2748E9F798F896F900202C
:1073D0004AB17F2A07D01A480A21E8F734FC2378FB
:1073E0000133237079E720480A21E2F792FB96F9EE
:1073F0000030002BF3D0EEE7E8F7E0FF1B48E8F79A
:10740000BBFF6AE718480A21E2F783FB95F90030D1
:10741000002B94D08FE72046FFF7C4FAB6E700BFF1
:10742000B45B0020915B0020945B00203C5C00205A
:10743000D85B0020AA4800202D0303083CFB02086B
:107440006C4700203B030308C8590020D202030800
:10745000C8030308E4590020405C0020F30203083D
:107460000C03030817030308DC0500201D030308B1
:1074700010B5134CF8F7C6FE1248FEF769FC2078E9
:10748000C0B10138C0B2104B2070C0EBC000C0EBDF
:10749000001018440221FFF70DFF22780B4B09481A
:1074A00053F822100A4B1960FEF7F0FBBDE81040BC
:1074B000FFF716BAFFF71EFA064B10221A7010BD1E
:1074C000915B0020945B0020E4590020405C002088
:1074D000D85B0020A74800207FB5234E33781B07D8
:1074E00033D5014601900220FFF7A8FE1F4B00256F
:1074F0001D70FFF7FFF9019A2B4603A92846FFF7F5
:10750000FBFA044608B30246039919485623FEF7CE
:107510005BFD28B33378204643F001033370FFF757
:10752000B7FA144B14481D70144D2146E8F752FF6A
:1075300095F900205AB17F2A09D011480A21E8F7AD
:1075400082FB00212046F6F741FA04B070BD0D48D9
:107550000A21E2F7DEFA95F90030002BF1D0ECE7D2
:107560002046FFF71FFAF0E7B45B0020915B002094
:10757000945B0020FD4800204A030308AA4800202D
:107580006C470020DC050020034A137843F0020317
:107590001370FFF7A1BF00BFB45B00201FB51A4BEB
:1075A0001B781B0702461CD5002303A91846FFF7CA
:1075B000A3FA0146A8B101900398FEF77FFD019957
:1075C000D0B1124C1248E8F705FF94F9002052B1EF
:1075D0007F2A08D00F480A21E8F735FB0E4B00221E
:1075E0001A6004B010BD0D480A21E2F792FA94F92E
:1075F0000030002BF2D0EDE70948E8F7EBFE094830
:10760000E8F7BAFEEDE700BFB45B0020AA4800200F
:107610005C0303086C470020D85B0020DC050020D9
:107620006A0303088CD7020838B5254B1B785B0723
:1076300041D5244C2448254DE8F79EFE94F90030AE
:10764000E3B17F2B1AD0296821480A22E2F739F9E1
:1076500094F90030E3B17F2B1AD01D482F21E8F7B1
:10766000F2FA94F900301B4DDBB17F2B19D0296859
:107670001748BDE838400A22E2F730B929681648B1
:107680000A22E2F71EF994F90030002BE0D0DAE785
:1076900011482F21E2F73DFA94F90030002BE0D099
:1076A000DBE729680C480A22E2F718F994F9003060
:1076B000002BDCD138BDBDE838400848E8F75CBE97
:1076C000B45B0020AA48002082030308D85B002096
:1076D0006C4700203C5C0020DC050020940303087C
:1076E000F0B5274E27490446F07889B00027B84204
:1076F00018BF31460123224668468DF800708DF888
:107700000370FEF761FC00B36D460FCD34460FC425
:1077100095E80F0084E80F001B4B1A7867F34512B9
:107720001A701A4A1378092B0AD8194D591C05EBFF
:10773000431511700FCE0FC594E80F0085E80F00B8
:107740006846FEF70CFB09B0F0BDE8F737FE2146AE
:10775000104C1148E8F73EFE94F9002032B17F2A20
:1077600004D00A210D48E8F76EFAE9E70C480A212F
:10777000E2F7CFF994F90030002BE1D0F1E700BF38
:107780000C5C0020B85B0020B45B0020E3590020B3
:10779000505A0020AA480020A50303086C47002087
:1077A000DC050020422970B504461BD800230C25B7
:1077B00005FB03F6D8B2A65FB1420DD00133042B0E
:1077C000F6D1012A0CD100230C2505FB03F2D8B217
:1077D000A65E013601D1A15270BD0133042BF4D154
:1077E0001846F9E70420F7E770B5104E034600F19C
:1077F00030014FF6FF72012500241A805E601D7271
:107800005C720C338B42F8D1094B0286B3F85410EA
:10781000A0F89010B3F85610A0F89210B3F85230B8
:10782000A0F89430A0F8962070BD00BF00093D007C
:1078300078D00208422970B505460E4621D80122AB
:10784000FFF7B0FF032804461BD8422E0BD0B5F932
:107850009630013307D101213046E3F717FE0121AD
:107860003046E3F761FE0C2000FB0454002385F84A
:107870008530627A237A616805F1340000F086F978
:107880002E8670BD82B0F8B5422906AC84E80C00A3
:1078900005460E462ED80122FFF784FF0328044632
:1078A00028D807B207EB470705EB8707079B7B60E4
:1078B0000C2303FB00539DF82220BDF820101981F2
:1078C000422E9A720BD0B5F99630013307D10121BF
:1078D0003046E3F7DBFD01213046E3F725FE0C20BF
:1078E00000FB04547968237A627A05F1340000F0D1
:1078F0004DF92E86BDE8F84002B070474229F0B538
:1079000015D80B4D034600F130024FF6FF740126E7
:107910000027B3F900C08C4501BF1C805D601E725A
:107920005F720C339342F4D14FF6FF730386F0BDC0
:1079300000093D00F0B587B042298DF80F204FF0C7
:10794000000204460D461F468DF817203FD8FFF76A
:1079500029FFB4F930309D42064610D0032803D9E0
:107960009DF8170007B0F0BD0C2101FB004104F1A8
:1079700034000B7A4A7A496800F008F92586422DCE
:1079800007D0B4F99630013303D100212846E3F73C
:10799000CBFD0C2000FB06460DF11702B37A0193D4
:1079A0004FF47A7300930DF10F01012304F13400B9
:1079B00000F00AFA422DD3D0012FD1D1B4F996307C
:1079C0000133CDD139462846E3F7AEFDC8E710466E
:1079D000C8E72DE9F74304469DF828900D46174661
:1079E0009846002B42D0002A40D042293ED800229F
:1079F000FFF7D8FEB4F930309D4206460CD003287C
:107A000034D80C2101FB004104F134000B7A4A7A8E
:107A1000496800F0BBF82586422D07D0B4F99630AE
:107A2000013303D100212846E3F77EFD0C2000FB43
:107A300006463A46B37A01934FF47A730093394677
:107A40001FFA88F304F1340000F0BEF9422D0DD086
:107A5000B9F1010F0AD1B4F99630013306D1494684
:107A6000284603B0BDE8F043E3F75EBD03B0BDE8D0
:107A7000F0832DE9F347DDF828A09DF82C9004460B
:107A80000D4617469846BAF1000F44D0002A42D05E
:107A9000002B40D042293ED80022FFF783FEB4F9E4
:107AA00030309D4206460CD0032834D80C2101FB0F
:107AB000004104F134000B7A4A7A496800F066F814
:107AC0002586422D07D0B4F99630013303D1002129
:107AD0002846E3F729FD0C2000FB06464246B37A10
:107AE00001934FF47A73009339461FFA8AF304F135
:107AF000340000F069F9422D0DD0B9F1010F0AD11F
:107B0000B4F99630013306D14946284602B0BDE8A3
:107B1000F047E3F709BD02B0BDE8F0870148FFF781
:107B200063BE00BF845C002030B5C46891FAA1F345
:107B3000B3FA83F303255B0005FA03F324EA030396
:107B400091FAA1F1B1FA81F149008A401343C3606F
:107B500030BD00000A4A0346106883B1094A9342C7
:107B60000BD007D823F48063A2F57842934206D164
:107B7000E5F766B9044A934201D1E5F771B9704758
:107B8000B801002000300140003401402DE9F04FE1
:107B90000D4685B0174698460446002800F0AD8093
:107BA0007F49B0F95E00E7F739F87E498146B4F9BC
:107BB0005C00E7F733F87C498246B4F96000E7F7E8
:107BC0002DF87A490646B4F96200E7F727F88346AC
:107BD000B9F1000F00F09180BAF1000F00F08D8034
:107BE000002E00F08A8051464846E7F740F8594693
:107BF00082463046E7F73BF8014681465046E7F7B4
:107C000036F8A065BAF1000F77D0B9F1000F74D043
:107C1000002872D0B4F9623020605A1C14BF4FF4AF
:107C200080234FF40073A3614FF482736360FFF706
:107C300091FFB5EB500F63D30023002517F0FD0F24
:107C4000E36114BF01232B46022F636134BF2B462F
:107C500002232361A8454FF00703E3620CBF802392
:107C60002B46C4E908354E49B4F95E00A560A5620B
:107C7000E560E6F7B3FF4B49B4F95C00E6F7AEFF09
:107C8000B4F960004849E6F7A9FF2369AB42B4F9AB
:107C90006030C3F3031114BF01220222052998BFEB
:107CA000434803F00F0398BF50F82100414988BFB3
:107CB0002846022A51F8231018BF0122FFF734FF8B
:107CC0003A49B4F96200E6F789FF23683A4A9342D9
:107CD00035D100230093394B5A6C42F480525A64D8
:107CE0005B6C03F480530093009B2046E5F705F995
:107CF0002268136843F04003136005B0BDE8F08FBD
:107D0000B5EB900F01D3082397E7B5EBD00F01D364
:107D1000102392E7B5EB101F01D318238DE7B5EBC5
:107D2000501F01D3202388E7B5EB901F01D32823F0
:107D300083E7B5EBD01F2CBF302338237DE7204AE3
:107D4000934213D002F5806293421CD01D4A9342A5
:107D5000CBD100230393194B5A6C42F400525A645E
:107D60005B6C03F400530393039BBEE70023019372
:107D7000124B1A6C42F480421A641B6C03F4804369
:107D80000193019BB1E7002302930C4B1A6C42F460
:107D900000421A641B6C03F400430293029BA4E7A5
:107DA000A4CE020850CE0208F8CE02084CCF02083A
:107DB0009C01002014D40208003001400038024029
:107DC00000380040003401402DE9F047DDF8208004
:107DD0009DF824900C4615461E465BB1B8F1000F85
:107DE0000BD00768E3F71EFC26448246B44207D155
:107DF000002003E0B8F1000F1BD10120BDE8F0879F
:107E0000BB689A07FCD514F8013B3B73B9F1000F2E
:107E100005D1BB68DB07FCD5FB6805F8013BB8F171
:107E2000FF3FE3D0E3F7FEFBA0EB0A004045DDD3C4
:107E3000E3E70220E2E730B40024A0F8544080F8E1
:107E400056409DF808500295083030BC00F0E1BB68
:107E50002DE9F341089D07460C469046EE18B542C1
:107E600002D102B0BDE8F08115F8013B0093214634
:107E7000002342463846083400F0F8FBE4B2EEE74F
:107E80002DE9F7431E469DF828500095DB0003F0CE
:107E9000F803DDF82C9007468846144600F01CF8DD
:107EA00018B12544EDB2AC4202D103B0BDE8F08375
:107EB000CDF8009022463346414638460134FFF75C
:107EC000C7FFB144E4B2EEE710B49DF8044001945A
:107ED0005DF8044BFFF7D4BF70B505469DF8104020
:107EE00095F84B6090F84900013C14449642E4B286
:107EF00013D3A04201D9A24211D995F84A0095F8AE
:107F00004820013B0B448842DBB20AD39A420BD98A
:107F1000994294BF0020012070BDA042EBD90020FF
:107F2000FAE79A42F4D9FAE70120F5E710B48C6831
:107F30000023A44601215DF8044B604710B48C680F
:107F40000023A44603215DF8044B604710B48C68FD
:107F50000023A4461A465DF8044B0421604710B480
:107F60008C680023A44601225DF8044B042160477D
:107F700010B48C680023A44602215DF8044B6047CE
:107F800010B48C680023A44605215DF8044B6047BB
:107F900010B48C680621A4465DF8044B6047F8B520
:107FA00005460E46571E002017F8014F50B9FF2C0A
:107FB00038D0224631462846FFF7E2FF0028F2D1AA
:107FC0000020F8BDFF2CF4D0FE2CFAD0EF2CEAD81C
:107FD000DF2C06D904F00F0231462846FFF7C8FF10
:107FE000E1E7CF2C06D904F00F0231462846FFF70F
:107FF000A5FFD8E7BF2C12D9240102343146284608
:1080000004F0FE04FFF7A2FF204600F09DF8314681
:108010002846FFF7A4FF204600F096F8C3E72306A2
:10802000C1D4F8E70120BFE770B53C4C1E46237869
:1080300088B015463BB90139052933D8DFE801F08E
:108040000D34383D3F56012902D0FF2008B070BDE5
:10805000013BDBB22370002BF7D10221039000F02B
:10806000BFFC0398012100F0BBFC0398002100F045
:10807000B7FC03980122022100F0BAFC05AC0023F2
:108080002749009301222046E7F7B8FA94E8070051
:10809000244B03C323F8022B120C23481A704221ED
:1080A000FFF7C8FB0120D1E7012100F0A1FCF9E7AF
:1080B000B2FA82F252090221F7E70021F5E7194AE4
:1080C00007CA05AB83E80700079A00920CCB164855
:1080D0004221FFF7D7FB144801232A464221FFF72C
:1080E00029FC11484221FFF709FCDBE70D4B93E81F
:1080F000070005AC84E80700079B009394E80C0098
:10810000094842210124FFF7BDFB074800942B4694
:1081100032464221FFF75DFCE3E700BFC2020020C8
:10812000A02526001C5D0020845C0020044B4FF637
:10813000FF721A80034A5A6001221A81704700BFF9
:108140001C5D002000093D00084B094A596812686F
:1081500010B5084CB2FBF4F250434FF47A7250431E
:108160005A68521A9042FBDC10BD00BF001000E0BC
:10817000B801002040420F0000207047007870478F
:1081800010F0FD0F14BF0320062070478379C079DB
:1081900000EB032080B27047037A407A00EB0320A3
:1081A00080B270478368587870472DE9F843826839
:1081B000177804463846FFF7E3FF012F06461046BE
:1081C00014BF4FF0FF084FF00F0892F80B90FFF725
:1081D000E3FF60290AD948B110446125894512D2CC
:1081E0000020E06184F82000BDE8F8831046957A0D
:1081F000FFF7CCFF402903D910B110444125EDE72A
:1082000002F11100EAE74D45EAD80278FF2A05D1CC
:1082100001304D45E4D00135EDB2F6E78D421ED177
:1082200017F0FD0F0AD1E277427884F82020C27857
:108230002277027962774279A277D5E702F00F01BF
:1082400002391209A1776277427802F00F01120910
:1082500084F82010E277827812092277C4E78278C6
:1082600008EA020232441044D3E72DE9F04F884671
:1082700085B0194606461446FFF797FF0546C8B174
:1082800096F82090717FB27FB368F77F93F800A0D3
:10829000CDF80090A4EB09048844A41A5FFA88F88A
:1082A000E4B23B46224641463046FFF715FE20B970
:1082B00096F91C0005B0BDE8F08F50460737FFF770
:1082C0005FFFC7F3C40A07F0F807A1444744054419
:1082D0005FFA89F9FFB2A145EAD04146AB460BE00F
:1082E0001BF8013B0093224600233046039100F027
:1082F000BDF903990831C9B2B942F1D101345544ED
:10830000E4B2E8E737B51546426A019104460093A6
:108310009047009B01994219D2B2204603B0BDE8B4
:108320003040FFF7A2BF2DE9F0411D46436A1746D2
:1083300080460C469847C219D7B2013D002615F871
:10834000013F13B93046BDE8F08121463A46404628
:10835000FFF78BFF54FA80F456FA80F6E4B2F6B2D7
:10836000EDE72DE9F0411D46436A174680460C466D
:108370009847C219D7B2013D002615F8013F5BB1FD
:1083800021463A464046FFF770FF54FA80F456FA09
:1083900080F6E4B2F6B2F0E73046BDE8F0818368DB
:1083A000BBB190F82820AAB95A7980F829201B7B04
:1083B00080F82A3090F92A2090F929309B1A90F8F9
:1083C0002B209BB2402A1EBFDBB253439B0980F88F
:1083D0002C307047012A0BBFDA7B5A7B80F82920AA
:1083E00080F829200CBF1B7C9B7BE1E7014B43629B
:1083F000704700BF798102082DE9F0410646084622
:108400000F46904690470446E8B101463046FFF7D4
:10841000CCFE757F6D42EDB201373846C04750B192
:108420003846347FC0472C44E5B201460446304606
:10843000FFF7BBFEF0E7202C1BBFF47F717F347F7A
:1084400064182C44E4B22046BDE8F081014AFFF7ED
:10845000D3BF00BF7D81020883688B4210B504D072
:108460008160FFF79CFF014B436210BD79810208D8
:10847000012210B5002302822222C0E90233827455
:108480008361044600F1340300F14202FF2103F846
:10849000011B9342FBD1012384F831302046FFF7C2
:1084A000A5FF044BA362002384F82C30024B6364C5
:1084B00010BD00BF01000040D989020810B40C684B
:1084C000A4465DF8044B604737B5436C0191044600
:1084D0000220984701990A2200232046FFF7EEFF69
:1084E000636C054603209847636C00209847284634
:1084F00003B030BD13B50446436C01910220984788
:10850000636C012098470199002314222046FFF74D
:10851000D5FF04F14803019917222046FFF7CEFF4B
:10852000636C002002B0BDE81040184737B5044620
:10853000436C019102209847636C01209847019990
:10854000002315222046FFF7B9FF0199054628B1FF
:1085500004F1480317222046FFF7B0FF636C0020A8
:108560009847284603B030BD07B58DF807200DF1B8
:1085700007030F22FFF7A2FF03B05DF804FB10B45E
:1085800080F82D2080F82E305DF8044B00F12D038B
:108590003222FFF793BF07B546220DF10703FFF71D
:1085A0008DFF9DF8070003B05DF804FB07B5472277
:1085B0000DF10703FFF782FF9DF8070003B05DF898
:1085C00004FB00234822FFF779BF10B54168044639
:1085D000FFF7E1FF616820702046FFF7E7FF616861
:1085E00060702046FFF7EDFF6168E07404F1480316
:1085F00020461722BDE81040FFF760BF10B5416864
:108600000446FFF761FF18B12046FFF7DEFF0120A7
:1086100010BD2DE9F04104469DF818800F4616461E
:108620001D46FFF725FF676084F8366084F83550F3
:1086300084F834802046BDE8F041FFF7DFBF416891
:10864000FFF758BF836910B5044603B198476168C6
:108650002046BDE81040FFF769BF0A464168FFF7B2
:1086600083BF13460A464168FFF789BF30B49DF8BF
:10867000085080F82D1080F82E2080F8303080F8D7
:108680002F5030BC416800F12D033B22FFF716BF8D
:1086900080F83110704710B5C37884788B4234BFAE
:1086A00000230123914294BF0021012143EA0100EC
:1086B00094428CBF002000F001001940084310BD17
:1086C00000230B7083784B704379013B8B70C37828
:1086D000CB7070470B464978DB78012B04D0032B15
:1086E00006D00A46FFF7D7BF01F10802D2B2F9E778
:1086F000A1F108030A46D9B2F4E783684279002160
:1087000003EB420203F8011B9A42FBD1704730B5DC
:1087100085788468521BD2B2072A82BF407902F062
:1087200007022418012000FA02F2D2B26018615C3C
:1087300013B10A43027030BD21EA0202FAE710B415
:1087400084784A7894420CD8C478944209D30C783F
:108750004379A34205D90B7921465DF8044BFFF715
:10876000D6BF5DF8044B70472DE9F041CB788D788A
:10877000032B9DBF0D4AD75C0D4A002698BFD65CDF
:1087800080460C4688BF37462B0603D52146404617
:10879000FFF7D5FF23783B44237063786D003344A3
:1087A00015F0FF056370EFD1BDE8F081D903030830
:1087B000DD03030813B50846322A446819461AD067
:1087C00008D8152A21D0172A28D0142A17D001201A
:1087D00002B010BD462A25D0472A26D03B2AF6D122
:1087E00020460193FFF776FF01990028EFD020463D
:1087F000FFF7BAFFEBE72046FFF7A1FFE7E72046C8
:10880000FFF77BFF00F0FDF8E1E7204600F000F9FC
:108810000028DDD02046FFF770FFD8E72046FFF79D
:108820004FFFD4E763790B70D1E76378FBE72DE95D
:10883000FF410D461C461E46CF184FF0FF08B91BDE
:10884000072EC9B216D824F00701294414F00704F2
:10885000C9B20CD084F007040134FF2304F00704EC
:1088600003FA04F4E4B200940023FFF7FFFE04B01F
:10887000BDE8F081CDF800800023083ECDE902027A
:10888000F6B2FFF7F3FEDDE90202D8E72DE9FF417A
:1088900015461C461E46D7184FF0FF08BA1B072E78
:1088A000D2B216D824F007022A4414F00704D2B238
:1088B0000CD084F007040134FF2304F0070403FA0A
:1088C00004F4E4B200940123FFF7D0FE04B0BDE845
:1088D000F081CDF800800123083ECDE90201F6B217
:1088E000FFF7C4FEDDE90201D8E7F7B54FF0010C50
:1088F000CDF800C004460D4616461F46FFF7ECFAB9
:1089000040B13B4632462946204603B0BDE8F04020
:10891000FFF78DBF03B0F0BD2DE9F3419DF8207046
:10892000009705460E4614469846FFF7D5FAF8B16B
:108930004346224631462846FFF779FF3B4622460A
:1089400031462846FFF7A2FF08F1FF3131443B468C
:1089500022462846C9B2FFF799FF7A1E22444346B1
:10896000D2B23146284602B0BDE8F041FFF75FBF02
:1089700002B0BDE8F0812DE9F0419DF81850154492
:1089800006460F4614469846EDB222460134434649
:1089900039463046E4B2FFF74AFFAC42F5D1BDE8B4
:1089A000F0812DE9F3419DF82080CDF80080044648
:1089B0000D4616461F46FFF78FFA50B13B4632462A
:1089C00029462046CDF8208002B0BDE8F041FFF7EF
:1089D000D2BF02B0BDE8F08170470121E2F756BD79
:1089E000014491F83400FF2801D0FFF7F6BF70472B
:1089F000014491F83400FF2802D01146E2F794BDFB
:108A0000704703780022013B8270C3700271704787
:108A100010B58178027844781144C9B2A1428170BE
:108A20000DD2037901330371C3781344DBB29C4246
:108A30009CBF04F1FF33DBB2C370012010BD0020E6
:108A4000FCE700001F4B1B7823B11F4BA1F17D02F7
:108A50009A4236D807EE901A9FED1C7A9FED1C6A59
:108A6000F8EE677A0022C7EE876A0420DFED197AF4
:108A700066EEA76AD1B200FA01F39BB207EE903A14
:108A8000B8EEE77A1346C6EE877A0132F4EEC67A7C
:108A9000F1EE10FAEEDC062913D80F4AFCEEE77A65
:108AA000DBB245F255511160536017EE903A013B2D
:108AB000C3F30B039360D3689B07FCD14AF6AA2348
:108AC00013607047295D002043E0F30100247449DE
:108AD00000F07F450000FA46003000400D4B10B416
:108AE000A1F17D049C4212D80B4B5C6F44F0010451
:108AF0005C675C6FA407FCD5084B4CF6CC441C604B
:108B0000074B01241C705DF8044BFFF79BBF5DF819
:108B1000044B704743E0F30100380240003000404E
:108B2000295D0020034B1B781BB1034B4AF6AA2298
:108B30001A607047295D0020003000402DE9F047A1
:108B4000089D04468C46002B40F083808A421746DD
:108B500047D9B2FA82F242B1C2F1200024FA00F001
:108B60009140974040EA010C94404FEA1748230C8B
:108B7000BCFBF8F61FFA87FE08FB16C143EA014367
:108B800006FB0EF1994209D9FB1806F1FF3080F07F
:108B90001981994240F21681023E3B445B1AA4B20D
:108BA000B3FBF8F008FB103344EA034400FB0EFE6D
:108BB000A64509D93C1900F1FF3380F00581A6458F
:108BC00040F2028102383C4440EA0640A4EB0E0425
:108BD00000261DB1D4400023C5E900433146BDE85D
:108BE000F08702B9FFDEB2FA82F2002A50D1CB1B25
:108BF0004FEA174E1FFA87F80126B3FBFEFC210C43
:108C00000EFB1C3341EA034108FB0CF38B4207D9EE
:108C100079180CF1FF3002D28B4200F2E9808446D1
:108C2000C91AA3B2B1FBFEF00EFB101143EA0144D6
:108C300008FB00F8A04507D93C1900F1FF3302D228
:108C4000A04500F2D9801846A4EB080440EA0C4085
:108C5000BFE78B4209D9002D00F0B1800026C5E99D
:108C6000000130463146BDE8F087B3FA83F6002EA6
:108C70004AD18B4202D3824200F2B880841A61EB5F
:108C8000030101208C46002DA8D0C5E9004CA5E7C2
:108C9000C2F1200320FA03F6974001FA02F04FEAEE
:108CA000174ED9403043030CB1FBFEF61FFA87F88C
:108CB0000EFB161143EA014306FB08F1994204FA40
:108CC00002F409D9FB1806F1FF3C80F08D8099422F
:108CD00040F28A80023E3B445B1A81B2B3FBFEF055
:108CE0000EFB103341EA034100FB08F38B4207D926
:108CF000791800F1FF3C73D28B4271D902383944A4
:108D0000CB1A40EA064678E7C6F1200C03FA06F4CF
:108D100022FA0CF31C4320FA0CF701FA06F34FEA8F
:108D2000144E21FA0CF11F433B0CB1FBFEF91FFA64
:108D300084F80EFB191143EA014109FB08FA8A4540
:108D400002FA06F200FA06F308D9611809F1FF30B9
:108D500048D28A4546D9A9F102092144A1EB0A016A
:108D6000BFB2B1FBFEF00EFB101147EA014700FB5A
:108D700008F8B84507D9E71900F1FF312ED2B845F8
:108D80002CD90238274440EA0940A7EB0807A0FB8A
:108D900002894F45C64649461AD317D05DB1B3EB99
:108DA0000E0267EB010707FA0CFCF2404CEA0202E4
:108DB000F740C5E9002700263146BDE8F0872E467A
:108DC00028460BE70646E9E61846FDE64345E5D2A8
:108DD000B8EB020E69EB04010138DFE70846D2E781
:108DE00060468DE78146B9E7664675E730464AE753
:108DF000ACF1020C394413E702383C4424E700BFCD
:108E000008B501F0F5F8000010EE102AC2F3C753C0
:108E10007F3B162B22F000411ADC002B21DB1A4984
:108E200019410A421CD0DFED197A70EE277AF5EE6F
:108E3000C07AF1EE10FA13DD002A04DD4FF40000D1
:108E400040FA03F31A4422EA010300EE103A704795
:108E5000B1F1FF4F04D330EE000A70479FED0C0ACA
:108E60007047DFED0A7A70EE277AF5EEC07AF1EE00
:108E700010FAF5DD002AF1DB0029F7EE007A18BFC1
:108E8000B0EE670A704700BFFFFF7F00CAF249716A
:108E90000000008000B510EE103A204A23F0004395
:108EA000934283B019DDB3F1FF4F04DB30EE400A8B
:108EB00003B05DF804FB684600F0F8F900F0030029
:108EC000012811D002281FD0B8B1DDED010A9DEDB7
:108ED000000A012000F0F0FEEAE7DFED110A00F0E1
:108EE00033FB03B05DF804FBDDED010A9DED000AE4
:108EF00000F0E2FEB1EE400ADAE7DDED010A9DED99
:108F0000000A00F021FBD3E7DDED010A9DED000A28
:108F100000F01AFBB1EE400ACAE700BFD80F493F84
:108F20000000000010EE102AC2F3C7537F3B162B3F
:108F300022F000411ADC002B1EDB1A4919410A42BB
:108F400027D0DFED197A70EE277AF5EEC07AF1EED0
:108F500010FA1EDD002A04DA4FF4000040FA03F391
:108F60001A4422EA010300EE103A7047B1F1FF4FB4
:108F70000FD330EE000A7047DFED0B7A70EE277AE0
:108F8000F5EEC07AF1EE10FA03DD002A02DB9FED68
:108F9000070A70470029FFEE007A18BFB0EE670A93
:108FA000704700BFFFFF7F00CAF249710000000058
:108FB00010EE101AC1F3C752002910B4A2F17F04B9
:108FC000B4BF4FF0FF3001201E2C0EDC002C1BDB49
:108FD000C1F31603162C43F400030DDD963A9340BB
:108FE00003FB00F05DF8044B7047FDEEC07A5DF8BE
:108FF000044B17EE900A70474FF48002224113444D
:10900000C4F11704E340EBE7013418BF00205DF81A
:10901000044B704700B510EE103A214A23F000438C
:10902000934283B01ADDB3F1FF4F04DB30EE400A08
:1090300003B05DF804FB684600F038F900F0030067
:10904000012813D0022820D0B8B1DDED010A9DED32
:10905000000A00F079FAB1EE400AE9E7DFED110A03
:10906000002000F029FE03B05DF804FBDDED010AED
:109070009DED000A00F068FADAE7DDED010A9DEDEA
:10908000000A012000F018FED2E7DDED010A9DED97
:10909000000A012000F010FEB1EE400AC8E700BF50
:1090A000D80F493F0000000000F058B810B52DED72
:1090B000028B8AB0B0EE408A00F042FA254B93F959
:1090C0000040631C09D0B4EE488AF1EE10FA04D6D1
:1090D000B5EEC08AF1EE10FA03D40AB0BDEC028BF3
:1090E00010BD01231C4A009318EE100A00230192C0
:1090F0000893DFF7E9F80022CDE90401CDE9020188
:109100000023BCB110461946DFF760FA022CCDE906
:10911000060111D100F07AFF21230360089B9BB95F
:10912000DDE90601DFF720FC00EE100A0AB0BDEC15
:10913000028B10BDCDE90623684600F005FE00282D
:10914000E8D0089B002BEBD000F060FF089B036089
:10915000E6E700BFC3020020E403030810B582B0B5
:10916000CDED010A019B23F00042B2F1FF4FF0EE7A
:10917000407A30DC10EE100A20F00041B1F1FF4FD0
:1091800029DCB3F17E5F42D09C1704F0020444EA6C
:10919000D07431B37AB3B2F1FF4F40D0B1F1FF4F89
:1091A00029D08A1AB2F1F45F4FEAE25134DA002B87
:1091B00042DA3C3140DA9FED340A012C4ED0022CC9
:1091C00043D064B19FED317ADFED317A30EE070A9A
:1091D00030EE670A03E09DED017A37EE270A02B010
:1091E00010BD022C10D09FED2B0A032C18BFB0EE3F
:1091F000670A02B010BD9FED280ADFED287A00282B
:10920000B8BFB0EE670AEAE79FED210AE7E702B0D0
:10921000BDE8104000F09ABD9FED1F0ACDE7B1F107
:10922000FF4F04F1FF3420D0022C26D81C4B03EB57
:10923000840494ED000AD2E79DED017A87EE870A57
:1092400000F05CFE00F082FDB7E79FED107ADFEDE5
:10925000107A30EE070A37EEC00AC0E710EE103A77
:1092600003F1004300EE103AB9E7022C08D80D4B89
:1092700003EB840494ED000AB1E79FED030AAEE727
:109280009FED090AABE700BF000000002EBDBB3315
:10929000DB0F4940DB0F49C0DB0FC93FDB0FC9BF04
:1092A000F8030308EC030308DB0F493F70B510EE29
:1092B000103A954A23F00044944286B0054668DD92
:1092C000924A944210EE106A1ADC002BDFED907A7D
:1092D000904A24F00F0440F3F180944270EE677AD4
:1092E00066D09FED8D7A77EEC76A012077EEE67A39
:1092F000C5ED006A77EEC77AC5ED017A06B070BD9C
:10930000864A944267DDB4F1FF4F49DAE215863AA6
:10931000A4EBC25307EE903ABDEEE77ADFED806A28
:10932000B8EEC77A77EEC77A8DED037A67EEA67A44
:10933000BDEEE77AB8EEC77A77EEC77A8DED047A9C
:1093400067EEA67AF5EE407AF1EE10FACDED057AE9
:1093500040F0A380B5EE407AF1EE10FA14BF02237C
:109360000123704901910221009103A8294600F0D0
:109370006DF9002EC2DA95ED007AD5ED017AB1EEE5
:10938000477AF1EE677A404285ED007AC5ED017AC1
:10939000B4E7002285ED000A4260002006B070BDEF
:1093A00070EE407A0020C5ED017AC5ED007AA5E7A0
:1093B000DFED5D6A9FED5D7A77EEE67A012077EE6C
:1093C000C76A77EEE67AC5ED006A77EEC77AC5ED33
:1093D000017A06B070BD00F091FDDFED556A9FED9A
:1093E0004C6A9FED4D7AF6EE007AE0EE267AFDEEBD
:1093F000E77A17EE900AF8EEE76A1F28A6EEC60A8B
:1094000066EE877AB1EE666A1EDC4A4A411E24F097
:10941000FF0352F82120934216D030EE677A85ED93
:10942000007A30EE470A002E30EE670A85ED010A19
:10943000BFF664AFB1EE477AB1EE400A85ED007A2F
:1094400085ED010A404259E730EE677AE21517EEE2
:10945000103AC3F3C753C3EBD454082CDFDDDFED60
:10946000327A9FED327AF0EE405AE6EE275A30EE2D
:10947000650AA6EE270AF0EE407AD6EE877A35EE38
:10948000E77A17EE103AC3F3C753D21A192A06DC4B
:1094900085ED007AB0EE650AC3E7032361E79FED2F
:1094A000267A9FED265AB0EE650AA6EE070A75EEFB
:1094B000C07AE6EE077AD6EE857AAEE7944270EE91
:1094C000277A0ED09FED147A77EE876A4FF0FF303F
:1094D00077EEE67AC5ED006A77EE877AC5ED017A18
:1094E0000CE7DFED116A9FED117A77EEA67A4FF067
:1094F000FF3077EE876A77EEE67AC5ED006A77EEA1
:10950000877AC5ED017AF9E6D80F493FE3CB1640DB
:10951000800FC93FD00FC93F43443537800F4943BF
:1095200000008043840403080044353708A3852ED7
:1095300084F9223F0404030800A3852E32318D24D0
:10954000B1EEC00A704700BF10EE103A23F000439E
:10955000B3F1485F2CDAFDEEC07A17EE903A002B9B
:1095600060D020EE007ADFED314A9FED315ADFED19
:10957000315A9FED316ADFED317ADFED316AA7EEC6
:10958000245AE7EE055AA7EE256AE7EE067AE7EEDB
:10959000276A67EE266A60EEC00AF6EE007AE7EE0A
:1095A000260AB7EE000AD7EE270A30EE600A7047A7
:1095B00020EE007ADFED1D4A9FED1D5ADFED1D5AAA
:1095C0009FED1D6ADFED1D7ADFED1D6A1D4AA7EED6
:1095D000245A9342E5EE075AA5EE876AE6EE077A2B
:1095E000E7EE876A66EE876AD5DD174A934214DC98
:1095F00003F17F4307EE903AB7EE006A36EE676AF2
:1096000060EEC00AF6EE005AE7EE260AD7EE257A9B
:1096100077EEE00A36EE600A7047B6EE076AF5EEBE
:10962000027AEDE7B7EE000A704700BF4ED747ADAC
:10963000F6740F317CF293B4010DD037610BB6BADA
:10964000ABAA2A3D9999993E0000483F2DE9F04F79
:109650002DED048BDBB0D74C689D0791111D54F89C
:10966000256004930992834603F1FF39C0F29D827D
:10967000D31E44BF13460433DB1003930133DB00D6
:109680000893DDE908239B1A0693039B16EB090157
:10969000A3EB090316D401319FEDC77A69981944E9
:1096A0001EAA002BA4BF50F8234007EE904A03F1F6
:1096B0000103ACBFF8EEE77AF0EE477A8B42E2ECBA
:1096C000017AEED1002EC0F2E082049B1EA901EBCC
:1096D000830446AD4FEA830C4846F7180BEB830131
:1096E000B9F1000FDFEDB47A09DB22465B46F3ECFB
:1096F000016A32ED017A8B42E6EE877AF7D10130CA
:10970000B842E5EC017A04F10404E9D10DF128082E
:1097100008EB8603083B05939FEDA99ADFEDA78A26
:109720000698009609AB03EB860A0BEB0C0446AFD8
:109730005B465AAA02EB8602002E12ED140A4FEA8B
:10974000860B16DD07EB8602414660EE097AB0EE25
:10975000407AFDEEE77A72ED016AF8EEE77ABA42F6
:10976000A7EEE87A37EEA60ABDEEC77AA1EC017A39
:10977000EBD1CDE9010300F0C9FBB0EE408AB4EEB5
:10978000000A28EE000AFFF7CDFBF2EE007AA0EE09
:10979000678A0198029BFDEEC89A0028F8EEE97AE4
:1097A00038EE678A78DD06F1FF3CC0F1080258F810
:1097B0002C5045FA02F101FA02F2AA1A48F82C20BC
:1097C000C0F1070519EE90CA42FA05F58C44002D48
:1097D00009EE90CA68DCB5EE408AF1EE10FA40F06E
:1097E000B680009A06F1FF3E724510DC06F1804219
:1097F000013A08EB820200219C4652F80439524596
:1098000041EA0301F9D16346002940F0F280009A51
:10981000013A58F82220002A40F0E680059A4FF0DD
:10982000010C52F804190CF1010C0029F9D006F1D1
:10983000010BB444DE460499039A8D195A441EA9BB
:1098400002F1804201EB85056999013A01EB82063C
:1098500007EB8B0BD6ED017A9FED577AF8EEE77A9E
:10986000B9F1000F06F104062946C5ED007A05F1AD
:10987000040509DB1A4601E071ED017AF2EC016A98
:10988000A242A6EEA77AF7D10EF1010EE645ABECA7
:10989000017ADFDD66464CE740F09C80721E58F886
:1098A00022502D12002D96DD19EE902A002E02F185
:1098B000010209EE902A40F38E81D8F800100029A9
:1098C00074D1012E1CD042464FF0010C52F8041FF7
:1098D000002979D00CF10102C1F58071964248F857
:1098E0002C100CDD58F82210C34408EB820200E073
:1098F0001168C1F1FF0142F8041B5A45F8D101215A
:1099000000280CDD012800F04781022807D106F16C
:10991000FF3C58F82C2002F03F0248F82C20022D82
:109920007FF459AFB7EE000A30EE488A00293FF4C1
:1099300052AFCDE9010300F0E9FA38EE408ADDE9E3
:109940000103B5EE408AF1EE10FA3FF44AAFDDE9CB
:109950000832B0EE480A981A02960195009E00F06F
:10996000D5FA9FED167AB4EEC70AF1EE10FADDE9EA
:109970000123C0F25781DFED127A069960EE277A53
:109980000831FDEEE77A0691F8EEE77A5D1CA7EE66
:10999000C70AFDEEE77ABDEEC00A10EE101A48F8CD
:1099A000231017EE903A48F8253039E001224FF0A5
:1099B000000C91E7C8070308000000000000804386
:1099C0000000803B0000C93F0CF1010CB4457FF45E
:1099D0007DAF95E7F6EE007AB4EEE78AF1EE10FA85
:1099E00080F2E8800025F6E606F1010BDE46DC4653
:1099F00021E7069858F82E10083833462A46009E6C
:109A00000690754661B903F18043023B08EB83037E
:109A1000014653F80409013D08390028F9D00691A0
:109A200006980092B7EE000A00F070FA002D009A36
:109A3000C0F21E814FEA850E46AB03EB0E070EF116
:109A4000040C1FED217A08EB0C03391D73ED017A2C
:109A5000F8EEE77A434567EE807A20EE070A61ED7B
:109A6000017AF3D1002E1FED296A4FF0000420DBAC
:109A70008F48DFED907A3946B0EE467A002303E056
:109A80009C4208DBB0EC017AF1EC016A01339E42A2
:109A9000E6EE877AF4DA5AAB03EB8403A54243ED92
:109AA000287AA7F1040704F1010305D0002E1C4613
:109AB000DEDADFED807AEEE7689902291CDC002906
:109AC00000F38B800FD132ABDFED7A7A9C443CED12
:109AD000017A634577EE877AF9D10AB1F1EE677AB8
:109AE000079BC3ED007A19EE903A03F007005BB0D4
:109AF000BDEC048BBDE8F08F689B032BF3D1002DE8
:109B000000F0CB805AAB734432A913ED287A01EBF5
:109B1000850373ED017AF0EE476A37EE277A9942B2
:109B200077EEC77A83ED007A77EEA67AC3ED017AF5
:109B3000EFD1012D40F3B18005F180455AAB013DD5
:109B40009E44AD002B1D1EED287A0B4433A873ED07
:109B5000017AF0EE476A37EE277A984277EEC77AB5
:109B600083ED007A77EEA67AC3ED017AEFD108355E
:109B7000DFED507A4B19083133ED017A994277EED7
:109B8000877AF9D1002A55D10799329A339BC1EDD2
:109B9000027A0A604B60A6E706F1FF3C58F82C20D9
:109BA00002F07F0248F82C20B9E60823089300232E
:109BB000039366E519EE902A002E02F1010209EEE8
:109BC000902AC8BF02253FF778AEF7EE007A37EE4D
:109BD000C88A0225FFE5002192E632A9DFED357A39
:109BE00001EB830333ED017A994277EE877AF9D15D
:109BF00092BB9DED327A079B002DC3ED007A77EE84
:109C0000677A0BDD33A90123B1EC017A01339D4260
:109C100077EE877AF8DA0AB1F1EE677A079BC3ED3F
:109C2000017A60E7BDEEC00A1D4610EE101A48F832
:109C30002310F5E6DDED326A9DED337A079BF1EEF8
:109C4000677AF1EE666AB1EE477AC3ED027AC3ED48
:109C5000006A83ED017A46E7DDED326A079BB1EEDB
:109C6000677A002D76EEE77A83ED007ACADCD3E7D7
:109C7000689B022B0DDC002B14DC7FF434AFDFED8E
:109C80000D7A002A3FF42CAF28E7049B4FEA830C9F
:109C90003CE5689B032B7FF426AFDFED067A002AB4
:109CA000C8D171E7DFED037A002AA2D0D4E700BF64
:109CB000A00703080000000010EE103A23F0004354
:109CC000B3F1485F04DAFDEEC07A17EE903A5BB369
:109CD00060EE007A9FED155ADFED155A9FED156A7B
:109CE000DFED156A9FED157AE7EE855A20EE275ACB
:109CF000A5EEA76AE6EE276AA6EEA77A30B9DFEDF1
:109D0000106AE7EE876AA6EE850A704727EE457A65
:109D1000F6EE006AA0EEA67ADFED0A6AD7EE270A11
:109D2000E5EE260A30EE600A704700BFD3C92E2F39
:109D3000342FD7B21BEF3836010D50B98988083C53
:109D4000ABAA2ABEABAA2A3E0020704738B510EE57
:109D5000105A25F00044B4F1A14FF0EE407A0BDB2D
:109D6000B4F1FF4F59DCDFED527A9FED520A002D1E
:109D7000C8BFB0EE670A38BD4F4B9C425CDCB4F103
:109D8000445F4DDB4FF0FF3327EEA76A9FED4B1A80
:109D90009FED4B2A9FED4B3ADFED4B1ADFED4B2A3F
:109DA0009FED4B4ADFED4B3A9FED4B5ADFED4B4AAF
:109DB000DFED4B6ADFED4B5A26EE067A5A1CA7EE12
:109DC000012AE7EE212AA2EE073AE2EE873AA3EE55
:109DD000074AE3EE874AA4EE075AE4EE875AE5EE17
:109DE000076A25EE877A66EE866A3AD03E493F4A90
:109DF00001EB830176EE876A91ED000A96EEA70AE1
:109E000002EB8303002D93ED007A70EE677A37EE54
:109E1000670AB0DAB1EE400A38BD30EE000A38BD4C
:109E20009FED337A30EE077AF7EE006AB4EEE67A09
:109E3000F1EE10FAA6DD38BD00F060F82D4B9C4223
:109E400016DCA3F5D0039C4227DCF0EE007ABFEECF
:109E5000007AA0EE277A002330EE270AC7EE007AB8
:109E600092E776EE876AE6EEE77AB0EE670A38BDEB
:109E7000214B9C420BDCF7EE087AB7EE007AA0EE9D
:109E8000277A022330EE670AC0EE077A7CE7BFEE3E
:109E9000007AC7EE007A032376E7F7EE007A30EE19
:109EA000677A30EE270A0123C7EE007A6CE700BF1D
:109EB000DB0FC93FDB0FC9BFFFFFDF3ED769853C22
:109EC00059DA4B3D356B883D21A215BD6BF16EBD56
:109ED0006E2EBA3D95879DBD2549123E388EE3BD55
:109EE000ABAAAA3ECDCC4CBEE4070308D4070308B6
:109EF000CAF24971FFFF973FFFFF1B4010EE103A77
:109F000023F0004300EE103A704700BF82B08DEDA1
:109F1000010A019B33F000422AD0B2F1FF4F23D255
:109F200013F0FF4F28D19DED017ADFED2A7A2A4BFD
:109F300067EE277A9842CDED017A37DB019BC3F3B8
:109F4000C752193A0244FE2A1ADD9FED240A9FEDFA
:109F5000247A019B002BF0EE407AB8BFB0EE470A9E
:109F600020EE270A02B0704730EE000A02B07047B8
:109F70009DED010A02B07047D20D0244FE2AE4DCD6
:109F8000002A0BDC12F1160F17DA4CF2503398420C
:109F9000DBDC9FED140A9FED147ADAE723F0FF4330
:109FA00043EAC25300EE103A02B070479FED0D0A2B
:109FB000DDED017A27EE800AD8E7193223F0FF435E
:109FC00043EAC253DFED097A07EE103A27EE270A7B
:109FD000CCE700BF0000004CB03CFFFFCAF2497163
:109FE000CAF249F16042A20D6042A28D0000003326
:109FF00008B5062000F064F90120E5F7A3FA002374
:10A0000001461A46184601F0F5B90000014B1868E0
:10A01000704700BFC402002070B50D4D0D4C641B8D
:10A02000A4100026A64209D10B4D0C4C02F082FD73
:10A03000641BA4100026A64205D170BD55F8043B50
:10A0400098470136EEE755F8043B98470136F2E7AA
:10A05000000B0308000B0308000B0308480B030860
:10A06000024B0146186800F099B800BFC4020020F6
:10A07000024B0146186800F041B800BFC40200203E
:10A0800030B501390024A24201D1002005E0035D72
:10A0900001340D5DAB42F6D0581B30BD0A449142ED
:10A0A00000F1FF3300D1704710B511F8014B03F8F0
:10A0B000014F9142F9D110BD884210B501EB020465
:10A0C00002D98442234607D8431EA14208D011F882
:10A0D000012B03F8012FF8E7024401468A4200D120
:10A0E00010BD13F8014D02F8014DF7E70244034695
:10A0F000934200D1704703F8011BF9E737B50029F7
:10A1000048D051F8043C0190002BA1F10404B8BFE1
:10A11000E41801F045FD204A01981368154633B94B
:10A120006360146003B0BDE8304001F03FBDA3425E
:10A130000BD921686218934204BF1A685B68636098
:10A1400004BF521822602C60ECE71A465B680BB122
:10A15000A342FAD911685518A5420BD124682144AD
:10A160005418A3421160DDD11C685B685360214420
:10A170001160D7E702D90C230360D3E72568611982
:10A180008B4204BF19685B68636004BF4919216092
:10A190005460C7E703B030BD2C5D0020F8B5CD1C7E
:10A1A00025F0030508350C2D38BF0C25002D06467B
:10A1B00001DBA94203D90C2333600020F8BD01F074
:10A1C000EFFC21490A6814469CB9204F3B6823B92B
:10A1D0002146304600F03CF838602946304600F011
:10A1E00037F8431C23D10C233360304601F0DEFCEA
:10A1F000E3E723685B1B17D40B2B03D923601C44B4
:10A20000256004E06368A2420CBF0B6053603046D7
:10A2100001F0CCFC04F10B00231D20F00700C21A52
:10A22000CCD01B1AA350C9E722466468CCE7C41CF3
:10A2300024F00304A042E3D0211A304600F008F8CD
:10A240000130DDD1CFE700BF2C5D0020305D002064
:10A2500038B5064D0023044608462B60E5F754F94F
:10A26000431C02D12B6803B1236038BD0067002076
:10A270001F2938B504460D4604D9162303604FF054
:10A28000FF3038BD426C12B152F821304BB9204634
:10A2900000F030F82A4601462046BDE8384000F07C
:10A2A00017B8012B0AD0591C03D1162303600120D3
:10A2B000E7E7002442F82540284698470020E0E7D9
:10A2C000024B01461868FFF7D3BF00BFC40200204D
:10A2D00038B5074D00230446084611462B60E5F7C4
:10A2E00033F9431C02D12B6803B1236038BD00BF92
:10A2F00000670020E5F730B90EB400B59CB01DAB87
:10A30000029006906FF000410948079104910949B5
:10A3100053F8042B05910068019302A902F01CF97F
:10A32000029B00221A701CB05DF804EB03B070476A
:10A33000C40200200802FFFF70B50C4D04462E46F3
:10A3400014F8013B5A5D02F00302012A11F8012BB7
:10A35000B05C00F0030008BF2033012808BF2032A2
:10A36000981A01D1002AEBD170BD00BF5108030833
:10A3700010B50246147813460132002CFAD1013B85
:10A3800011F8012B03F8012F002AF9D110BDC9B231
:10A39000034610F8012B1AB18A42F9D118467047CA
:10A3A000002918BF0023F9E7034611F8012B03F831
:10A3B000012B002AF9D1704710B56AB10139841810
:10A3C00010F8013B11F8012F934203D1A04201D0B4
:10A3D000002BF5D1981A10BD1046FCE710B50139D5
:10A3E000034632B111F8014F03F8014B013A002C3A
:10A3F000F7D11A440021934200D110BD03F8011B8C
:10A40000F9E738B503460C4669B9BDE83840FFF7AF
:10A41000BEBF431C054621461846FFF7B8FF00287B
:10A42000F7D1284638BD0025F5E7F0B50C7864B1C2
:10A4300003461A7818465E1C0AB9104605E0944295
:10A4400008D10D4615F8012F02B9F0BD13F8017FB0
:10A450009742F7D03346ECE770B504460D4645EC1D
:10A46000104B164601F0A4FE51EC100B7EB1C5F363
:10A470000A53C3F16B03002B09DD1B0503F17F5564
:10A48000002405F5401522462B46DDF775FF70BD0B
:10A490002DE9F04FA3B01F4600231E93A44B199241
:10A4A0001B680793044618468846DEF7C7FA4FF044
:10A4B000000A05464FF0000BCDF874801D9B1A78FA
:10A4C0002B2A4CD039D80D2A32D8082A32D8002A63
:10A4D0003CD000230E931D9E3378302B40F0B48087
:10A4E000737803F0DF03582B6CD10E9B01931EABE6
:10A4F000029700938F4A1FAB1DA9204601F044F834
:10A5000010F00707054605D0062F2AD10136002393
:10A510001D960E93199B002B40F096850E9BDBB188
:10A5200052460BF1004343EC102B23B0BDE8F08FF3
:10A53000202ACED101331D93C0E72D2AC9D1012293
:10A540000E925A1C1D925B78002BC4D1199BCDF83A
:10A550007480002B40F0768552465B46E3E700228C
:10A56000EEE71E9A3AB1352120A801F020FF1E998E
:10A57000204601F055FB013F052F07D8DFE807F023
:10A580000E0B181D0E034FF0000BDA462807C1D53D
:10A590004BF0004BBEE7DDE920ABF7E7DDE920A398
:10A5A0001F9A23F4801302F2334243EA025BEDE781
:10A5B000DFF884B14FF0000AE8E76FF0004B4FF08E
:10A5C000FF3AE3E71D9B5A1C1D925B78302BF9D0B4
:10A5D000002B9FD001234FF0000904931D9B0A9389
:10A5E000CDF824904F460A221D980678A6F1300334
:10A5F000D9B209292AD907992A46FFF7DDFE98B36F
:10A60000002033463D4607900246652B01D0452B7E
:10A6100018D11DB9049B034398D00025DDF8748040
:10A6200008F101031D9398F801302B2B75D02D2BC9
:10A630007BD04FF0000CA3F13001092940F2828059
:10A64000CDF8748000269DE00023C4E7082FD8BF12
:10A65000099900F10100DABF02FB0133099302FB03
:10A66000093901371D90BFE71D9B5A191D925B5D8B
:10A67000002F37D007903D46A3F13002092A12D9A6
:10A680000122C2E71D9B5A1C1D925B780130302BC2
:10A69000F8D0A3F13102082A00F2DB841D9A07905A
:10A6A00000200A920546303B00F1010214D00799C0
:10A6B000114407912A4600EB050E0A21724513D179
:10A6C0002A18082A05F1010505441CDC09990A220B
:10A6D00002FB0133099300221D9B591C1D915B78DD
:10A6E0001046C9E73846D2E7082A04DC099E4E43E3
:10A6F00009960132E2E702F1010CBCF1100FD8BF5C
:10A7000001FB09F9F5E7102DDCBF0A2202FB09392C
:10A71000E1E70023079301227CE74FF0000C08F1EA
:10A7200002031D9398F8023085E74FF0010CF6E71D
:10A73000B4090308FC0703080000F07F1D9B591CA7
:10A740001D915B78302BF9D0A3F1310108293FF638
:10A7500079AFA3F1300E1D9B08931D9B591C1D91D1
:10A760005B78A3F13006092E37D9089E891B08298A
:10A7700044F61F6602DC7645A8BF7646BCF1000FA2
:10A7800000D07642002D4FD1049901437FF4C2AE30
:10A79000002A7FF4DBAE692B27D024DC492B24D0A0
:10A7A0004E2B7FF4D3AE9E491DA801F033F900284B
:10A7B0003FF4CCAE1D9B1B78282B2DD1994920AAA4
:10A7C0001DA801F03BF9052826D1219BDDF880A0CA
:10A7D00043F0FF4B4BF4E00B9CE60A2101FB0E3EDD
:10A7E000AEF1300EB9E76E2BDBE78F491DA801F003
:10A7F00011F900283FF4AAAE1D9B8C49013B1DA80E
:10A800001D9301F007F910B91D9B01331D93DFF86B
:10A810002CB24FF0000A7DE6854802F031F98DED4B
:10A82000040BDDE904AB75E6079B0998F31A002FCA
:10A8300008BF2F46102D0893A846A8BF4FF0100858
:10A84000DDF720FD092D82468B4613DD794B03EBA6
:10A85000C80353E91223DDF78FFD824648468B4635
:10A86000DDF710FD02460B4650465946DDF7CEFB9C
:10A8700082468B460F2D38DC089B002B3FF44AAEF6
:10A8800024DD162B0BDC6B4D05EBC305D5E9000170
:10A8900052465B46DDF770FD82468B463AE6089AE3
:10A8A000C5F12503934220DB624CC5F10F0504EB93
:10A8B000C50152465B46D1E90001DDF75DFD089B0D
:10A8C0005D1B04EBC504D4E90023E3E7089B1633C2
:10A8D0000BDB079B574A9E1B02EBC606D6E90023FB
:10A8E00050465946DDF772FED6E7089BA5EB0808EF
:10A8F0009844B8F1000F71DD18F00F030AD04D49EC
:10A9000001EBC30152465B46D1E90001DDF734FD9E
:10A9100082468B4638F00F084DD0B8F59A7F22DD7D
:10A9200000252E46099507952223DFF810B12360F4
:10A930004FF0000A099B002B3FF4ECAD1E99204616
:10A9400001F06EF90799204601F06AF93146204678
:10A9500001F066F90999204601F062F9294620467E
:10A9600001F05EF9D6E500234FEA28185046594613
:10A970009946B8F1010F21DC0BB182468B462E4B74
:10A98000ABF1547B03EBC90952465B46D9E90001A0
:10A99000DDF7F2FC294B0A460B4029498B428246DF
:10A9A000BED8A1F580118B4286BFDFF898B04FF07A
:10A9B000FF3A02F1547B0023049381E018F0010F69
:10A9C00007D01D4B03EBC903D3E90023DDF7D4FC0B
:10A9D000012309F101094FEA6808CAE7EBD0C8F181
:10A9E000000818F00F020AD0124B03EBC2035046C6
:10A9F0005946D3E90023DDF7E9FD82468B465FEA3D
:10AA00002818D8D0B8F11F0F1EDD00252E46099555
:10AA1000079522234FF0000A4FF0000B236089E7CF
:10AA2000FED102081008030802D20208F407030846
:10AA3000FCD10208F0090308C80903080000F07FF0
:10AA40000000A07CFFFFEF7F18F0100318BF6A23FF
:10AA5000DFF8B493049350465946002318F0010FD1
:10AA600004D0D9E90023DDF787FC01235FEA6808F9
:10AA700009F10809F2D10BB182468B46049BBBB1A8
:10AA8000CBF30A53C3F16B03002B594610DD1F2B88
:10AA900040F32881342BDEBF203B4FF0FF3202FA17
:10AAA00003F34FF0000ACCBF4FF05C7B03EA010BCD
:10AAB0000022002350465946DDF7C6FE0028A4D1E7
:10AAC000099B00930A992B463A46204601F0FDF86F
:10AAD000099000283FF424AF079B9E1B089B002B86
:10AAE000B4BF334600231093089B002523EAE37389
:10AAF00018932E46099B2046596801F05DF807908F
:10AB000000283FF411AF099B1A69023203F10C01CE
:10AB100092000C30FFF7C2FA4BEC10AB20AA1FA931
:10AB20002046CDE90AAB01F0BFFB1E9000283FF4A0
:10AB3000FBAE0121204601F056F9064600283FF4FD
:10AB4000F3AE1F9B0499002BABBF109A189A189F65
:10AB5000DDF84090ACBF03EB0209D71A209AA3EBB3
:10AB600001089044A34B08F1FF389845C2F1360222
:10AB700080F2CC80A3EB08031F2BA2EB03024FF063
:10AB8000010100F3B68001FA03F3119300230C9343
:10AB900009EB0208049BC14517441F444B46A8BF5C
:10ABA0004346BB42A8BF3B46002BC2BFA8EB0308ED
:10ABB000FF1AA9EB0309109B002B17DD31461A463B
:10ABC000204601F0B5F9064600283FF4ADAE014637
:10ABD0001E9A204601F010F90F9000283FF4A4AE11
:10ABE0001E99204601F01CF80F9B1E93B8F1000F30
:10ABF00000F39180089B002B08DD189A07992046E6
:10AC000001F096F9079000283FF48EAE002F08DD82
:10AC100007993A46204601F0D9F9079000283FF4F9
:10AC200083AEB9F1000F08DD31464A46204601F0F7
:10AC3000CDF9064600283FF477AE079A1E992046C4
:10AC400001F03FFA054600283FF46EAEC3680F934B
:10AC50000023C360314601F018FA002865DA0F9B23
:10AC600053EA0A0340F08780CBF31303002B40F034
:10AC700082802BF000431B0D1B05B3F1D66F7AD9F0
:10AC80006B6913B92B69012B75DD2946012220461A
:10AC900001F09CF93146054601F0F7F900286ADD1C
:10ACA0000499554A5B46002900F0858002EA0B01B1
:10ACB000B1F1D66F7FDCB1F15C7F7FF7AAAE4F4A6E
:10ACC0000023CDE916325046DDE916235946DDF75B
:10ACD00053FB0B46034308BF222382468B4608BF23
:10ACE00023602BE64FF0FF3202FA03F303EA0A0A6D
:10ACF000DEE6C8F17F4808F57F0808F57B4808F1D3
:10AD0000E20801FA08F30C93119141E700230C9338
:10AD1000012311933CE71E994246204601F056F963
:10AD20001E9000287FF466AFFEE55F466ED10F9A55
:10AD3000CBF3130342B3324A934228D1049B5046CB
:10AD4000EBB12D4A3A40B2F1D46F4FF0FF3119D830
:10AD5000120DC2F16B0301FA03F3984217D1294B8C
:10AD60009F4202D101303FF4DFAD234B3B4003F55E
:10AD7000801B4FF0000A049B002BA0D1DEE54FF0B2
:10AD8000FF33EAE70B46E8E753EA0A0388D00C9B57
:10AD9000DBB13B42EFD00F9B049A50465946C3B1FA
:10ADA000FFF75AFB02460B46DDE90A01DDF72EF9F3
:10ADB00082468B46DFE71340A3F580136FEA135BEF
:10ADC0006FEA0B5B4FF0FF3AD5E7119B13EA0A0FCE
:10ADD000E0E7FFF741FB02460B46DDE90A01DDF73C
:10ADE00013F90022002382468B46DDF72DFD002853
:10ADF000C1D00EE602FCFFFF0000F07F00005039DA
:10AE0000FFFF0F00FFFFEF7F2808030831462846A9
:10AE100001F09AFA59EC108B10EE100A00224FF054
:10AE200080434946DDF724FD00287CD00F9B002B92
:10AE30004CD0954B0022CDE90C23DFF84C924FF01B
:10AE40000008924B3B401193119A914B9A4240F06B
:10AE5000B280DDE90A23DDE90C01A7F1547B4BEC5C
:10AE600010ABCDE91623CDE90C0101F0A1F9DDE924
:10AE70000C0153EC102BDDF77FFA52465B46DDF7F1
:10AE8000C5F80B468149834A1940914282465ED9F2
:10AE90000B9B02F15472934203D10A9B01333FF49E
:10AEA00043ADDFF8FCB14FF0FF3A1E99204600F0A9
:10AEB000B7FE0799204600F0B3FE3146204600F069
:10AEC000AFFE2946204600F0ABFE13E6BAF1000FB4
:10AED0001BD1CBF31303F3B96B4B00224046494619
:10AEE000DDF7BCFCD0B9404649466B4B0022DDF78C
:10AEF00043FA8046894609F10043CDF868801B93E8
:10AF0000DDE91A23CDE90C239BE7BAF1010F02D149
:10AF1000002F3FF47EAD614B00228CE7DFF8789183
:10AF20004FF00008E7E75C4B404649460022DDF75A
:10AF300023FA0F9B8046894633B901F100431290F2
:10AF40001393DDE91223DDE7CDE91289F9E703F177
:10AF5000547B049B002BA8D12BF00043119A1B0DAE
:10AF60001B059A42A1D14046494601F0ADFDDDF7EF
:10AF7000D5F902460B4640464946DDF745F80F9A9B
:10AF8000CBF3130343EA0A0313438046894653D0A5
:10AF900035A3D3E90023DDF761FC00287FF4CEACB4
:10AFA00033A3D3E9002340464946DDF775FC00286A
:10AFB0003FF47BAFC2E4049B33B3119BB3F1D46F76
:10AFC00022D82DA3D3E9002340464946DDF750FCA3
:10AFD000A0B149464046DDF7A7FC012838BF012053
:10AFE000DDF750F90F9B8046894613BB01F1004302
:10AFF00014901593DDE91423CDE90C230D9B119AD0
:10B0000003F1D6639B1A0D93DDE90C019DED0A0B4C
:10B01000CDE90C0101F0CCF8DDE90C0153EC102B6B
:10B02000DDF7AAF9DDE90A23DCF7F0FF82468B465B
:10B030008FE7CDE91489DDE711A3D3E90023DDF71C
:10B040000DFCB4E700230E93199A1D9B1360FFF7C4
:10B0500065BA652B3FF45DAB452B3FF45AAB01223B
:10B06000FFF792BBAFF300809535A094FFFFDF3F61
:10B0700035E5AF350000E03F0000C0FFFFFFDF41D6
:10B080009535A094FFFFCF3F0000F03F0000F07F18
:10B090000000E07FFFFF9F7C0000E03F0000F0BF6A
:10B0A000FFFFEF7F2DE97043264E274B0A462DED1B
:10B0B000028B01463068FFF7EBF955EC104B10EEB0
:10B0C000102A10EE100A2B462946DDF7EFFB90B14F
:10B0D000002D1E4809DA01F0DBFCB1EE408AB0EE2B
:10B0E000480ABDEC028BBDE87083BDEC028BBDE865
:10B0F000704301F0CDBC20462946DDF735FC08EE53
:10B10000100ADFED137AB0EEC87AB4EE677AF1EE8A
:10B1100010FAE4DD25F000490E4B4FF0FF322046D7
:10B120004946DDF7C3FB40B90A4B4FF0FF322046DA
:10B130004946DDF79DFB0028D1D0336822221A60F2
:10B14000CDE700BFC402002030030020FCD102087C
:10B15000FFFF7F7FFFFFEF7F2DE9F0473A4E8646E6
:10B160008C4660461CF8014BA55D15F00805F8D12A
:10B170002D2C33D19CF800404FF0010800F1020C57
:10B18000002B5CD0102B0CD1302C0AD19CF8000085
:10B1900000F0DF0058284DD19CF8014010230CF13D
:10B1A000020C08F10047013F0026B7FBF3F93046D7
:10B1B00003FB197AA4F13005092D18D82C46A342B7
:10B1C00024DD751C07D081451DD301D1A2451ADBB2
:10B1D00000FB034001261CF8014BEBE72B2C08BFBA
:10B1E0009CF80040A84608BF00F1020CC8E7A4F193
:10B1F0004105192D01D8373CE1E7A4F16105192D6E
:10B2000004D8573CDBE74FF0FF36E4E7731C06D168
:10B210002223CEF80030384642B9BDE8F087B8F1B5
:10B22000000F00D04042002AF7D00EB10CF1FF31E0
:10B230001160F2E73024002BB3D10823B1E7302CA2
:10B24000A4D00A23ADE700BF5108030813460A46FD
:10B25000014602480068FFF77FBF00BFC40200201C
:10B260002DE9F0433B4E86468C4660461CF8014B68
:10B27000A55D15F00805F8D12D2C34D19CF80040BF
:10B280004FF0010800F1020C002B5ED0102B0CD106
:10B29000302C0AD19CF8000000F0DF0058284FD174
:10B2A0009CF8014010230CF1020C4FF0FF370025F1
:10B2B000B7FBF3F703FB07F96FEA09092846A4F186
:10B2C0003006092E18D83446A34224DD002D1FDB9A
:10B2D00087421DD301D1A1451ADB00FB03400125A4
:10B2E0001CF8014BEBE72B2C08BF9CF80040A8464C
:10B2F00008BF00F1020CC7E7A4F14106192E01D8DE
:10B30000373CE1E7A4F16106192E04D8573CDBE78E
:10B310004FF0FF35E4E7002D07DA2223CEF80030A6
:10B320004FF0FF3042B9BDE8F083B8F1000F00D014
:10B330004042002AF7D00DB10CF1FF311160F2E765
:10B340003024002BB1D10823AFE7302CA2D00A2340
:10B35000ABE700BF5108030813460A4601460248FE
:10B360000068FFF77DBF00BFC4020020034BC35C31
:10B3700003F00303012B08BF203070475108030876
:10B3800030B5141E05469BB0184605DA8B232B609A
:10B390004FF0FF301BB030BD4FF40273ADF80C30EE
:10B3A00014BF04F1FF332346029305934FF6FF7356
:10B3B00000910491ADF80E3002461E9B6946284666
:10B3C00001F0CAF8431CBCBF8B232B60002CE1D0DA
:10B3D000009B00221A70DDE707B5009313460A466A
:10B3E000014603480068FFF7CBFF03B05DF804FB9C
:10B3F000C40200202DE9F843DFF8B8800646D8F8EB
:10B4000000001F460D46914600F0B4FB254B1C681A
:10B4100034B9254C1C60254B13B11B68C4F8883027
:10B4200063681F2B07DDD8F8000000F0A5FB4FF084
:10B43000FF30BDE8F8834EB3D4F8880088B91C4BC0
:10B4400023B9D8F8000000F096FBF0E74FF48470C1
:10B45000FEF706FE0028F4D00023C0E94033C4F80C
:10B460008800636840F8239001229A4000EB830132
:10B47000D0F800311343022EC0F80031C1F88070BB
:10B4800002BFD0F804311A43C0F804216368D8F829
:10B4900000005A1C0233626044F8235000F06CFB39
:10B4A0000020C6E7C05D0020345D002000000000E1
:10B4B00061A00208280300200369B3EB611F2DE996
:10B4C000F0434FEA611200F1140445DD11F01F0151
:10B4D00004EB830604EB82050CD100F1100729462A
:10B4E000B14234D39B1A9B00EA1E964238BF002318
:10B4F000234415E054F82270C1F12008CF4005F133
:10B50000040EA1467645F44615D89B1A9A00043AD3
:10B510000135AE4238BF0022A318A75007B104334B
:10B520001A1BA3424FEAA20208BF0023026108BF10
:10B530004361BDE8F083DCF800C00CFA08FC4CEA7B
:10B54000070749F8047B5EF8047BCF40DAE751F83F
:10B5500004CB47F804CFC3E72346E1E7A0F130036B
:10B56000092B02D82038C0B27047A0F16103052B27
:10B5700001D84738F7E7A0F14103052B01D8273858
:10B58000F1E70020704700002DE9F04F2DED028B10
:10B5900089B008EE100A0493BC4B1B68019318464F
:10B5A0008B469046DDF74AFA019BDBF80020034406
:10B5B000824613F8013C0593931CC2F1FF2202F569
:10B5C0007F02FE32D1181F4613F8010B009130287C
:10B5D000F8D0FFF7C3FF044600283AD1019952463C
:10B5E0003846FEF7E9FE0546002868D117F80A003C
:10B5F00007EB0A06FFF7B2FF002862D0334618783F
:10B6000030281F4603F10103F9D0FFF7A7FF0123FC
:10B61000B0FA80F46409354600933A461646013282
:10B620003078FFF79BFF0028F8D101995246304649
:10B63000FEF7C2FE80B94DB906EB0A052A4616464A
:10B6400001323078FFF78AFF0028F8D1AD1BAD003A
:10B6500004E000242546E0E7002DF7D1337803F01D
:10B66000DF03502B3BD173782B2B2CD02D2B2ED0DE
:10B67000711C4FF000090878FFF770FF431EDBB222
:10B68000182B2CD8A0F1100211F8010FFFF766FF5C
:10B69000431EDBB2182B1DD9B9F1000F00D0524266
:10B6A0001544CBF80010E4B1009B002B14BF002719
:10B6B0000627384609B0BDEC028BBDE8F08F3E4648
:10B6C00025460124CAE74FF00009B11CD3E74FF02B
:10B6D0000109FAE70A2303FB0202103AD4E73146D4
:10B6E000DFE7F31B013B2146072B52DC18EE100A63
:10B6F00000F062FA4FF0000B00F11409CAF10103E7
:10B700000446CDF80890CDF800B00693B74243D375
:10B710000298009B40F8043BA0EB09008010460112
:10B720002061184600F00FFB301AD8F80060B042D4
:10B7300066DD871B3946204600F05CFE8246A8B1D4
:10B740007B1E591103F01F0259F821104FF0010A16
:10B750000AFA02F20A4209D0534505DDB91E204615
:10B7600000F048FE002848D14FF0020A3946204632
:10B77000FFF7A2FE3D44D8F80830AB424FDA18EE8E
:10B78000100A214600F04CFA149A00231360A327F4
:10B790008FE701315B10A7E7731E059A039316F834
:10B7A000013C934219D0BBF1200F07D1029B009AB4
:10B7B00043F8042B0293002300939B4616F8010CD8
:10B7C000FFF7CCFE009B00F00F0000FA0BF00343E4
:10B7D00000930BF1040B039B0DE0039B069A1344AB
:10B7E000BB42E0D31846019907935246FEF7E4FDA9
:10B7F000079B0028D7D11E4688E74FF0030AB5E71C
:10B800000ADA371A214618EE100A3A4600F0DEFB33
:10B81000ED1B044600F114094FF0000AABE7D8F81D
:10B820000400A8426DDD451BAE4231DCD8F80C3077
:10B83000022B23D0032B25D0012B15D1AE4213D1DF
:10B84000012E0BD1049AD8F8043013600123236130
:10B85000C9F80030149B62271C602AE7711E20463D
:10B8600000F0C8FD0028EDD118EE100A214600F0C6
:10B87000D7F9149A0023136050271AE7159B002B61
:10B88000F2D1DFE7159B002BDCD1EDE7B40903080B
:10B890006F1EBAF1000F31D127B13946204600F0B2
:10B8A000A9FD82467B11012159F8233007F01F07BB
:10B8B00001FA07F71F422946204618BF4AF0020A3C
:10B8C000761BFFF7F9FDD8F804500227BAF1000FF4
:10B8D00048D0D8F80C30022B15D0032B17D0012BF1
:10B8E00009D11AF0020F06D0D9F800004AEA000A7E
:10B8F0001AF0010F0ED147F0100733E04FF0010AA4
:10B90000D0E70127E2E7159BC3F101031593159BCF
:10B91000002BF0D0D4F8109004F114034FEA890BF7
:10B9200003EB89014FF0000C184653F8042BB2F1D9
:10B93000FF3F1CD001320260022F04F114033AD100
:10B94000D8F80020013AB2420AD17111012253F80D
:10B95000213006F01F0602FA06F61E4218BF1746EF
:10B9600047F02007149B1C60049B1D60A1E69942D0
:10B9700043F804CCD8D8A368994514DB616818EE65
:10B98000100A013100F018F92269023204F10C01A9
:10B99000824692000C30FEF781FB214618EE100A19
:10B9A00000F03EF9544623695A1C04EB83032261DC
:10B9B00001225A61C0E722694A450BDD0121204678
:10B9C000FFF77AFDD8F808300135AB42FFF6D7AE65
:10B9D0000127C5E716F01F06FAD09B44C6F12006E2
:10B9E0005BF8040C00F0AFF9B042E7DBF0E700BF12
:10B9F000C2F10802920070B5C2F1200643680468E3
:10BA000003FA06F52C43D340046040F8043F884213
:10BA1000F4D370BD30B50368013311F8014B14B98C
:10BA20000360012030BD13F8012BA2F14105192D4F
:10BA300098BF2032A242F0D00020F3E72DE9F04F6A
:10BA40000B6801685E1102EB860613F01F0387B0D6
:10BA500018BF04360025371F82469046019346F8EA
:10BA6000045CB9463C460295AB464A784B1C0393AE
:10BA700042B3104605910492FFF770FD00284FD1A4
:10BA8000049A0599202A18D8029B9B4513DD4C4542
:10BA900006D2072D04DC2A4649462046FFF7A8FFB8
:10BAA000444550D90023A4F1040944F8043CCDF8DE
:10BAB00008B04C461D460399D7E7292A56D10231D2
:10BAC000CAF80010BBF1000F50D04C4506D2072D2C
:10BAD00004DC2A4649462046FFF78AFF444534D90C
:10BAE000A8F10402234653F8041B42F8041F9F42A6
:10BAF000F9D23B1B23F0030304330134033EB44269
:10BB000088BF04234344002243F8042B9F42FBD206
:10BB10003B681BB9474527D101233B60052026E040
:10BB20000135082D0BF1010B06DD4445C3D9002377
:10BB300044F8043C0125043C226800F00F0040EA70
:10BB400002122260B7E70825B5E7019B002BDFD082
:10BB50004FF0FF32C3F1200322FA03F356F8042C0E
:10BB60001A4046F8042CD3E7043FD1E7042007B07D
:10BB7000BDE8F08F70477047704782B001B901A9E6
:10BB800042B14BB113780B601278101E18BF012020
:10BB900002B070471046FBE76FF00100F8E70000C5
:10BBA0000148FFF7E7BF00BF086700200148FFF723
:10BBB000E3BF00BF0867002070B5466A04460D4623
:10BBC0003EB91020FEF74CFAC0E9016660620660DB
:10BBD000C660666AF36883B1636ADB6853F8250060
:10BBE000B8B9012101FA05F6721D9200204600F055
:10BBF00022FC60B1C0E901560EE02122042120465A
:10BC000000F019FC636AF060DB68002BE4D10020CF
:10BC100070BD026843F825200023C0E90333F7E72D
:10BC200070B5466A05460C463EB91020FEF718FA74
:10BC3000C0E9016668620660C6603CB16B6A626812
:10BC4000DB6853F82210216043F8224070BD2DE9D3
:10BC5000F0410E69074698460C4601F11400002396
:10BC60000568A9B202FB01814FEA114C2D0C02FBC1
:10BC700005C589B2013301EB05419E4240F8041B22
:10BC80004FEA1548ECDCB8F1000F1BD0A368B342B3
:10BC900012DC616838460131FFF78EFF22690232FB
:10BCA00004F10C01054692000C30FEF7F7F921462D
:10BCB0003846FFF7B5FF2C4604EB86030136C3F880
:10BCC000148026612046BDE8F0812DE9F8430C463A
:10BCD00015461F4609220833064693FBF2F300215E
:10BCE00001229A4220DB3046FFF766FF089B436142
:10BCF000092D4FF00103036119DD04F10909C8465C
:10BD00002C4418F8013B0146303B0A223046FFF72D
:10BD10009EFFA045F5D1A5F108044C442D1B6319E5
:10BD2000BB4207DBBDE8F88352000131D9E70A3492
:10BD30000925F3E714F8013B0146303B0A2230465F
:10BD4000FFF785FFEBE7030C1B04D3B900041023B6
:10BD500010F07F4F04BF0002083310F0704F04BF93
:10BD60000001043310F0404F04BF8000023300286C
:10BD700005DB10F0804F03F1010308BF20231846B4
:10BD800070470023E4E7036813F0070201460BD075
:10BD9000DA0724D4980749BF5B089B0801200B6091
:10BDA0005CBF0B600220704798B2B0B91B0C10202A
:10BDB00013F0FF0F04BF1B0A08301A0704BF1B094A
:10BDC00004309A0704BF9B080230DA0703D45B08EB
:10BDD00000F1010005D00B6070471046E8E7002035
:10BDE00070472020704710B50C460121FFF7E4FE94
:10BDF00001224461026110BD2DE9F04F15460A6928
:10BE00002B699A42B8BF0B460C46BCBF2C461D4658
:10BE10002769D5F81090A368616807EB0906B3425B
:10BE2000B8BF013185B0FFF7C7FE00F1140101EB87
:10BE300086080B46002243451DD304F1140305F187
:10BE4000140203EB870702EB890302933B1B153BAC
:10BE500023F00303043304F11505AF4238BF042374
:10BE60000193029B0392934208D8002E5ADC06618C
:10BE700005B0BDE8F08F43F8042BDCE7B2F800A072
:10BE8000BAF1000F24D004F1140E89464FF0000CD3
:10BE90005EF8045BD9F800B0ABB21FFA8BFB0AFB6B
:10BEA00003B34FEA154BD9F8005063444FEA154CE1
:10BEB0000AFB0BC505EB13459BB243EA05437745E7
:10BEC00049F8043B4FEA154CE2D8019B41F803C006
:10BED000039BB3F802900432B9F1000F20D00B6835
:10BEE00004F1140C8E464FF0000ABCF80050BEF866
:10BEF00002B009FB05B5AA449BB243EA0A434EF8D7
:10BF0000043B5CF8043BBEF800501B0C09FB0353D8
:10BF100003EB1A4367454FEA134AE6D8019D4B519C
:10BF200004319EE758F8043D002BA0D1013E9CE768
:10BF30002DE9F843154612F0030206460F4607D0D6
:10BF4000214C013A002354F82220FFF780FE0746D7
:10BF5000AD1035D0746A3CB91020FEF781F8C0E905
:10BF6000014470620460C460D6F82480D8F80840A8
:10BF70004CB940F271213046FFF735FF0023C8F875
:10BF80000800044603604FF00009EB070AD5394664
:10BF900022463046FFF730FF394680463046FFF7ED
:10BFA0003FFE47466D100BD0206838B92246214627
:10BFB0003046FFF721FF2060C0F800900446E4E718
:10BFC0003846BDE8F88300BFB80A03082DE9F047FA
:10BFD0000C464968236903EB6218A368074691463B
:10BFE0004FEA621A08F10106B3423FDB3846FFF719
:10BFF000E3FD0023054600F1140100F1100218468C
:10C00000534536DB20692AEAEA7A04F1140319F071
:10C010001F0901EB8A0103EB800C2ED0C9F1200E21
:10C020008A460022186800FA09F002434AF8042BF5
:10C0300053F8042B9C4522FA0EF2F3D8ACEB040320
:10C04000153B23F00303043304F11500604588BF5A
:10C050000423CA500AB108F10206013E38462E6197
:10C060002146FFF7DDFD2846BDE8F08701315B0082
:10C07000BAE742F8040F0133C2E7043953F8042B3E
:10C0800041F8042F9C45F9D8E7E730B502690C69FF
:10C09000121B0ED100F11403143103EB840001EBE9
:10C0A000840150F8045D51F8044DA54203D005D336
:10C0B0000122104630BD8342F3D3FAE74FF0FF323E
:10C0C000F7E72DE9F84F0C4606461146204617467D
:10C0D000FFF7DBFF051E08D129463046FFF76CFD50
:10C0E0000123C0E90435BDE8F88FA4BF3B462746CD
:10C0F00030467968A6BF1C4600250125FFF75CFD88
:10C100003E69C560256907F1140104F1140900F1C5
:10C11000140E07F1100201EB860C09EB8505F246BF
:10C12000002759F8043B52F804BF1FFA83F817FAA6
:10C130008BF71B0CA7EB0808C3EB1B4303EB28434F
:10C140001FFA88F81F144D4548EA03434AF8043B98
:10C15000E7D82B1B153B23F0030304331534A5420A
:10C1600038BF0423194473449E460D4665450ED3DB
:10C170000CF10302521A22F0030203398C4538BF36
:10C1800000221A4452F8043D7BB10661ABE755F832
:10C19000048B17FA88F4221402EB1842A4B244EA82
:10C1A00002444EF8044B1714E0E7013EEAE70000B2
:10C1B00082B08DED000B019B12491940A1F1507125
:10C1C000002905DD00220B4643EC102B02B070471E
:10C1D0004942B1F1A07F4FEA21504FF000024FF0E9
:10C1E000000304DA4FF4002141FA00F3ECE7A0F178
:10C1F00014011E29DABF4FF0004020FA01F101219D
:10C200000A46E1E70000F07FF8B5056900F1140780
:10C2100007EB85052E1F55F8044C2046FFF793FDCC
:10C22000C0F120030A28DFF87CC00B6014DCC0F1E9
:10C230000B0E24FA0EF1B74241EA0C0334BF55F855
:10C24000081C0021153004FA00F021FA0EF140EA32
:10C25000010243EC102BF8BDB7423ABF55F8081C59
:10C26000A5F1080600210B3817D0C0F1200C04FA04
:10C2700000F5BE4221FA0CF445EA04058CBF56F8DD
:10C28000044C002445F07F5301FA00F024FA0CF42A
:10C2900043F4401340EA0402DBE744EA0C030A4695
:10C2A000D7E700BF0000F03F2DE9F74389460121A1
:10C2B00057EC106B9046FFF77FFCC7F30A55044616
:10C2C000C7F3130335BB002E019328D068460096B0
:10C2D000FFF759FD009900B3019AC0F1200302FA5B
:10C2E00003F30B43C24063610192019BA361002BE6
:10C2F00014BF022201222261D5B1A5F233450544C3
:10C30000C9F80050C0F13500C8F80000204603B05D
:10C31000BDE8F08343F48013D5E76161E5E701A848
:10C32000FFF731FD019B6361012222612030E3E7C9
:10C3300004EB8203A0F23240C9F800001869FFF74D
:10C3400002FDC0EB4210DFE72DE9F74F8846694652
:10C350008146FFF759FF01A9404655EC104BFFF706
:10C3600053FFD9F81030D8F81020A3EB020CDDE908
:10C3700000329B1A03EB4C1351EC100B002BD6BF71
:10C380000A462A46C3EB03338B462F46D4BF02EB43
:10C39000035B02EB0357204610EE102A5B4639463A
:10C3A000DCF714F941EC100B03B0BDE8F08F013954
:10C3B00070B549111469013102F1140300EB8101D8
:10C3C00003EB8404051FA3420CD3A31A113B23F0F3
:10C3D00003031132A24288BF00231844002388427D
:10C3E00005D370BD53F8046B45F8046FEBE740F8D4
:10C3F000043BF4E700F1140200694B11984210B5B8
:10C4000011DB0ADD11F01F0107D052F8234024FA96
:10C4100001F000FA01F18C420BD102EB830393424D
:10C4200003D8002010BD0346F7E753F8041D002988
:10C43000F5D00120F6E713B54A4311460192FDF706
:10C44000ADFE044618B1019A0021FDF74FFE2046CB
:10C4500002B010BDF8B5074614460E4621B9BDE836
:10C46000F8401146FDF79ABE22B9FDF747FE254672
:10C470002846F8BD00F01FFBA0420FD221463846E7
:10C48000FDF78CFE05460028F2D031462246FDF726
:10C4900005FE31463846FDF731FEE9E73546E7E768
:10C4A0002DE9F0478E689E4282460C4690461F4614
:10C4B00038D88A8912F4906F32D025680969A5EBC3
:10C4C0000109656905EB450505EBD57501334B445D
:10C4D0006D109D4238BF1D46530531D52946FDF7E5
:10C4E0005DFE064650B90C23CAF80030A38943F01C
:10C4F0004003A3814FF0FF30BDE8F08721694A4631
:10C50000FDF7CCFDA38923F4906343F08003A3815E
:10C51000266165614E44A5EB09052660A5603E468F
:10C52000BE4200D93E46324620684146FDF7C4FD72
:10C53000A36822689B1B3244A36022600020DBE7D3
:10C540002A46FFF787FF06460028E1D121695046B9
:10C55000FDF7D4FDC7E700002DE9F04F98468B8921
:10C560001B069DB007460D4614460ED50B6963B9F0
:10C570004021FDF713FE2860286120B90C233B60A1
:10C580004FF0FF30D1E040236B610023099320235B
:10C590008DF82930CDF80C803023DFF8A8818DF894
:10C5A0002A304FF0010923469A4613F8012B0AB1AD
:10C5B000252AF9D1BAEB040B0BD05B46224629465B
:10C5C0003846FFF76DFF013000F0AA80099A5A44FF
:10C5D00009929AF80030002B00F0A28000234FF05F
:10C5E000FF32CDE905230AF1010A049307938DF880
:10C5F00053301A935446052214F8011B5148DCF7B6
:10C6000027FA049AD8B9D00644BF20238DF85330B6
:10C61000110744BF2B238DF853309AF800302A2B92
:10C6200015D0079A544600204FF00A0C214611F805
:10C63000013B303B092B4ED9B0B1079214E0A0EB7F
:10C64000080309FA03F313430493A246D2E7039BBA
:10C65000191D1B680391002BBBBF5B4242F0020215
:10C6600007930793B8BF049223782E2B0CD16378DD
:10C670002A2B35D1039B1A1D1B680392002BB8BFD0
:10C680004FF0FF3302340593DFF8C8A0217803226E
:10C690005046DCF7DDF940B14023A0EB0A0003FA75
:10C6A00000F0049B03430134049314F8011B264853
:10C6B0008DF828100622DCF7CBF9002838D0234B60
:10C6C0001BBB039B073323F0070308330393099B2A
:10C6D0003344099367E70CFB02320C460120A5E7BF
:10C6E00000230134059319464FF00A0C204610F838
:10C6F000012B303A092A03D9002BC5D00591C3E795
:10C700000CFB012104460123F0E703AB00932A460A
:10C710000F4B04A93846AFF30080421C0646D6D121
:10C72000AB895B063FF52CAF09981DB0BDE8F08FD3
:10C7300003AB00932A46064B04A9384600F07AF86A
:10C74000EBE700BFC40A0308CE0A0308000000009C
:10C75000A1C40208CA0A03082DE9F0471646994603
:10C760008A680B69DDF820809342B8BF13463360B6
:10C7700091F8432007460C460AB101333360236821
:10C78000990642BF336802333360256815F0060509
:10C7900006D104F1190AE36832689B1AAB4226DC21
:10C7A00094F84320131E226818BF012392062BD44D
:10C7B00004F1430249463846C04701301ED0236881
:10C7C000E568326803F00603042B08BFAD1AA368BE
:10C7D00022690CBF25EAE57500259342C4BF9B1A68
:10C7E000ED1800261A34B5421AD1002008E00123C2
:10C7F000524649463846C047013003D14FF0FF301A
:10C80000BDE8F0870135C6E7E1185A1C302081F8F1
:10C810004300224494F8451082F843100233C7E7DE
:10C820000123224649463846C0470130E6D001364A
:10C83000D9E700002DE9FF470C469146277E0C9969
:10C84000782F80469A4604F1430207D8622F0AD80F
:10C85000002F00F0D880582F00F0A38004F142068A
:10C8600084F842703AE0A7F16303152BF6D801A0D3
:10C8700050F823F0CDC80208E1C802085DC80208DC
:10C880005DC802085DC802085DC80208E1C8020868
:10C890005DC802085DC802085DC802085DC80208DC
:10C8A000EDC9020811C90208CFC902085DC8020813
:10C8B0005DC802080FCA02085DC8020811C9020853
:10C8C0005DC802085DC80208D7C902080B681A1DB6
:10C8D0001B680A6004F1420684F842300123A3E099
:10C8E000256808682E0600F104030AD505680B6068
:10C8F000002D03DA2D236D4284F843305E480A236D
:10C9000019E015F0400F05680B6018BF2DB2EFE776
:10C910000B682568181D0860280601D51D6802E00F
:10C920006906FBD51D8854486F2F0CBF08230A23C6
:10C93000002184F843106668A660002EA2BF21681B
:10C9400021F0040121600DB9002E4DD01646B5FB33
:10C95000F3F103FB1157C75D06F8017D2F46BB427B
:10C960000D46F4D9082B0BD12368DF0708D52369BE
:10C9700061689942DEBF302306F8013C06F1FF36BC
:10C98000921B2261CDF800A04B4603AA21464046E7
:10C99000FFF7E2FE01304CD14FF0FF3004B0BDE8AC
:10C9A000F087354884F8457023680E681F0656F8EE
:10C9B000045B0E6014D5D90744BF43F02003236005
:10C9C0001DB9236823F0200323601023B0E72368F8
:10C9D00043F0200323607823284884F84530E3E7B8
:10C9E0005E0648BFADB2E6E71646BBE70B682668B1
:10C9F00060691D1D0D6035061B6801D5186002E0D9
:10CA00007106FBD51880002323611646BAE70B6830
:10CA10001A1D0A601E68626800213046DCF718F8AB
:10CA200008B1801B606063682361002384F8433091
:10CA3000A8E72369324649464046D0470130ABD08B
:10CA400023689B0713D4E068039B9842B8BF18463D
:10CA5000A4E70123324649464046D04701309BD0E7
:10CA60000135E36803995B1AAB42F2DCEBE7002582
:10CA700004F11906F5E700BFD50A0308E60A030822
:10CA80009FED010B704700BF000000000000F87F21
:10CA90009FED010A704700BF0000C07F49B1FF2A27
:10CAA00085BF8A2303600A704FF0FF3098BF0120D2
:10CAB00070470846704751F8043C181F002BBCBF54
:10CAC0000B58C0187047000038B5002200230446F8
:10CAD0000D46DBF7C3FE28B920462946BDE838409D
:10CAE00000F00AB8204605F1004100F005F8404288
:10CAF00061EB410138BD00BFD0B50C4B00220646AA
:10CB00000F46DBF739FCDBF70FFF0446DBF7BAFB18
:10CB1000074B0022DBF730FC02460B463046394615
:10CB2000DBF772FADBF700FF2146D0BD0000F03DD5
:10CB30000000F041F8B500BFF8BC08BC9E46704745
:0CCB4000F8B500BFF8BC08BC9E4670476A
:10CB500000002041000052430000A041000020419D
:10CB6000000052430000A04100002041000020418D
:10CB7000CDCCCC3E0000A04000004040000034423C
:10CB80000000000000000000000000000000504114
:10CB900000000000000000410000000000200140F3
:10CBA000030000000100000000200140038000009D
:10CBB000020000000020014003000100030000000B
:10CBC000002001400380010004000000002001401B
:10CBD0000300020005000000002001400380020065
:10CBE00006000000002001400300030007000000D1
:10CBF00000200140038003001000000000200140DD
:10CC00000300040011000000002001400380040024
:10CC1000200000000020014003000500210000006A
:10CC20000020014003800500220000000020014098
:10CC300003000600230000000020014003800600DE
:10CC40002400000000200140030007002500000030
:10CC50000020014003800700FFFF000000000000EB
:10CC600000000000000000000000004012810000F1
:10CC700000000000000C00401282000001000000D3
:10CC8000000000401201010001000000000C004003
:10CC900012020100020000000000004012810100A9
:10CCA00002000000000C004012820100020000009F
:10CCB000004001401283000003000000000000401B
:10CCC0001201020003000000000C004012020200EA
:10CCD00003000000004001401203010005000000B5
:10CCE0000000004012810000060000000004004027
:10CCF00012820000070000000000014012811000B5
:10CD000007000000000400401202010008000000BB
:10CD100000000140128100000900000000000140F5
:10CD2000120101000A000000000001401281010010
:10CD30000B00000000000140120102000F00000083
:10CD400000000040128100001000000000000140BF
:10CD500012011100100000000004004012820100C6
:10CD600011000000000001401281110011000000BC
:10CD70000004004012020200130000000000004006
:10CD800012010100140000000004004012820000A3
:10CD9000150000000004004012020100160000000F
:10CDA0000008004012820000170000000008004048
:10CDB0001202010018000000000800401282010069
:10CDC0001800000000440140128300001900000018
:10CDD0000008004012020200190000000048014053
:10CDE000128300001A0000000000004012810100C0
:10CDF0001D00000000000140128110001E00000014
:10CE000000000140120111001F000000000001405D
:10CE10001281110026000000000400401282000070
:10CE2000270000000004004012020100280000005A
:10CE300000040040128201002900000000040040AC
:10CE400012020200FFFF00000000000000000000CE
:10CE50000600000000300140120500001400000030
:10CE6000003001401205000014000000003C0040AA
:10CE7000120600001E0000000038004012050000ED
:10CE80002200000000380040120500002B000000C6
:10CE9000003C004012060000FFFF00000000000000
:10CEA00000000000070000000030014012050000F3
:10CEB00015000000003001401205000015000000C0
:10CEC000003C0040120600001F0000000038004037
:10CED0001205000023000000003800401205000089
:10CEE0002C000000003C004012060000FFFF000084
:10CEF00000000000000000000500000000300140BC
:10CF0000120500001300000000300140120500006F
:10CF100013000000003C0040120600001A00000050
:10CF200000380040120500001D00000000380040DD
:10CF3000120500002A000000003C0040120600001C
:10CF4000FFFF0000000000000000000004000000DF
:10CF5000003001401205000004000000003C0040C9
:10CF6000120600000F000000003001401205000012
:10CF70000F000000003C00401206000019000000F5
:10CF800000380040120500001C000000003800407E
:10CF900012050000FFFF000000000000000000007C
:10CFA0000300000000440040120700000A000000D7
:10CFB00000100140120700000C00000000140140A6
:10CFC00012080000170000000010014012070000C6
:10CFD000270000000014014012080000FFFF0000BD
:10CFE00000000000000000000200000000440040BB
:10CFF00012070000090000000010014012070000A5
:10D000000B00000000140140120800001600000090
:10D01000001001401207000026000000001401402B
:10D0200012080000FFFF00000000000000000000E8
:10D030000800000000000050120A00000900000073
:10D0400000000050000000000A0000000000005036
:10D050001A0A00000B00000000000050120A000035
:10D060000C00000000000050120A0000FFFF00004A
:10D0700000000000000000000000010002000300AA
:10D080000400050006000700080009000A000B0064
:10D090000C000D000E000F00100011001200130014
:10D0A0001400150016001700180019001A001C00C3
:10D0B0001D001E001F00200021002200230024006C
:10D0C000250026002700280029002A002B002C001C
:10D0D0002D002E002F0032005000510000000100F2
:10D0E0000200030004000500060007001000110004
:10D0F000200021002200230024002500433A5C5533
:10D10000736572735C47726F775C2E706C617466C6
:10D110006F726D696F5C7061636B616765735C668C
:10D1200072616D65776F726B2D61726475696E6F78
:10D13000737473746D33325C636F7265735C6172A8
:10D140006475696E6F5C486172647761726553657E
:10D150007269616C2E6370700006000700080000A1
:10D160000000000000000000798C0008A197000872
:10D17000158C0008818E0008258C0008D98C0008C9
:10D18000A79A0008C99A0008433A5C557365727300
:10D190005C47726F775C2E706C6174666F726D693C
:10D1A0006F5C7061636B616765735C6672616D650E
:10D1B000776F726B2D61726475696E6F73747374BF
:10D1C0006D33325C636F7265735C61726475696E36
:10D1D0006F5C486172647761726554696D65722E27
:10D1E00063707000040040000004010010000001A2
:10D1F000001002040810020104030D0A006E616EA3
:10D2000000696E66006F7666000000000000000096
:10D2100000000000139B0008399B0008819B000858
:10D220008D9B0008599C0008659C0008A59B000880
:10D23000F19B00082D9B00082D256C642E25302ABB
:10D240006C6400433A5C55736572735C47726F7728
:10D250005C2E706C6174666F726D696F5C70616377
:10D260006B616765735C6672616D65776F726B2D5C
:10D2700061726475696E6F737473746D33325C635D
:10D280006F7265735C61726475696E6F5C73746DE7
:10D2900033325C7573625C757362645F636F6E6674
:10D2A0002E630053544D6963726F656C65637472CD
:10D2B0006F6E69637300415254494C4C4552595F3B
:10D2C000525542592043444320696E204853204D13
:10D2D0006F646500415254494C4C4552595F525558
:10D2E00042592043444320696E204653204D6F64C9
:10D2F0006500415254494C4C4552595F5255425970
:10D300002043444320436F6E66696700415254498D
:10D310004C4C4552595F5255425920434443204991
:10D320006E746572666163650000000000000000B5
:10D3300040000000800000004000000001000000EC
:10D340004000000082000000400000008300000058
:10D3500008000000433A5C55736572735C47726F56
:10D36000775C2E706C6174666F726D696F5C706152
:10D37000636B616765735C6672616D65776F726B15
:10D380002D61726475696E6F737473746D33325C82
:10D39000636F7265735C61726475696E6F5C7769E7
:10D3A00072696E675F6469676974616C2E630043BC
:10D3B0003A5C55736572735C47726F775C2E706C64
:10D3C0006174666F726D696F5C7061636B616765D4
:10D3D000735C6672616D65776F726B2D61726475D7
:10D3E000696E6F737473746D33325C6C69627261F1
:10D3F000726965735C537263577261707065725CB9
:10D400007372635C73746D33325C70696E6D6170DE
:10D410002E63000001000000020000000400000074
:10D420000800000010000000200000004000000084
:10D430008000000000010000000200000004000065
:10D440000008000000100000002000000040000064
:10D450000080000000000000000000000102030442
:10D4600006070809000000000102030454494D3A70
:10D4700020556E6B6E6F776E2074696D65722049F2
:10D4800052516E0054494D3A20556E6B6E6F776E57
:10D490002074696D657220696E7374616E636500D6
:10D4A000002D3101404B4C00A0252600D012130066
:10D4B00000093D0068890900E093040000000000B5
:10D4C00000000000798C0008A1970008158C000866
:10D4D000818E0008258C0008D98C0008A79A0008C6
:10D4E000C99A00085072696E7465722068616C7424
:10D4F00065642E206B696C6C28292063616C6C65F7
:10D5000064210A002121204B494C4C206361757332
:10D51000656420627920746F6F206D75636820697F
:10D520006E6163746976652074696D65202D206372
:10D53000757272656E7420636F6D6D616E643A20F2
:10D54000004732385859004D3130303100506F7734
:10D55000657255700A002045787465726E616C20A2
:10D5600052657365740A002042726F776E206F7582
:10D57000742052657365740A00205761746368648F
:10D580006F672052657365740A0020536F66747765
:10D590006172652052657365740A00322E302E3731
:10D5A0002E320A00204C61737420557064617465DA
:10D5B000643A20323032302D31302D3135207C200C
:10D5C000417574686F723A20417274696C6C65724F
:10D5D000792033440A00436F6D70696C65643A20AA
:10D5E00053657020313120323032360A00204672C5
:10D5F0006565204D656D6F72793A20002020506C72
:10D60000616E6E65724275666665724279746573A5
:10D610003A2000473238004D31313220536875745A
:10D62000646F776E004D3231004D32332025730028
:10D630004D3234000020420020453A0020450020B1
:10D64000540020580020593A00205900205A3A002E
:10D65000205A00583A004B494C4C45442E20004D6E
:10D6600061726C696E004572726F723A0065636830
:10D670006F3A00337833206D6573682E205A206F1F
:10D6800066667365743A20000A4D6561737572654C
:10D690006420706F696E74733A0A00486F74656E27
:10D6A0006420746F6F20636F6C640A00496E736549
:10D6B00072742066696C616D656E7420616E6420A1
:10D6C00073656E64204D3130380A0053656E6420F6
:10D6D0004D31303820746F20726573756D650A00A6
:10D6E00053656E64204D31303820746F2068656159
:10D6F00074206E6F7A7A6C650A004D6573682070CD
:10D700006F696E74206F7574206F662072616E672A
:10D71000650A00496E76616C6964206D6573682ED8
:10D720000A004D65736820426564204C6576656C1F
:10D7300020646174613A0A004661696C6564207412
:10D740006F20656E61626C6520426564204C657671
:10D75000656C696E670A00466164652048656967A3
:10D76000687420004F46460A00206E6F7420656E74
:10D7700074657265642E0A0053206F7574206F669D
:10D780002072616E67652028302D35292E0A004DE4
:10D7900065736820426564204C6576656C696E67C8
:10D7A0002000686173206E6F20646174612E0A002E
:10D7B0004732380A47323920533200537461727449
:10D7C000206D6573682070726F62696E672077697B
:10D7D00074682022473239205331222066697273DF
:10D7E000742E0A004D6573682070726F62696E67EF
:10D7F00020646F6E652E0A0049206F7574206F6675
:10D800002072616E67652028302D004A206F757484
:10D81000206F662072616E67652028302D004D42B2
:10D820004C2047323920706F696E742000206F667B
:10D8300020004D34323120696E636F7272656374FB
:10D8400020706172616D65746572207573616765C2
:10D850000A003F4A206F7574206F662072616E6700
:10D86000652028302E303120746F20302E33290A65
:10D8700000416363656C65726174696F6E3A205034
:10D880000020520058595A4546523A0020466C6FC3
:10D89000773A200020703A0020693A0020643A006C
:10D8A000496E76616C69642065787472756465721E
:10D8B0000A0064697300436F6C6420657874727544
:10D8C00064657320617265200061626C6564202864
:10D8D0006D696E2074656D70200043290A00205325
:10D8E000657269616C2000206261756420726174E8
:10D8F000652073657420746F20003F28422961758C
:10D9000064207261746520696D706C617573696201
:10D910006C652E0A00204D393220580058595A455E
:10D9200044454255473A006F6666004543484F00FC
:10D93000494E464F004552524F525300445259529D
:10D94000554E00434F4D4D554E49434154494F4E5E
:10D95000000000002BD9020830D9020835D902088E
:10D960003CD9020843D902084E6F204D6F76652ED0
:10D9700000536F667420656E6473746F70733A2021
:10D980000020204D696E3A200020204D61783A2019
:10D9900000417274696C6C65727920486F726E65B3
:10D9A00074204F46462E00454550524F4D204F4B58
:10D9B0000A00627573793A2070726F6365737369D8
:10D9C0006E670A00627573793A20706175736564D9
:10D9D00020666F7220757365720A00627573793AFA
:10D9E0002070617573656420666F7220696E707552
:10D9F000740A0020496E76616C69642065787472DF
:10DA000075646572200058595A45546F6F206661DD
:10DA1000722066726F6D207265666572656E6365F1
:10DA200020706F696E740A004572723A20546F6FED
:10DA300020666172210001FFFF00000000005C43CE
:10DA400000000000000000004F66667365747320DC
:10DA50004170706C696564004D313133205300436F
:10DA600061703A004649524D574152455F4E414D13
:10DA7000453A4D61726C696E20322E302E372E324F
:10DA8000202853657020313120323032362030303A
:10DA90003A30303A33332920534F555243455F4390
:10DAA0004F44455F55524C3A68747470733A2F2F47
:10DAB0006769746875622E636F6D2F4D61726C6952
:10DAC0006E4669726D776172652F4D61726C696E19
:10DAD0002050524F544F434F4C5F56455253494F7D
:10DAE0004E3A312E30204D414348494E455F5459FE
:10DAF00050453A417274696C6C65727920486F7256
:10DB00006E65742045585452554445525F434F55F5
:10DB10004E543A3120555549443A63656465326143
:10DB200032662D343161322D343734382D3962313B
:10DB3000322D6335356336326633363766660A0012
:10DB400053455249414C5F584F4E5F584F4646002F
:10DB500042494E4152595F46494C455F5452414EED
:10DB60005346455200454550524F4D00564F4C5577
:10DB70004D4554524943004155544F5245504F5220
:10DB8000545F54454D500050524F47524553530037
:10DB90005052494E545F4A4F42004155544F4C45F4
:10DBA00056454C0052554E4F5554005A5F50524FF7
:10DBB0004245004C4556454C494E475F444154410F
:10DBC000004255494C445F50455243454E54005322
:10DBD0004F4654574152455F504F57455200544F9E
:10DBE00047474C455F4C49474854530043415345D0
:10DBF0005F4C494748545F4252494748544E455349
:10DC00005300454D455247454E43595F504152538D
:10DC100045520050524F4D50545F535550504F5243
:10DC20005400534443415244004155544F524550CF
:10DC30004F52545F53445F535441545553004C4F1B
:10DC40004E475F46494C454E414D4500544845526C
:10DC50004D414C5F50524F54454354494F4E004D37
:10DC60004F54494F4E5F4D4F44455300415243532B
:10DC700000424142595354455050494E4700434891
:10DC8000414D4245525F54454D50455241545552C5
:10DC900045002F2F2000436C69636B20746F205266
:10DCA0006573756D652E2E2E004D31343520533C35
:10DCB000696E6465783E206F7574206F66207261AE
:10DCC0006E67652028302D31290A004C43442043DB
:10DCD0006F6E74726173743A200047322F4733209D
:10DCE00062616420706172616D65746572730A00AF
:10DCF000536C6565702E2E2E004D424C2041646A97
:10DD0000757374205A00556E6B6E6F776E20636F5B
:10DD10006D6D616E643A202200220A00656E717595
:10DD2000657565696E6720220053442072656164E1
:10DD3000206572726F720A006F6B004D32390044B9
:10DD40006F6E6520736176696E672066696C652EFB
:10DD50000A00526573656E643A2000776169740A3F
:10DD6000004D313130004C696E65204E756D626535
:10DD700072206973206E6F74204C617374204C693B
:10DD80006E65204E756D6265722B312C204C61736F
:10DD900074204C696E653A2000636865636B737527
:10DDA0006D206D69736D617463682C204C617374B0
:10DDB000204C696E653A20004E6F20436865636BA6
:10DDC00073756D2077697468206C696E65206E7557
:10DDD0006D6265722C204C617374204C696E653ADB
:10DDE00020005072696E7465722073746F70706574
:10DDF000642064756520746F206572726F72732E73
:10DE00002046697820746865206572726F7220619F
:10DE10006E6420757365204D39393920746F207216
:10DE20006573746172742E202854656D706572611B
:10DE3000747572652069732072657365742E205342
:10DE400065742069742061667465722072657374EC
:10DE5000617274696E67290A0053544F50504544EB
:10DE60002E20004D3331004D373700446F6E652052
:10DE70007072696E74696E672066696C650A004D20
:10DE8000383400426567696E2066696C65206C698C
:10DE900073740A00456E642066696C65206C697352
:10DEA000740A004E6F206D656469610A00437572E3
:10DEB00072656E742066696C653A20002569792068
:10DEC000256964202569682025696D20256973000E
:10DED0005072696E742074696D653A200042656401
:10DEE00020436F6F6C696E672E2E2E004265642092
:10DEF00048656174696E672E2E2E0050494420419A
:10DF000075746F74756E65206661696C6564212037
:10DF1000426164206578747275646572206E756DF7
:10DF20006265720A00504944204175746F74756EC1
:10DF30006500256875642025303268753A253032D1
:10DF40006875002568753A253032687500202020F4
:10DF500020202020001FFFF81FFFF83FFFF03800AF
:10DF60007030FC3020FC102078102030102C00D0B5
:10DF70002E31D02F7BD02F7BD02E31D02C00D02033
:10DF8000301020781020FC1030FC303800703FFF3B
:10DF9000F03FFFF0380070318630238710278790DC
:10DFA0002F87D02F03D02030102078102078102019
:10DFB00030102F03D02F87D02787902387103186EA
:10DFC000303800703FFFF0041040020820020820A3
:10DFD00004104008208010410010410008208004F7
:10DFE00010400000001FFFF81FFFF81FE03FF03F48
:10DFF000F03FF01FE01FE03FF03FF03FF00FC007A1
:10E000008003001FE020102010201010201020207E
:10E010001020103030084004800300FFD0FFE0FFE4
:10E02000C1FFD1E240A0C8A6A22FF800238127ACEF
:10E0300000AFFFD0FF64FFD1A5FFD0FF64FF64FFF6
:10E04000D1A4FFD0FF16FFFEFFE0FFD140A0C8A67D
:10E05000A22FF80023AC00AF10FFFEFF054572723F
:10E060003A207574663820666F6E74206E6F742067
:10E07000696E697469616C697A65642E00322E304C
:10E080002E372E320068747470733A2F2F6D6172C0
:10E090006C696E66772E6F726700000000000000EA
:10E0A00000000000AD6E0108A1970008000000000C
:10E0B00000000000AD6E0108A1970008000C0F00E1
:10E0C000FE07022503BB01FFFE0AFE08FE05080845
:10E0D00006000040F0C888889878100508080600F7
:10E0E00000C0F88888888888F805050506000120A2
:10E0F00030F830200508080600002070F8202020A5
:10E1000020E00509090600FF2070A8A8B8888870DB
:10E1100020070505070001D86C366CD805090906EB
:10E1200000FFF8A88888888888A8F8050A0A0600E9
:10E13000FE205050505088A8A888700303030600A2
:10E140000340A040FFFFFFFFFFFFFFFFFFFFFFFFB8
:10E15000FFFFFFFFFFFFFFFFFFFF0000000605FFBF
:10E16000010707060200808080808000800303038F
:10E17000060105A0A0A005060606000050F85050B4
:10E18000F8500509090600FF2070A8A07028A870A3
:10E1900020050707060000C8C8102040989805070A
:10E1A0000706000040A0A040A890680103030602F3
:10E1B000058080800309090601FF2040408080809F
:10E1C0004040200309090601FF80404020202040F4
:10E1D000408005070706000020A8702070A82005D1
:10E1E00005050600012020F820200203030601FF98
:10E1F000C04080050101060003F80202020601008A
:10E20000C0C0050707060000081010204040800528
:10E210000707060000708898A8C8887003070706DB
:10E22000010040C040404040E00507070600007084
:10E230008808102040F8050707060000F80810308D
:10E2400008887005070706000010305090F810107D
:10E25000050707060000F880F00808887005070722
:10E26000060000304080F08888700507070600002F
:10E27000F808101020202005070706000070888885
:10E280007088887005070706000070888878081075
:10E2900060020505060100C0C000C0C002060606F7
:10E2A00001FFC0C000C040800305050601012040F9
:10E2B000804020050303060002F800F80305050668
:10E2C000010180402040800507070600007088108B
:10E2D000202000200507070600007088B8A8B88035
:10E2E00070050707060000708888F8888888050789
:10E2F00007060000F04848704848F0050707060088
:10E300000070888080808870050707060000F0484C
:10E3100048484848F0050707060000F88080F0806C
:10E3200080F8050707060000F88080F080808005EF
:10E330000707060000708880809888700507070628
:10E340000000888888F8888888030707060100E0AD
:10E350004040404040E0050707060000381010101C
:10E360001090600507070600008890A0C0A0908864
:10E37000050707060000808080808080F805070779
:10E3800006000088D8A88888888805070706000046
:10E390008888C8A8988888050707060000708888BC
:10E3A00088888870050707060000F08888F080805C
:10E3B0008005070706000070888888A89068050710
:10E3C00007060000F08888F0A0908805070706007F
:10E3D0000070888070088870050707060000F82024
:10E3E00020202020200507070600008888888888CC
:10E3F0008870050707060000888888885050200527
:10E40000070706000088888888A8A850050707061F
:10E41000000088885020508888050707060000887B
:10E42000885020202020050707060000F80810204B
:10E430004080F80309090601FFE080808080808029
:10E4400080E0050707060000804040201010080308
:10E4500009090601FFE020202020202020E00503FC
:10E46000030600052050880501010600FEF803039D
:10E4700003060105804020050505060000700878A8
:10E4800088780507070600008080F0888888F005F6
:10E4900005050600007080808870050707060000EB
:10E4A000080878888888780505050600007088F0D7
:10E4B0008070050707060000304840E040404005F6
:10E4C00007070600FE708888887808700507070629
:10E4D00000008080F08888888803070706010040D4
:10E4E00000C0404040E00409090601FE1000301061
:10E4F000101010906005070706000080808890E0EB
:10E500009088030707060100C04040404040E005F6
:10E510000505060000D0A8A8A8A805050506000066
:10E52000B0C888888805050506000070888888704E
:10E530000507070600FEF0888888F0808005070739
:10E540000600FE788888887808080505050600001A
:10E55000B0C880808005050506000078807008F04E
:10E560000507070600002020F820202018050505D3
:10E5700006000088888898680505050600008888D8
:10E580008850200505050600008888A8A8500505C4
:10E590000506000088502050880507070600FE8801
:10E5A000888850204080050505060000F8102040AE
:10E5B000F80309090601FF20404040804040402008
:10E5C0000109090602FF80808080808080808003AE
:10E5D00009090601FF80404040204040408005037B
:10E5E0000306000248A890FFFFFFFFFFFFFFFFFFA9
:10E5F000FFFFFFFFFFFFFFFFFFFFFFFFFFFFFFFF2B
:10E60000FFFFFFFFFFFFFFFF0000000605FF010700
:10E6100007060200800080808080800507070600D2
:10E62000FF2070A8A0A8702005070706000030484A
:10E6300040E04048B0050505060000A8508850A8F5
:10E640000507070600008850F820F820200107077A
:10E650000602008080800080808004080806010097
:10E6600070806090906010E0030101060107A00631
:10E6700007070600007884B4A4B48478030505066F
:10E68000010460A06000E00505050600002850A018
:10E690005028050303060001F808080301010601DC
:10E6A00003E00607070600007884B4A4A484780574
:10E6B0000101060007F8040404060105609090605B
:10E6C0000507070600002020F8202000F8030505B4
:10E6D00006010440A02040E0030505060104C02017
:10E6E0004020C003030306010520408005070706FC
:10E6F00000FE88888898E880800508080600007871
:10E70000E8E8E868282828020202060203C0C003DD
:10E7100002020601FE20C003050506010440C040B8
:10E7200040E003050506010540A04000E0050505A1
:10E73000060000A0502850A0050A0A06000040C0AC
:10E7400048506050B0507810050A0A06000040C0DA
:10E7500048506050A8081038050A0A060000C0207A
:10E760004830E050B0507810050707060000200040
:10E770002020408870050A0A0600004020007088AA
:10E7800088F8888888050A0A06000010200070882A
:10E7900088F8888888050A0A0600002050007088DA
:10E7A00088F8888888050A0A06000068B000708822
:10E7B00088F8888888050909060000500070888854
:10E7C000F8888888050A0A0600002050207088888A
:10E7D000F888888805070706000078A0A0F0A0A0A8
:10E7E000B80509090600FE70888080808870106076
:10E7F000050A0A060000402000F88080F08080F8BA
:10E80000050A0A060000102000F88080F08080F8D9
:10E81000050A0A060000205000F88080F08080F889
:10E820000509090600005000F88080F08080F80398
:10E830000A0A060100804000E04040404040E003FA
:10E840000A0A060100204000E04040404040E0034A
:10E850000A0A06010040A000E04040404040E003BA
:10E860000909060100A000E04040404040E00507E3
:10E8700007060000704848E8484870050A0A060084
:10E880000068B0008888C8A8988888050A0A060029
:10E890000040200070888888888870050A0A060071
:10E8A0000010200070888888888870050A0A060091
:10E8B0000020500070888888888870050A0A060041
:10E8C0000068B0007088888888887005090906008B
:10E8D000005000708888888888700505050600014A
:10E8E00088502050880509090600FF087098A8A8DC
:10E8F000A8C87080050A0A060000402000888888A1
:10E9000088888870050A0A06000010200088888818
:10E9100088888870050A0A060000205000888888C8
:10E920008888887005090906000050008888888852
:10E93000888870050A0A0600001020008888502088
:10E9400020202004070706010080E0909090E080DE
:10E95000050707060000708890A09088B005080899
:10E960000600004020007008788878050808060036
:10E97000001020007008788878050808060000203C
:10E980005000700878887805080806000068B00014
:10E99000700878887805070706000050007008782E
:10E9A00088780508080600002050207008788878CC
:10E9B000050505060000702870A078050707060009
:10E9C000FE708880887010600508080600004020EE
:10E9D000007088F0807005080806000010200070A4
:10E9E00088F080700508080600002050007088F04C
:10E9F000807005070706000050007088F0807003E3
:10EA00000808060100804000C0404040E0030808BC
:10EA1000060100204000C0404040E0030808060115
:10EA20000040A000C0404040E0030707060100A0EE
:10EA300000C0404040E00509090600005020500891
:10EA4000788888887005080806000068B000B0C89B
:10EA5000888888050808060000402000708888889B
:10EA6000700508080600001020007088888870056E
:10EA70000808060000205000708888887005080883
:10EA800006000068B00070888888700507070600D7
:10EA90000050007088888870050505060001200078
:10EAA000F800200505050600007898A8C8F00508BC
:10EAB000080600004020008888888870050808063D
:10EAC000000010200088888888700508080600006B
:10EAD00020500088888888700507070600005000CD
:10EAE0008888888870050A0A0600FE102000888839
:10EAF00088502040800509090600FE8080F0888843
:10EB000088F080800509090600FE5000888888503A
:10EB1000204080000060001800000001E0001E009E
:10EB2000000007E0001F8000000FE0001FE0000071
:10EB30003FE0001FF00000FFC0000FFC0003FF00DB
:10EB40000003FF0007FC000000FF801FF80000002A
:10EB50007FE07FE00000001FF8FF8000000007FC5E
:10EB6000FE0000000001FCFC0000000000FCF800BA
:10EB7000000000007CF800000000007CF8030000AA
:10EB800003007CF803C0000F007CF803F0003F0096
:10EB90007CF803FC00FF007CF803FE01FF007CF81A
:10EBA00001FF03FE007CF800FF03FC007CF8003F3F
:10EBB00003F0007CF8001F03E0007CF8001F03E076
:10EBC000007CF8001F03E0007CF8001F03E0007CDD
:10EBD000F8001F03E0007CF8001F03E0007CF80051
:10EBE0001F03E0007CF8001F03E0007CF8001F0317
:10EBF000E0007CF8001F03E0007CF8001F03E00049
:10EC00007CF8001F03E0007CF8001F03E0007CF8A4
:10EC1000001F03E0007CF8003F03F0007CF800FFD9
:10EC200003FC007CF801FF03FE007CF803FE01FFFB
:10EC3000007CF803FC00FF007CF803F0003F007C40
:10EC4000F803C0000F007CF803000003007CF8000C
:10EC5000000000007CF800000000007CFC000000C8
:10EC60000000FCFE0000000001FCFF800000000727
:10EC7000FC7FE00000001FF81FF80000007FE007A5
:10EC8000FC000000FF8003FF000003FF0000FFC046
:10EC9000000FFC00003FE0001FF000001FE0001F1D
:10ECA000C0000007E0001F80000001E0001E00001F
:10ECB0000000600018000001FFFFFFFFFFFFFFFFE3
:10ECC000FFFFFFFFFF0FFFFFFFFFFFFFFFFFFFFF44
:10ECD000FFFFFF1E0000000000000000000007FF13
:10ECE000FF380000000000000000000003FFFF707C
:10ECF0000000000000000000000001FFFF600000B5
:10ED0000000000000000000000FFFF6000000000A5
:10ED1000000000000000007FFFC0000000000000B5
:10ED200000007800003FFFC00FC0FC0000000000A2
:10ED30007818001FFFC03FE1FF0000000000783C92
:10ED4000000FFFC07FF3FF8000000000783C000749
:10ED5000FFC0FFFFFFC000000000783C0003FFC1C0
:10ED6000F87F87E00000000078000001FFC1F03F5D
:10ED700003E00000000078000000FFC1E01E01E099
:10ED80001F0003E0783C03F07FC1E01E01E07FC07C
:10ED90000FF8783C07FC3FC1E01E01E1FFE01FFCDB
:10EDA000783C0FFE1FC1E01E01E3FFF03FFE783C00
:10EDB0001FFE0FC1E01E01E3F3F83F3E783C3F3FEA
:10EDC00007C1E01E01E7E0FC7C1F783C3E1F07C145
:10EDD000E01E01E7C07C7C0F783C3C0F03C1E01EC5
:10EDE00001E7807C780F783C3C0F03C1E01E01E70F
:10EDF000803C7800783C3C0F03C1E01E01E7803C7A
:10EE00007800783C3C0F03C1E01E01E7803C7800AD
:10EE1000783C3C0F03C1E01E01E7C03C7800783C21
:10EE20003C0F03C1E01E01E3E03C78007C3C3C0F5A
:10EE300003C1E01E01E3FF3FF8007FBC3C0F03C1AC
:10EE4000E01E01E1FF3FF8003FBFFC0F03C1E01EE1
:10EE500001E0FF3FF8001FBFFC0F03C1E01E01E00F
:10EE60007F3FF8000FBFFC0F0360000000000000B0
:10EE7000000000000000076000000000000000002B
:10EE8000000000000670000000000000000000000C
:10EE900000000E380000000000000000000000002C
:10EEA0001C1E000000000000000000000000780FA1
:10EEB000FFFFFFFFFFFFFFFFFFFFFFFFF001FFFF6F
:10EEC000FFFFFFFFFFFFFFFFFFFF805052494E543F
:10EED00045522048414C54454400506C656173656F
:10EEE00020526573657400456E636C6F737572654F
:10EEF00000426564000000000000F0420000F042A3
:10EF00000000C8410000A0404D6F76696E672E2E4C
:10EF10002E00486F6D696E672058595A003F004DAA
:10EF200034323800416D6178205800416D6178209D
:10EF30005900416D6178205A00416D61782045008B
:10EF400020082046616374004F6E00566D61782082
:10EF50005800566D6178205900566D6178205A002E
:10EF6000566D6178204500582053746570732F6D7D
:10EF70006D00592053746570732F6D6D005A2053C6
:10EF8000746570732F6D6D00452073746570732FF9
:10EF90006D6D004F6666004175746F74656D70002D
:10EFA000412D54726176656C0046696C616D656EC9
:10EFB000740056656C6F6369747900412D526574F5
:10EFC00072616374005654726176204D696E004917
:10EFD0006E697400496E697469616C697A6520456F
:10EFE0004550524F4D0054656D7065726174757275
:10EFF0006500416363656C65726174696F6E00538F
:10F00000746570732F6D6D0043616E63656C0043B2
:10F010006F6E66696775726174696F6E0046696CC0
:10F020002E204469612E004C6F6164206D6D005587
:10F030006E6C6F6164206D6D0053657420486F6D58
:10F0400065204F66667365747300416476616E6314
:10F0500065642053657474696E6773004A756E63E6
:10F0600074696F6E20446576004520696E206D6D71
:10F07000C2B300416363656C002008204D617800D5
:10F080002008204D696E00566D696E000000F04248
:10F090000000F0420000C8410000A040446F6E65CF
:10F0A000004E657874004E65787420506F696E74F8
:10F0B000002569202F202575004732392053310063
:10F0C0004F6E004D6F74696F6E004D6F7665205AFC
:10F0D000004F6666004C6576656C20426564004CA6
:10F0E0006F61642053657474696E67730042656470
:10F0F000204C6576656C696E670053746F7265208D
:10F1000053657474696E6773004C6576656C204353
:10F110006F726E6572730046616465204865696749
:10F120006874004C6576656C696E6720446F6E6527
:10F130002100436C69636B20746F20426567696EC0
:10F14000004E65787420506F696E740042656420CB
:10F150005A004E6F7A7A6C65004C434420436F6EC0
:10F1600074726173740046616E205370656564004B
:10F170004C6F61642053657474696E6773005374D7
:10F180006F72652053657474696E677300436F6EA8
:10F1900066696775726174696F6E00526573746F2A
:10F1A00072652044656661756C74730041647661B4
:10F1B0006E6365642053657474696E677300507282
:10F1C0006568656174202420436F6E660042656443
:10F1D000004D61696E004D373032203B2564004D93
:10F1E00036303020423020542564004D37303120F5
:10F1F000542564004D37303220542564004D36309C
:10F2000030204230004D373031004D373032000071
:10F21000FEF202089CF30208C2F30208507265680D
:10F220006561742024004C6F61642046696C616DD7
:10F23000656E74004368616E67652046696C616D38
:10F24000656E7400556E6C6F61642046696C616D0B
:10F25000656E7400507265686561742043757374DF
:10F260006F6D005061726B696E672E2E2E0000006C
:10F27000507265737320627574746F6E00746F20C2
:10F2800068656174206E6F7A7A6C650000576169F9
:10F290007420666F720066696C616D656E742063C0
:10F2A00068616E676500746F2073746172740057D3
:10F2B00061697420666F720066696C616D656E7459
:10F2C000206C6F616400005761697420666F720082
:10F2D00066696C616D656E7420707572676500009B
:10F2E000507265737320427574746F6E00746F2072
:10F2F000726573756D65207072696E7400004649A1
:10F300004C414D454E54204348414E474500496EBF
:10F31000736572742066696C616D656E7400616EF0
:10F320006420707265737320627574746F6E0074FC
:10F330006F20636F6E74696E75650020204E6F7A62
:10F340007A6C653A20005761697420666F7220708C
:10F3500072696E7400746F20726573756D652E2E00
:10F360002E00005761697420666F720066696C61D7
:10F370006D656E7420756E6C6F616400004E6F7AFF
:10F380007A6C652068656174696E6700506C6561B0
:10F39000736520776169742E2E2E00004C4F414416
:10F3A0002046494C414D454E54005052494E542040
:10F3B000504155534544005075726765206D6F721A
:10F3C0006500554E4C4F41442046494C414D454EF9
:10F3D0005400524553554D45204F5054494F4E53BC
:10F3E0003A00436F6E74696E7565004261636B002D
:10F3F0004D61696E004D6F74696F6E004E6F204DE8
:10F4000065646961005072696E742066726F6D2068
:10F410004D656469610053746F70205072696E7439
:10F420000053746F7000496E666F20536372656598
:10F430006E005061757365205072696E740054657A
:10F440006D7065726174757265004368616E6765A1
:10F45000204D6564696100526573756D6520507259
:10F46000696E7400436F6E66696775726174696F67
:10F470006E004368616E67652046696C616D656EFC
:10F4800074004261636B0054756E6500022E2E009D
:10F490005072696E742066726F6D204D656469618B
:10F4A000005374617274205072696E7400507269F6
:10F4B0006E740043616E63656C004D61696E004D52
:10F4C0006F74696F6E004578747275646572004D73
:10F4D0006F76652058004D6F76652059004D6F7628
:10F4E00065205A004D6F766520316D6D0041757451
:10F4F0006F20486F6D65004D6F766520302E316D41
:10F500006D004D6F76652031306D6D004D6F766505
:10F510002041786973004D6F76652025736D6D000D
:10F52000426564204C6576656C696E670050726F49
:10F530006365656400486F74656E6420746F6F2046
:10F54000636F6C640044697361626C652053746519
:10F550007070657273004261636B004D61696E008B
:10F560004E6F7A7A6C6500436F6F6C646F776E00D4
:10F5700046616E2053706565640050726568656110
:10F580007420240054656D70657261747572650035
:10F5900050726568656174202420456E6400507265
:10F5A00065686561742024204265640042656400DA
:10F5B0004D61696E004E6F7A7A6C650046616E200F
:10F5C0005370656564004261627973746570205A96
:10F5D0000042656400466C6F77004D61696E0042C1
:10F5E0006564205A0053706565640025733A2025D0
:10F5F00073004D32350000000000F0420000F04280
:10F600000000C8410000A04050617573696E672E0C
:10F610002E2E00417274696C6C65727920486F728D
:10F620006E65742052656164792E005072696E7443
:10F63000696E672E2E2E005072696E7420506175AF
:10F64000736564004D656469612052656D6F766510
:10F6500064005072696E742041626F727465640058
:10F660004D6564696120496E73657274656400005C
:10F6700078F602087CF60208504C41005045544789
:10F6800000545249474745524544006F70656E002B
:10F690005265706F7274696E6720656E6473746F03
:10F6A00070207374617475730A000000785F6D6177
:10F6B00078000000795F6D696E0000007A5F6D6907
:10F6C0006E00656E6473746F7073206869743A209D
:10F6D0000020593A00205A3A00257320256320253E
:10F6E0006320256320256300456E6473746F707317
:10F6F00000486F6D696E67204661696C6564002023
:10F70000636F6C6420657874727573696F6E2070B6
:10F71000726576656E7465640A0020746F6F206C84
:10F720006F6E6720657874727573696F6E20707282
:10F730006576656E7465640A005761726E696E67FE
:10F740003A20486F6D696E672042756D702044697C
:10F750007669736F72203C20310A00000000A040DF
:10F760000000A0400000004000005C4300005C433B
:10F7700000007A4300005C4300005C4300007A43D1
:10F78000000000000000000000000000486F6D65F0
:10F790002025732573257320466972737400020255
:10F7A000040000000000A0420000A0420000A041B0
:10F7B000DB0FC93F45BCDA3F8FB30240FCF0274066
:10F7C00056946140FE4B9B4084A5D840E0231841ED
:10F7D000346A5641E859974164DBD5416E27174298
:10F7E000B4B75542CE1A9742C8AED542B5885A43EF
:10F7F000D40684BFA65FA7BF7443E0BF10B11AC090
:10F800001C2C58C0E8F697C0B849D6C04E4E17C158
:10F8100024D355C1802497C1A0B5D5C1121A17C2EF
:10F8200044AE55C2781797C26CACD5C267885AC32C
:10F83000454550524F4D206461746173697A65206B
:10F840006572726F722E0A004E6F20454550524FFE
:10F850004D2E0A0053657474696E67732053746F7C
:10F860007265642028002062797465733B2063729E
:10F8700063200048617264636F6465642044656658
:10F8800061756C742053657474696E6773204C6F76
:10F89000616465640A003B2000202047323120204B
:10F8A00020203B20556E69747320696E206D6D00B9
:10F8B00020286D6D290020204D3134392043203B14
:10F8C00020556E69747320696E2043656C73697589
:10F8D000730A0046696C616D656E7420736574749B
:10F8E000696E67733A002044697361626C65640AEB
:10F8F0000020204D323030205300204400537465E6
:10F9000070732070657220756E69743A004D61786D
:10F91000696D756D20666565647261746573202814
:10F92000756E6974732F73293A0020204D3230337D
:10F930002058004D6178696D756D20416363656C79
:10F9400065726174696F6E2028756E6974732F73A8
:10F9500032293A0020204D32303120580041636373
:10F96000656C65726174696F6E2028756E69747359
:10F970002F7332293A20503C7072696E745F616354
:10F9800063656C3E20523C726574726163745F61A2
:10F990006363656C3E20543C74726176656C5F6194
:10F9A0006363656C3E0020204D32303420500041AE
:10F9B0006476616E6365643A20423C6D696E5F7384
:10F9C00065676D656E745F74696D655F75733E2004
:10F9D000533C6D696E5F66656564726174653E2057
:10F9E000543C6D696E5F74726176656C5F666565C7
:10F9F00064726174653E204A3C6A756E635F64653B
:10FA0000763E0020204D323035204200204A00480A
:10FA10006F6D65206F66667365743A0020204D3205
:10FA200030362058004D65736820426564204C656F
:10FA300076656C696E673A0020204D343230205371
:10FA400000202047323920533320490020204732FC
:10FA500039205334205A004D6174657269616C20FD
:10FA600068656174757020706172616D657465722E
:10FA7000733A0020204D31343520530020480020B7
:10FA800046005049442073657474696E67733A0088
:10FA900020204D33303120500020204D3330342091
:10FAA00050004C434420436F6E74726173743A008B
:10FAB00020204D32353020430046696C616D656E03
:10FAC00074206C6F61642F756E6C6F6164206C655F
:10FAD0006E677468733A0020204D36303320002062
:10FAE0005500454550524F4D2076657273696F6ED3
:10FAF000206D69736D617463682028454550524FCD
:10FB00004D3D00204D61726C696E3D563832290AB8
:10FB10000044494749504F5453204C6F6164696E0B
:10FB2000670A0044494749504F5453204C6F616461
:10FB300065640A00496E6465783A20002053697A4A
:10FB4000653A2000454550524F4D20435243206DA9
:10FB500069736D61746368202D202873746F7265FA
:10FB60006429200020213D2000202863616C6375FA
:10FB70006C6174656429210A002073746F72656476
:10FB80002073657474696E67732072657472696539
:10FB9000766564202800454550524F4D20496E69D6
:10FBA0007469616C697A65640A00FF003C000100B9
:10FBB000D0070000D00700006400000010270000FC
:10FBC0000000964300009643000020420000484297
:10FBD000F43DA042F43DA0420000C8430080DE4353
:10FBE0005638320053657474696E67732053746FAE
:10FBF0007265640020436F756E7420583A00453179
:10FC000000202D20496E76616C69642065787472DD
:10FC100075646572206E756D62657220210A0045FB
:10FC2000202573002C2073797374656D2073746FB5
:10FC30007070656421204865617465725F49443A5B
:10FC40002000626564004D415854454D5020747247
:10FC500069676765726564004D494E54454D502093
:10FC600074726967676572656400202F0020403AEE
:10FC7000002042403A00504944204175746F747529
:10FC80006E65206661696C6564212054656D7065E0
:10FC900072617475726520746F6F20686967680A95
:10FCA00000504944204175746F74756E65207374FB
:10FCB0006172740A0020626961733A200020643A1C
:10FCC0002000206D696E3A2000206D61783A200096
:10FCD000204B753A20002054753A20000A204E6FC0
:10FCE000206F76657273686F6F740A00204B703AEC
:10FCF0002000204B693A2000204B643A20000A2063
:10FD0000436C617373696320504944200A00504971
:10FD100044204175746F74756E65206661696C6509
:10FD200064212074696D656F75740A005049442020
:10FD30004175746F74756E652066696E6973686568
:10FD400064212050757420746865206C6173742080
:10FD50004B702C204B6920616E64204B6420636FD4
:10FD60006E7374616E74732066726F6D2062656C61
:10FD70006F7720696E746F20436F6E666967757266
:10FD80006174696F6E2E680A0023646566696E652A
:10FD90002044454641554C545F004B7020004B6950
:10FDA00020004B64200020573A0070012C01900184
:10FDB0002701B0012201C0011D01F001180110024C
:10FDC000130130020E016002090190020401C00219
:10FDD000FF000003FA004003F5008003F000D003A9
:10FDE000EB002004E6007004E100E004DC004005C4
:10FDF000D700C005D2004006CD00D006C80080075D
:10FE0000C3003008BE00F008B900C009B400B00A51
:10FE1000AF00B00BAA00D00CA500000EA000500F40
:10FE20009B00C01096005012910000148C00C01569
:10FE30008700B0178200B0197D00D01B7800001E2B
:10FE4000730040206E0090226900F0246400402777
:10FE50005F0090295A00E02B5500102E50002030F2
:10FE60004B0010324600E033410090353C00103723
:10FE7000370070383200A0392D00B03A2800A03B7E
:10FE80002300603C1E00103D1900903D1400103E00
:10FE90000F00703E0A00C03E0500003F0000403FDA
:10FEA000FBFF803FF6FFC03FF1FF00004865617433
:10FEB000696E67206661696C656400546865726D7F
:10FEC000616C2052756E6177617900436F6F6C6968
:10FED0006E672E2E2E0048656174696E672E2E2E79
:10FEE000004572723A204D415854454D50004572BC
:10FEF000723A204D494E54454D5000544845524D9C
:10FF0000414C2052554E415741590000486561749B
:10FF1000696E67204661696C656400426564000033
:10FF200013010009121B242D363F48415A536C65BA
:10FF30007E7719100B023D342F265158434A757CA9
:10FF4000676E323B2029161F040D7A7368615E5775
:10FF50004C452B2239300F061D14636A7178474EC9
:10FF6000555C646D767F4049525B2C253E37080115
:10FF70001A137D746F6659504B42353C272E111869
:10FF8000030A565F444D727B60691E170C053A33B5
:10FF900028214F465D546B627970070E151C232A89
:10FFA00031384148535A656C777E09001B122D2465
:10FFB0003F3658514A437C756E671019020B343D29
:10FFC000262F737A6168575E454C3B3229201F16F5
:10FFD0000D046A6378714E475C55222B3039060F49
:10FFE000141D252C373E0108131A6D647F76494095
:10FFF0005B523C352E2718110A03747D666F5059E9
:020000040803EF
:10000000424B171E050C333A21285F564D447B7234
:1000100069600E071C152A233831464F545D626B08
:10002000707900002110422063308440A550C660E2
:10003000E770088129914AA16BB18CC1ADD1CEE1A5
:10004000EFF13112100273325222B5529442F7721C
:10005000D662399318837BB35AA3BDD39CC3FFF3F5
:10006000DEE36224433420040114E664C774A4442C
:1000700085546AA54BB528850995EEE5CFF5ACC545
:100080008DD55336722611163006D776F6669556FC
:10009000B4465BB77AA719973887DFF7FEE79DD795
:1000A000BCC7C448E5588668A7784008611802288C
:1000B0002338CCC9EDD98EE9AFF9488969990AA9E5
:1000C0002BB9F55AD44AB77A966A711A500A333A5C
:1000D000122AFDDBDCCBBFFB9EEB799B588B3BBB35
:1000E0001AABA66C877CE44CC55C222C033C600CEC
:1000F000411CAEED8FFDECCDCDDD2AAD0BBD688D85
:10010000499D977EB66ED55EF44E133E322E511E3B
:10011000700E9FFFBEEFDDDFFCCF1BBF3AAF599FD4
:10012000788F8891A981CAB1EBA10CD12DC14EF174
:100130006FE18010A100C230E320045025404670DA
:100140006760B9839893FBA3DAB33DC31CD37FE305
:100150005EF3B1029012F322D2323542145277622A
:100160005672EAB5CBA5A89589856EF54FE52CD5D5
:100170000DC5E234C324A01481046674476424547A
:100180000544DBA7FAB79987B8975FE77EF71DC7E5
:100190003CD7D326F2369106B016576676761546CA
:1001A00034564CD96DC90EF92FE9C899E9898AB935
:1001B000ABA94458654806782768C018E10882381A
:1001C000A3287DCB5CDB3FEB1EFBF98BD89BBBAB45
:1001D0009ABB754A545A376A167AF10AD01AB32A6A
:1001E000923A2EFD0FED6CDD4DCDAABD8BADE89D95
:1001F000C98D267C076C645C454CA23C832CE01CBA
:10020000C10C1FEF3EFF5DCF7CDF9BAFBABFD98F24
:10021000F89F176E367E554E745E932EB23ED10E09
:10022000F01E7C3C3E5E2B3D3F2F5B5D3B2C2A222B
:100230005C006F70656E206661696C65642C204699
:10024000696C653A20006572726F7220777269740A
:10025000696E6720746F2066696C650A004E6F20B6
:10026000534420636172640A00766F6C756D652E6D
:10027000696E6974206661696C65640A006F7065F7
:100280006E526F6F74206661696C65640A00534436
:100290002063617264206F6B0A006175746F25635F
:1002A0002E670043616E6E6F74206F70656E2073F1
:1002B00075626469722000286E6F2066696C65291A
:1002C00000646F696E67006672657368004E6F77D1
:1002D00020004578636565646564206D617820530E
:1002E0005542524F5554494E452064657074683AE2
:1002F000310A00535542524F5554494E452043410F
:100300004C4C207461726765743A2200222070613F
:1003100072656E743A22002220706F7300454E445D
:1003200020535542524F5554494E450A0046696C78
:1003300065206F70656E65643A200046696C6520C3
:1003400073656C65637465640A0057726974696EDD
:100350006720746F2066696C653A200046696C6599
:100360002064656C657465643A0044656C65746905
:100370006F6E206661696C65642C2046696C653A15
:1003800020005344207072696E74696E6720627930
:10039000746520004E6F74205344207072696E742F
:1003A000696E670A0043616E6E6F7420656E7465D6
:1003B00072207375626469723A2000534420496E5A
:1003C0006974204661696C0053756263616C6C20CE
:1003D0004F766572666C6F77000100FF00000100C8
:1003E000FF0000007371727466000000DB0F49BFEC
:1003F000E4CB1640E4CB16C000000080DB0F494080
:10040000DB0F49C0000FC93F000F494000CB9640A9
:10041000000FC9400053FB4000CB164100ED2F41B7
:10042000000F49410031624100537B41003A8A414B
:1004300000CB9641005CA34100EDAF41007EBC4182
:10044000000FC94100A0D5410031E24100C2EE4198
:100450000053FB4100F20342003A0A42008310427B
:1004600000CB164200141D42005C234200A5294225
:1004700000ED2F4200363642007E3C4200C7424229
:10048000000F4942A2000000F900000083000000B4
:100490006E0000004E000000440000001500000047
:1004A00029000000FC0000002700000057000000A9
:1004B000D1000000F500000034000000DD00000065
:1004C000C0000000DB00000062000000950000009A
:1004D000990000003C000000430000009000000074
:1004E00041000000FE000000510000006300000019
:1004F000AB000000DE000000BB000000C5000000F3
:1005000061000000B7000000240000006E00000041
:100510003A000000420000004D000000D200000040
:10052000E000000006000000490000002E0000006E
:10053000EA00000009000000D10000009200000065
:100540001C000000FE0000001D000000EB00000089
:100550001C000000B100000029000000A7000000FE
:100560003E000000E80000008200000035000000AE
:10057000F50000002E000000BB0000004400000059
:1005800084000000E90000009C00000070000000F2
:1005900026000000B40000005F0000007E000000A4
:1005A000410000003900000091000000D60000006A
:1005B00039000000830000005300000039000000F3
:1005C000F40000009C000000840000005F000000B8
:1005D0008B000000BD000000F900000028000000B2
:1005E0003B0000001F000000F80000009700000022
:1005F000FF000000DE000000050000009800000081
:100600000F000000EF0000002F00000011000000AC
:100610008B0000005A0000000A0000006D0000007E
:100620001F0000006D000000360000007E0000008A
:10063000CF00000027000000CB00000009000000F0
:10064000B70000004F000000460000003F0000001F
:10065000660000009E0000005F000000EA0000004D
:100660002D0000007500000027000000BA00000007
:10067000C7000000EB000000E5000000F1000000F2
:100680007B0000003D000000070000003900000072
:10069000F70000008A0000005200000092000000F5
:1006A000EA0000006B000000FB0000005F0000009B
:1006B000B10000001F0000008D0000005D00000080
:1006C0000800000056000000030000003000000099
:1006D00046000000FC0000007B0000006B000000F2
:1006E000AB000000F0000000CF000000BC000000E4
:1006F000200000009A000000F40000003600000016
:100700001D000000A9000000E300000091000000AF
:10071000610000005E000000E60000001B00000019
:10072000080000006500000099000000850000003E
:100730005F00000014000000A0000000680000003E
:10074000400000008D000000FF000000D800000005
:10075000800000004D000000730000002700000032
:100760003100000006000000060000001500000037
:1007700056000000CA00000073000000A80000003E
:10078000C900000060000000E20000007B000000E3
:10079000C00000008C0000006B0000000000C93F9A
:1007A0000000F0390000DA370000A2330000842E88
:1007B0000000502B0000C2270000D0220000C41F00
:1007C0000000C61B000044170400000007000000E2
:1007D000090000003863ED3EDA0F493F5E987B3F29
:1007E000DA0FC93F6937AC3168212233B40F1433B3
:1007F0006821A233696E6974790000003500000039
:10080000CEFBFFFFCB030000010000000000000052
:1008100034000000CEFBFFFFCB030000010000000E
:100820000000000000000000BC89D897B2D29C3CB8
:1008300033A7A8D523F649393DA7F444FD0FA532C7
:100840009D978CCF08BA5B25436FAC64280668116E
:100850000020202020202020202028282828282090
:100860002020202020202020202020202020202088
:1008700020881010101010101010101010101010F0
:1008800010040404040404040404041010101010E0
:1008900010104141414141410101010101010101AA
:1008A00001010101010101010101010110101010FC
:1008B000101042424242424202020202020202027C
:1008C00002020202020202020202020210101010D0
:1008D00020000000000000000000000000000000F8
:1008E0000000000000000000000000000000000008
:1008F00000000000000000000000000000000000F8
:1009000000000000000000000000000000000000E7
:1009100000000000000000000000000000000000D7
:1009200000000000000000000000000000000000C7
:1009300000000000000000000000000000000000B7
:1009400000000000000000000000000000000000A7
:100950000000000000000000000000000000000097
:100960000000000000000000000000000000000087
:100970000000000000000000000000000000000077
:100980000000000000000000000000000000000067
:100990000000000000000000000000000000000057
:1009A0000000000000000000000000000000000047
:1009B000000000008EF40208FCD102082C03002085
:1009C000504F5349580000000080E03779C341433D
:1009D000176E05B5B5B89346F5F93FE9034F384DA5
:1009E000321D30F94877825A3CBF737FDD4F157551
:1009F000000000000000F03F000000000000244064
:100A000000000000000059400000000000408F403E
:100A1000000000000088C34000000000006AF840A9
:100A20000000000080842E4100000000D0126341CD
:100A30000000000084D797410000000065CDCD4143
:100A4000000000205FA00242000000E87648374224
:100A5000000000A2941A6D42000040E59C30A242C2
:100A60000000901EC4BCD64200003426F56B0C4337
:100A70000080E03779C3414300A0D88557347643DE
:100A800000C84E676DC1AB43003D9160E458E1433F
:100A9000408CB5781DAF154450EFE2D6E41A4B44B4
:100AA00092D54D06CFF08044F64AE1C7022DB544F9
:100AB000B49DD9794378EA4405000000190000008C
:100AC0007D000000232D302B2000686C4C006566F3
:100AD000674546470030313233343536373839418F
:100AE00042434445460030313233343536373839A5
:080AF0006162636465660000A9
:080AF8004480FF7F01000000B3
:100B00002B9E0008158B0008B18E0008999C0008E8
:100B10009DE9000859F80008FDFE0008310C0108A5
:100B2000590D0108CD530108D5750108BDDC010838
:100B3000A1DD0108C1100208C9400208256F0208A2
:080B40001D7B02082D81020853
:0C0B4800F18A000825EA0008716F02081D
:100B540071A400082FA4000879A300080000000075
:100B64009FA2000827A30008F9A2000800000000C3
:100B74000000000000000000D5A20008C9A200087F
:100B8400E1A20008EDA2000809024300020100C02E
:100B940032090400000102020000052400100105CE
:100BA4002401000104240202052406000107058330
:100BB4000308001009040100020A000000070501EF
:100BC40002400000070582024000000009024300C1
:100BD400020100C0320904000001020200000524E1
:100BE400001001052401000104240202052406006A
:100BF400010705830308001009040100020A00002C
:100C0400000705010200020007058202000200003D
:100C14000A0600020000004001000000090743002A
:100C2400020104C03209040000010202000005248C
:100C34000010010524010001042402020524060019
:100C4400010705830308001009040100020A0000DB
:100C54000007050102400000070582024000000071
:100C6400BDA50008B7A50008F5A50008A5A70008BC
:100C74004DA7000800C201000000080001000000A8
:100C840012010002020200408304405700000102E6
:100C94000301000071B200087DB20008F5B200083B
:100CA40011B30008B5B2000835B3000851B3000809
:100CB400040309041A0300000000000000000000FF
:100CC4000000000000000000000000000000000020
:100CD4000A000000080000000A000000E803000009
:100CE40008000000010000001000000000000240A5
:100CF4000004024000080240000C024000100240C0
:100D0400001C0240FFFF00000024F400000000006B
:100D140000000000000000000000000000000000CF
:100D240000000000000000000000000000000000BF
:100D340000000000000000000000000000000000AF
:100D4400000000000000000000000000000000009F
:100D5400000000000000000000000000000300008C
:100D6400000000000000000000000000000000007F
:100D74001067002001010000FFFFFFFFC0D4010045
:100D840002FFFF00656A0108400200202980020872
:100D940010400000008000003C4C0020FF000000D8
:100DA4000000803FFF03010037F6020800005C43A7
:100DB4000000000000000000000000000000C84126
:100DC40064000000010000000000000000000000BA
:100DD4000000000000005C4300005C4300007A4314
:100DE4000000803F00007A4300005243CDCCCC3D4C
:100DF4006400000024F019400000803FFFFFFFFF63
:100E0400FF3F00000000FF3FFF3FAA0001FF060470
:100E140001020201C8020020000000007409030856
:100E240094090308540903080000000000000000AE
:100E340000000000000000000000000000000000AE
:100E4400000000000000000000000000000000009E
:100E5400000000000000000000000000000000008E
:100E6400000000000000000000000000000000007E
:100E7400000000000000000004670020FF000000E4
:100E8400430000000000000000000000000000001B
:100E9400000000000000000000000000000000004E
:100EA40043000000000000000000000000000000FB
:100EB400000000000000000000000000000000002E
:100EC40043000000000000000000000000000000DB
:100ED400000000000000000000000000000000000E
:100EE40043000000000000000000000000000000BB
:100EF40000000000000000000000000000000000EE
:100F0400430000000000000000000000000000009A
:100F140000000000000000000000000000000000CD
:100F2400430000000000000000000000000000007A
:100F340000000000000000000000000000000000AD
:100F4400430000000000000000000000000000005A
:100F5400000000000000000000000000000000008D
:100F64009DCA02087BBB0208000000005008030869
:100F74008EF40208FCD10208FCD10208FCD102085C
:100F8400FCD10208FCD10208FCD10208FCD1020801
:100F9400FCD10208FCD10208FFFFFFFFFFFFFFFFA7
:100FA400FFFFFFFFFFFF00000100415343494900D9
:100FB400000000000000000000000000000000002D
:100FC40000000000000000000000415343494900B4
:100FD400000000000000000000000000000000000D
:0C0FE40000000000000000000000000001
:040000050800019559
:00000001FF
